POAM ID,Controls,Weakness Name,Weakness Description,Weakness Detector Source,Weakness Source Identifier,Asset Identifier,Point of Contact,Resources Required,Overall Remediation Plan,Original Detection Date,Scheduled Completion Date,Status Date,Vendor Dependency,Last Vendor Check-in Date,Vendor Dependent Product Name,Original Risk Rating,Adjusted Risk Rating,Risk Adjustment,False Positive,Operational Requirement,Deviation Rationale,Supporting Documents,Comments,Binding Operational Directive 22-01 tracking,Binding Operational Directive 22-01 Due Date,CVE,Framework Tags
EGP-6B657A12C0,"SI-2, RA-5",crypto/tls: crypto/tls: Incorrect certificate validation during TLS session resumption,"During session resumption in crypto/tls, if the underlying Config has its ClientCAs or RootCAs fields mutated between the initial handshake and the resumed handshake, the resumed handshake may succeed when it should have failed. This may happen when a user calls Config.Clone and mutates the returned Config, or uses Config.GetConfigForClient. This can cause a client to resume a session with a server that it would not have resumed with during the initial handshake, or cause a server to resume a session with a client that it would not have resumed with during the initial handshake.",vuln-scan,cve:CVE-2025-68121,usr/local/bin/gosu,,,"Upgrade stdlib to a release that remediates CVE-2025-68121. This is a vulnerability finding, not a config-drift playbook.",2026-09-27,,2026-09-27,No,,,Critical,,,,,,,"Scanner rating Critical. This CSV writes Critical on Original Risk Rating. FedRAMP template col M has no Critical branch (treats Critical as High +30).
default, not verified",,,CVE-2025-68121,"cpg_2_B,csf_PR_PS_02,nist80053_SI-2,nist80053_RA-5,cis_7_3,cis_7_4,cis_7_7"
EGP-12197B98DE,"SI-2, RA-5",crypto/tls: crypto/tls: Incorrect certificate validation during TLS session resumption,"During session resumption in crypto/tls, if the underlying Config has its ClientCAs or RootCAs fields mutated between the initial handshake and the resumed handshake, the resumed handshake may succeed when it should have failed. This may happen when a user calls Config.Clone and mutates the returned Config, or uses Config.GetConfigForClient. This can cause a client to resume a session with a server that it would not have resumed with during the initial handshake, or cause a server to resume a session with a client that it would not have resumed with during the initial handshake.",vuln-scan,cve:CVE-2025-68121,usr/local/go/pkg/tool/linux_amd64/vet,,,"Upgrade stdlib to a release that remediates CVE-2025-68121. This is a vulnerability finding, not a config-drift playbook.",2026-09-27,,2026-09-27,No,,,Critical,,,,,,,"Scanner rating Critical. This CSV writes Critical on Original Risk Rating. FedRAMP template col M has no Critical branch (treats Critical as High +30).
default, not verified",,,CVE-2025-68121,"cpg_2_B,csf_PR_PS_02,nist80053_SI-2,nist80053_RA-5,cis_7_3,cis_7_4,cis_7_7"
EGP-EF75512F65,"SI-2, RA-5",crypto/tls: crypto/tls: Incorrect certificate validation during TLS session resumption,"During session resumption in crypto/tls, if the underlying Config has its ClientCAs or RootCAs fields mutated between the initial handshake and the resumed handshake, the resumed handshake may succeed when it should have failed. This may happen when a user calls Config.Clone and mutates the returned Config, or uses Config.GetConfigForClient. This can cause a client to resume a session with a server that it would not have resumed with during the initial handshake, or cause a server to resume a session with a client that it would not have resumed with during the initial handshake.",vuln-scan,cve:CVE-2025-68121,whoami,,,"Upgrade stdlib to a release that remediates CVE-2025-68121. This is a vulnerability finding, not a config-drift playbook.",2026-09-27,,2026-09-27,No,,,Critical,,,,,,,"Scanner rating Critical. This CSV writes Critical on Original Risk Rating. FedRAMP template col M has no Critical branch (treats Critical as High +30).
default, not verified",,,CVE-2025-68121,"cpg_2_B,csf_PR_PS_02,nist80053_SI-2,nist80053_RA-5,cis_7_3,cis_7_4,cis_7_7"
EGP-70DCB60815,"SI-2, RA-5",expat: Expat: Denial of Service vulnerability in XML parsing,build_model in xmlparse.c in Expat (aka libexpat) before 2.4.3 has an integer overflow.,vuln-scan,cve:CVE-2022-22823,dperson/samba:latest (alpine 3.12.0),,,"Upgrade expat to a release that remediates CVE-2022-22823. This is a vulnerability finding, not a config-drift playbook.",2026-09-27,,2026-09-27,No,,,Critical,,,,,,,"Scanner rating Critical. This CSV writes Critical on Original Risk Rating. FedRAMP template col M has no Critical branch (treats Critical as High +30).
default, not verified",,,CVE-2022-22823,"cpg_2_B,csf_PR_PS_02,nist80053_SI-2,nist80053_RA-5,cis_7_3,cis_7_4,cis_7_7"
EGP-B94299CFF2,"SI-2, RA-5",expat: Expat: Denial of service and memory issues due to integer overflow,defineAttribute in xmlparse.c in Expat (aka libexpat) before 2.4.3 has an integer overflow.,vuln-scan,cve:CVE-2022-22824,dperson/samba:latest (alpine 3.12.0),,,"Upgrade expat to a release that remediates CVE-2022-22824. This is a vulnerability finding, not a config-drift playbook.",2026-09-27,,2026-09-27,No,,,Critical,,,,,,,"Scanner rating Critical. This CSV writes Critical on Original Risk Rating. FedRAMP template col M has no Critical branch (treats Critical as High +30).
default, not verified",,,CVE-2022-22824,"cpg_2_B,csf_PR_PS_02,nist80053_SI-2,nist80053_RA-5,cis_7_3,cis_7_4,cis_7_7"
EGP-C24A3318C2,"SI-2, RA-5",expat: Integer overflow in addBinding in xmlparse.c,addBinding in xmlparse.c in Expat (aka libexpat) before 2.4.3 has an integer overflow.,vuln-scan,cve:CVE-2022-22822,dperson/samba:latest (alpine 3.12.0),,,"Upgrade expat to a release that remediates CVE-2022-22822. This is a vulnerability finding, not a config-drift playbook.",2026-09-27,,2026-09-27,No,,,Critical,,,,,,,"Scanner rating Critical. This CSV writes Critical on Original Risk Rating. FedRAMP template col M has no Critical branch (treats Critical as High +30).
default, not verified",,,CVE-2022-22822,"cpg_2_B,csf_PR_PS_02,nist80053_SI-2,nist80053_RA-5,cis_7_3,cis_7_4,cis_7_7"
EGP-208407A394,"SI-2, RA-5",expat: Integer overflow in function XML_GetBuffer,"Expat (aka libexpat) before 2.4.4 has a signed integer overflow in XML_GetBuffer, for configurations with a nonzero XML_CONTEXT_BYTES.",vuln-scan,cve:CVE-2022-23852,dperson/samba:latest (alpine 3.12.0),,,"Upgrade expat to a release that remediates CVE-2022-23852. This is a vulnerability finding, not a config-drift playbook.",2026-09-27,,2026-09-27,No,,,Critical,,,,,,,"Scanner rating Critical. This CSV writes Critical on Original Risk Rating. FedRAMP template col M has no Critical branch (treats Critical as High +30).
default, not verified",,,CVE-2022-23852,"cpg_2_B,csf_PR_PS_02,nist80053_SI-2,nist80053_RA-5,cis_7_3,cis_7_4,cis_7_7"
EGP-A74593ED25,"SI-2, RA-5",expat: Integer overflow in storeRawNames(),"In Expat (aka libexpat) before 2.4.5, there is an integer overflow in storeRawNames.",vuln-scan,cve:CVE-2022-25315,dperson/samba:latest (alpine 3.12.0),,,"Upgrade expat to a release that remediates CVE-2022-25315. This is a vulnerability finding, not a config-drift playbook.",2026-09-27,,2026-09-27,No,,,Critical,,,,,,,"Scanner rating Critical. This CSV writes Critical on Original Risk Rating. FedRAMP template col M has no Critical branch (treats Critical as High +30).
default, not verified",,,CVE-2022-25315,"cpg_2_B,csf_PR_PS_02,nist80053_SI-2,nist80053_RA-5,cis_7_3,cis_7_4,cis_7_7"
EGP-804FE8945A,"SI-2, RA-5",expat: Malformed 2- and 3-byte UTF-8 sequences can lead to arbitrary code execution,"xmltok_impl.c in Expat (aka libexpat) before 2.4.5 lacks certain validation of encoding, such as checks for whether a UTF-8 character is valid in a certain context.",vuln-scan,cve:CVE-2022-25235,dperson/samba:latest (alpine 3.12.0),,,"Upgrade expat to a release that remediates CVE-2022-25235. This is a vulnerability finding, not a config-drift playbook.",2026-09-27,,2026-09-27,No,,,Critical,,,,,,,"Scanner rating Critical. This CSV writes Critical on Original Risk Rating. FedRAMP template col M has no Critical branch (treats Critical as High +30).
default, not verified",,,CVE-2022-25235,"cpg_2_B,csf_PR_PS_02,nist80053_SI-2,nist80053_RA-5,cis_7_3,cis_7_4,cis_7_7"
EGP-D5A82E2A1C,"SI-2, RA-5","expat: Namespace-separator characters in ""xmlns[:prefix]"" attribute values can lead to arbitrary code execution",xmlparse.c in Expat (aka libexpat) before 2.4.5 allows attackers to insert namespace-separator characters into namespace URIs.,vuln-scan,cve:CVE-2022-25236,dperson/samba:latest (alpine 3.12.0),,,"Upgrade expat to a release that remediates CVE-2022-25236. This is a vulnerability finding, not a config-drift playbook.",2026-09-27,,2026-09-27,No,,,Critical,,,,,,,"Scanner rating Critical. This CSV writes Critical on Original Risk Rating. FedRAMP template col M has no Critical branch (treats Critical as High +30).
default, not verified",,,CVE-2022-25236,"cpg_2_B,csf_PR_PS_02,nist80053_SI-2,nist80053_RA-5,cis_7_3,cis_7_4,cis_7_7"
EGP-F178760B58,"SI-2, RA-5",gnutls: Use after free in client key_share extension,A flaw was found in gnutls. A use after free issue in client sending key_share extension may lead to memory corruption and other consequences.,vuln-scan,cve:CVE-2021-20231,dperson/samba:latest (alpine 3.12.0),,,"Upgrade gnutls to a release that remediates CVE-2021-20231. This is a vulnerability finding, not a config-drift playbook.",2026-09-27,,2026-09-27,No,,,Critical,,,,,,,"Scanner rating Critical. This CSV writes Critical on Original Risk Rating. FedRAMP template col M has no Critical branch (treats Critical as High +30).
default, not verified",,,CVE-2021-20231,"cpg_2_B,csf_PR_PS_02,nist80053_SI-2,nist80053_RA-5,cis_7_3,cis_7_4,cis_7_7"
EGP-202AF6B99B,"SI-2, RA-5",gnutls: Use after free in client_send_params in lib/ext/pre_shared_key.c,A flaw was found in gnutls. A use after free issue in client_send_params in lib/ext/pre_shared_key.c may lead to memory corruption and other potential consequences.,vuln-scan,cve:CVE-2021-20232,dperson/samba:latest (alpine 3.12.0),,,"Upgrade gnutls to a release that remediates CVE-2021-20232. This is a vulnerability finding, not a config-drift playbook.",2026-09-27,,2026-09-27,No,,,Critical,,,,,,,"Scanner rating Critical. This CSV writes Critical on Original Risk Rating. FedRAMP template col M has no Critical branch (treats Critical as High +30).
default, not verified",,,CVE-2021-20232,"cpg_2_B,csf_PR_PS_02,nist80053_SI-2,nist80053_RA-5,cis_7_3,cis_7_4,cis_7_7"
EGP-1E37C670FC,"SI-2, RA-5",golang: crypto/elliptic: IsOnCurve returns true for invalid field elements,Curve.IsOnCurve in crypto/elliptic in Go before 1.16.14 and 1.17.x before 1.17.7 can incorrectly return true in situations with a big.Int value that is not a valid field element.,vuln-scan,cve:CVE-2022-23806,usr/local/go/pkg/tool/linux_amd64/vet,,,"Upgrade stdlib to a release that remediates CVE-2022-23806. This is a vulnerability finding, not a config-drift playbook.",2026-09-27,,2026-09-27,No,,,Critical,,,,,,,"Scanner rating Critical. This CSV writes Critical on Original Risk Rating. FedRAMP template col M has no Critical branch (treats Critical as High +30).
default, not verified",,,CVE-2022-23806,"cpg_2_B,csf_PR_PS_02,nist80053_SI-2,nist80053_RA-5,cis_7_3,cis_7_4,cis_7_7"
EGP-3FE274DD04,"SI-2, RA-5",golang: html/template: backticks not treated as string delimiters,"Templates do not properly consider backticks (`) as Javascript string delimiters, and do not escape them as expected. Backticks are used, since ES6, for JS template literals. If a template contains a Go template action within a Javascript template literal, the contents of the action can be used to terminate the literal, injecting arbitrary Javascript code into the Go template. As ES6 template literals are rather complex, and themselves can do string interpolation, the decision was made to simply disallow Go template actions from being used inside of them (e.g. ""var a = {{.}}""), since there is no obviously safe way to allow this behavior. This takes the same approach as github.com/google/safehtml. With fix, Template.Parse returns an Error when it encounters templates like this, with an ErrorCode of value 12. This ErrorCode is currently unexported, but will be exported in the release of Go 1.21. Users who rely on the previous behavior can re-enable it using the GODEBUG flag jstmpllitinterp=1, with the caveat that backticks will now be escaped. This should be used with caution.",vuln-scan,cve:CVE-2023-24538,usr/local/go/pkg/tool/linux_amd64/vet,,,"Upgrade stdlib to a release that remediates CVE-2023-24538. This is a vulnerability finding, not a config-drift playbook.",2026-09-27,,2026-09-27,No,,,Critical,,,,,,,"Scanner rating Critical. This CSV writes Critical on Original Risk Rating. FedRAMP template col M has no Critical branch (treats Critical as High +30).
default, not verified",,,CVE-2023-24538,"cpg_2_B,csf_PR_PS_02,nist80053_SI-2,nist80053_RA-5,cis_7_3,cis_7_4,cis_7_7"
EGP-44BFAC201C,"SI-2, RA-5",golang: html/template: improper handling of JavaScript whitespace,"Not all valid JavaScript whitespace characters are considered to be whitespace. Templates containing whitespace characters outside of the character set ""\t\n\f\r\u0020\u2028\u2029"" in JavaScript contexts that also contain actions may not be properly sanitized during execution.",vuln-scan,cve:CVE-2023-24540,usr/local/go/pkg/tool/linux_amd64/vet,,,"Upgrade stdlib to a release that remediates CVE-2023-24540. This is a vulnerability finding, not a config-drift playbook.",2026-09-27,,2026-09-27,No,,,Critical,,,,,,,"Scanner rating Critical. This CSV writes Critical on Original Risk Rating. FedRAMP template col M has no Critical branch (treats Critical as High +30).
default, not verified",,,CVE-2023-24540,"cpg_2_B,csf_PR_PS_02,nist80053_SI-2,nist80053_RA-5,cis_7_3,cis_7_4,cis_7_7"
EGP-B1107C1E74,"SI-2, RA-5",golang: net/netip: Unexpected behavior from Is methods for IPv4-mapped IPv6 addresses,"The various Is methods (IsPrivate, IsLoopback, etc) did not work as expected for IPv4-mapped IPv6 addresses, returning false for addresses which would return true in their traditional IPv4 forms.",vuln-scan,cve:CVE-2024-24790,usr/local/go/pkg/tool/linux_amd64/vet,,,"Upgrade stdlib to a release that remediates CVE-2024-24790. This is a vulnerability finding, not a config-drift playbook.",2026-09-27,,2026-09-27,No,,,Critical,,,,,,,"Scanner rating Critical. This CSV writes Critical on Original Risk Rating. FedRAMP template col M has no Critical branch (treats Critical as High +30).
default, not verified",,,CVE-2024-24790,"cpg_2_B,csf_PR_PS_02,nist80053_SI-2,nist80053_RA-5,cis_7_3,cis_7_4,cis_7_7"
EGP-212C39AEFD,"SI-2, RA-5",libfetch: an out of boundary read while libfetch uses strtol to parse the relevant numbers into address bytes leads to information leak or crash,"libfetch before 2021-07-26, as used in apk-tools, xbps, and other products, mishandles numeric strings for the FTP and HTTP protocols. The FTP passive mode implementation allows an out-of-bounds read because strtol is used to parse the relevant numbers into address bytes. It does not check if the line ends prematurely. If it does, the for-loop condition checks for the '\0' terminator one byte too late.",vuln-scan,cve:CVE-2021-36159,dperson/samba:latest (alpine 3.12.0),,,"Upgrade apk-tools to a release that remediates CVE-2021-36159. This is a vulnerability finding, not a config-drift playbook.",2026-09-27,,2026-09-27,No,,,Critical,,,,,,,"Scanner rating Critical. This CSV writes Critical on Original Risk Rating. FedRAMP template col M has no Critical branch (treats Critical as High +30).
default, not verified",,,CVE-2021-36159,"cpg_2_B,csf_PR_PS_02,nist80053_SI-2,nist80053_RA-5,cis_7_3,cis_7_4,cis_7_7"
EGP-84DAF7E6F0,"SI-2, RA-5",libfetch: an out of boundary read while libfetch uses strtol to parse the relevant numbers into address bytes leads to information leak or crash,"libfetch before 2021-07-26, as used in apk-tools, xbps, and other products, mishandles numeric strings for the FTP and HTTP protocols. The FTP passive mode implementation allows an out-of-bounds read because strtol is used to parse the relevant numbers into address bytes. It does not check if the line ends prematurely. If it does, the for-loop condition checks for the '\0' terminator one byte too late.",vuln-scan,cve:CVE-2021-36159,mailhog/mailhog:v1.0.1 (alpine 3.12.0),,,"Upgrade apk-tools to a release that remediates CVE-2021-36159. This is a vulnerability finding, not a config-drift playbook.",2026-09-27,,2026-09-27,No,,,Critical,,,,,,,"Scanner rating Critical. This CSV writes Critical on Original Risk Rating. FedRAMP template col M has no Critical branch (treats Critical as High +30).
default, not verified",,,CVE-2021-36159,"cpg_2_B,csf_PR_PS_02,nist80053_SI-2,nist80053_RA-5,cis_7_3,cis_7_4,cis_7_7"
EGP-D22B235164,"SI-2, RA-5",lz4: memory corruption due to an integer overflow bug caused by memmove argument,"There's a flaw in lz4. An attacker who submits a crafted file to an application linked with lz4 may be able to trigger an integer overflow, leading to calling of memmove() on a negative size argument, causing an out-of-bounds write and/or a crash. The greatest impact of this flaw is to availability, with some potential impact to confidentiality and integrity as well.",vuln-scan,cve:CVE-2021-3520,dperson/samba:latest (alpine 3.12.0),,,"Upgrade lz4-libs to a release that remediates CVE-2021-3520. This is a vulnerability finding, not a config-drift playbook.",2026-09-27,,2026-09-27,No,,,Critical,,,,,,,"Scanner rating Critical. This CSV writes Critical on Original Risk Rating. FedRAMP template col M has no Critical branch (treats Critical as High +30).
default, not verified",,,CVE-2021-3520,"cpg_2_B,csf_PR_PS_02,nist80053_SI-2,nist80053_RA-5,cis_7_3,cis_7_4,cis_7_7"
EGP-C94AC236CC,"SI-2, RA-5",mariadb: MariaDB Server: Arbitrary code execution via wsrep_notify_cmd,"MariaDB server is a community developed fork of MySQL server. Versions 10.6.1 through 10.6.26, 10.11.1 through 10.11.17, 11.4.1 through 11.4.11, 11.8.1 through 11.8.7, and 12.3.1 with  `wsrep_notify_cmd` enabled would execute shell commands embedded in the name of the joiner node. This is fixed in 10.6.27, 10.11.18, 11.4.12, 11.8.8, and 12.3.2. As a workaround, anyone who cannot upgrade now should disable `wsrep_notify_cmd`.",vuln-scan,cve:CVE-2026-49261,stilliard/pure-ftpd:latest (debian 13.6),,,"Upgrade libmariadb3 to a release that remediates CVE-2026-49261. This is a vulnerability finding, not a config-drift playbook.",2026-09-27,,2026-09-27,No,,,Critical,,,,,,,"Scanner rating Critical. This CSV writes Critical on Original Risk Rating. FedRAMP template col M has no Critical branch (treats Critical as High +30).
default, not verified",,,CVE-2026-49261,"cpg_2_B,csf_PR_PS_02,nist80053_SI-2,nist80053_RA-5,cis_7_3,cis_7_4,cis_7_7"
EGP-742DC10083,"SI-2, RA-5",mariadb: MariaDB server: SQL injection vulnerability via improper handling of big5 character set with mysql_real_escape_string(),"MariaDB server is a community developed fork of MySQL server. In versions 3.3.18 and 3.4.8, an application that was taking non-validated user input, escaping it with mysql_real_escape_string() and sending it to the database using text protocol and big5 character set was vulnerable to SQL injections, even though mysql_real_escape_string() was supposed to prevent them. This issue has been patched in versions 3.3.19 and 3.4.9.",vuln-scan,cve:CVE-2026-44172,stilliard/pure-ftpd:latest (debian 13.6),,,"Upgrade libmariadb3 to a release that remediates CVE-2026-44172. This is a vulnerability finding, not a config-drift playbook.",2026-09-27,,2026-09-27,No,,,Critical,,,,,,,"Scanner rating Critical. This CSV writes Critical on Original Risk Rating. FedRAMP template col M has no Critical branch (treats Critical as High +30).
default, not verified",,,CVE-2026-44172,"cpg_2_B,csf_PR_PS_02,nist80053_SI-2,nist80053_RA-5,cis_7_3,cis_7_4,cis_7_7"
EGP-92E72E6D71,"SI-2, RA-5",openssl: OpenSSL: Heap buffer overflow on 32-bit systems from large X.509 certificate processing,"Issue summary: Converting an excessively large OCTET STRING value to
a hexadecimal string leads to a heap buffer overflow on 32 bit platforms.

Impact summary: A heap buffer overflow may lead to a crash or possibly
an attacker controlled code execution or other undefined behavior.

If an attacker can supply a crafted X.509 certificate with an excessively
large OCTET STRING value in extensions such as the Subject Key Identifier
(SKID) or Authority Key Identifier (AKID) which are being converted to hex,
the size of the buffer needed for the result is calculated as multiplication
of the input length by 3. On 32 bit platforms, this multiplication may overflow
resulting in the allocation of a smaller buffer and a heap buffer overflow.

Applications and services that print or log contents of untrusted X.509
certificates are vulnerable to this issue. As the certificates would have
to have sizes of over 1 Gigabyte, printing or logging such certificates
is a fairly unlikely operation and only 32 bit platforms are affected,
this issue was assigned Low severity.

The FIPS modules in 3.6, 3.5, 3.4, 3.3 and 3.0 are not affected by this
issue, as the affected code is outside the OpenSSL FIPS module boundary.",vuln-scan,cve:CVE-2026-31789,nginx:1.27-alpine (alpine 3.21.3),,,"Upgrade libcrypto3 to a release that remediates CVE-2026-31789. This is a vulnerability finding, not a config-drift playbook.",2026-09-27,,2026-09-27,No,,,Critical,,,,,,,"Scanner rating Critical. This CSV writes Critical on Original Risk Rating. FedRAMP template col M has no Critical branch (treats Critical as High +30).
default, not verified",,,CVE-2026-31789,"cpg_2_B,csf_PR_PS_02,nist80053_SI-2,nist80053_RA-5,cis_7_3,cis_7_4,cis_7_7"
EGP-6AC9DB613C,"SI-2, RA-5",openssl: SM2 Decryption Buffer Overflow,"In order to decrypt SM2 encrypted data an application is expected to call the API function EVP_PKEY_decrypt(). Typically an application will call this function twice. The first time, on entry, the ""out"" parameter can be NULL and, on exit, the ""outlen"" parameter is populated with the buffer size required to hold the decrypted plaintext. The application can then allocate a sufficiently sized buffer and call EVP_PKEY_decrypt() again, but this time passing a non-NULL value for the ""out"" parameter. A bug in the implementation of the SM2 decryption code means that the calculation of the buffer size required to hold the plaintext returned by the first call to EVP_PKEY_decrypt() can be smaller than the actual size required by the second call. This can lead to a buffer overflow when EVP_PKEY_decrypt() is called by the application a second time with a buffer that is too small. A malicious attacker who is able present SM2 content for decryption to an application could cause attacker chosen data to overflow the buffer by up to a maximum of 62 bytes altering the contents of other data held after the buffer, possibly changing application behaviour or causing the application to crash. The location of the buffer is application dependent but is typically heap allocated. Fixed in OpenSSL 1.1.1l (Affected 1.1.1-1.1.1k).",vuln-scan,cve:CVE-2021-3711,dperson/samba:latest (alpine 3.12.0),,,"Upgrade libcrypto1.1 to a release that remediates CVE-2021-3711. This is a vulnerability finding, not a config-drift playbook.",2026-09-27,,2026-09-27,No,,,Critical,,,,,,,"Scanner rating Critical. This CSV writes Critical on Original Risk Rating. FedRAMP template col M has no Critical branch (treats Critical as High +30).
default, not verified",,,CVE-2021-3711,"cpg_2_B,csf_PR_PS_02,nist80053_SI-2,nist80053_RA-5,cis_7_3,cis_7_4,cis_7_7"
EGP-8B58285FBC,"SI-2, RA-5",openssl: SM2 Decryption Buffer Overflow,"In order to decrypt SM2 encrypted data an application is expected to call the API function EVP_PKEY_decrypt(). Typically an application will call this function twice. The first time, on entry, the ""out"" parameter can be NULL and, on exit, the ""outlen"" parameter is populated with the buffer size required to hold the decrypted plaintext. The application can then allocate a sufficiently sized buffer and call EVP_PKEY_decrypt() again, but this time passing a non-NULL value for the ""out"" parameter. A bug in the implementation of the SM2 decryption code means that the calculation of the buffer size required to hold the plaintext returned by the first call to EVP_PKEY_decrypt() can be smaller than the actual size required by the second call. This can lead to a buffer overflow when EVP_PKEY_decrypt() is called by the application a second time with a buffer that is too small. A malicious attacker who is able present SM2 content for decryption to an application could cause attacker chosen data to overflow the buffer by up to a maximum of 62 bytes altering the contents of other data held after the buffer, possibly changing application behaviour or causing the application to crash. The location of the buffer is application dependent but is typically heap allocated. Fixed in OpenSSL 1.1.1l (Affected 1.1.1-1.1.1k).",vuln-scan,cve:CVE-2021-3711,mailhog/mailhog:v1.0.1 (alpine 3.12.0),,,"Upgrade libcrypto1.1 to a release that remediates CVE-2021-3711. This is a vulnerability finding, not a config-drift playbook.",2026-09-27,,2026-09-27,No,,,Critical,,,,,,,"Scanner rating Critical. This CSV writes Critical on Original Risk Rating. FedRAMP template col M has no Critical branch (treats Critical as High +30).
default, not verified",,,CVE-2021-3711,"cpg_2_B,csf_PR_PS_02,nist80053_SI-2,nist80053_RA-5,cis_7_3,cis_7_4,cis_7_7"
EGP-0B3B12E303,"SI-2, RA-5",perl: Perl: Incorrect regular expression processing via large regular expressions,"Perl versions before 5.40.5-RC1, from 5.41.0 before 5.42.3-RC1, from 5.43.0 before 5.43.10 produce silently incorrect regular expression matches when an alternation of more than 65535 fixed string branches is compiled into a trie in Perl_study_chunk.

When such branches are combined into a trie, the delta between the first branch and the shared tail is stored in a 16-bit field. A branch count above 65535 overflows the field, and the trie's match decision table is truncated with no warning or error.

A pattern of this shape produces false positive matches (matching strings it should not) and false negative matches (failing to match strings it should). When such a pattern gates an access or filtering decision, the result is wrong.",vuln-scan,cve:CVE-2026-13221,httpd:2.4-alpine (alpine 3.24.1),,,"Upgrade perl to a release that remediates CVE-2026-13221. This is a vulnerability finding, not a config-drift playbook.",2026-09-27,,2026-09-27,No,,,Critical,,,,,,,"Scanner rating Critical. This CSV writes Critical on Original Risk Rating. FedRAMP template col M has no Critical branch (treats Critical as High +30).
default, not verified",,,CVE-2026-13221,"cpg_2_B,csf_PR_PS_02,nist80053_SI-2,nist80053_RA-5,cis_7_3,cis_7_4,cis_7_7"
EGP-3869E69BBC,"SI-2, RA-5",samba: Netlogon elevation of privilege vulnerability (Zerologon),"An elevation of privilege vulnerability exists when an attacker establishes a vulnerable Netlogon secure channel connection to a domain controller, using the Netlogon Remote Protocol (MS-NRPC). An attacker who successfully exploited the vulnerability could run a specially crafted application on a device on the network.
To exploit the vulnerability, an unauthenticated attacker would be required to use MS-NRPC to connect to a domain controller to obtain domain administrator access.
Microsoft is addressing the vulnerability in a phased two-part rollout. These updates address the vulnerability by modifying how Netlogon handles the usage of Netlogon secure channels.
For guidelines on how to manage the changes required for this vulnerability and more information on the phased rollout, see  How to manage the changes in Netlogon secure channel connections associated with CVE-2020-1472 (updated September 28, 2020).
When the second phase of Windows updates become available in Q1 2021, customers will be notified via a revision to this security vulnerability. If you wish to be notified when these updates are released, we recommend that you register for the security notifications mailer to be alerted of content changes to this advisory. See Microsoft Technical Security Notifications.",vuln-scan,cve:CVE-2020-1472,dperson/samba:latest (alpine 3.12.0),,,"Upgrade libsmbclient to a release that remediates CVE-2020-1472. This is a vulnerability finding, not a config-drift playbook.",2026-09-27,,2026-09-27,No,,,Critical,,,,,,,"Scanner rating Critical. This CSV writes Critical on Original Risk Rating. FedRAMP template col M has no Critical branch (treats Critical as High +30).
default, not verified",,,CVE-2020-1472,"cpg_2_B,csf_PR_PS_02,nist80053_SI-2,nist80053_RA-5,cis_7_3,cis_7_4,cis_7_7"
EGP-671FCDB785,"SI-2, RA-5",zlib: heap-based buffer over-read and overflow in inflate() in inflate.c via a large gzip header extra field,"zlib through 1.2.12 has a heap-based buffer over-read or buffer overflow in inflate in inflate.c via a large gzip header extra field. NOTE: only applications that call inflateGetHeader are affected. Some common applications bundle the affected zlib source code but may be unable to call inflateGetHeader (e.g., see the nodejs/node reference).",vuln-scan,cve:CVE-2022-37434,dperson/samba:latest (alpine 3.12.0),,,"Upgrade zlib to a release that remediates CVE-2022-37434. This is a vulnerability finding, not a config-drift playbook.",2026-09-27,,2026-09-27,No,,,Critical,,,,,,,"Scanner rating Critical. This CSV writes Critical on Original Risk Rating. FedRAMP template col M has no Critical branch (treats Critical as High +30).
default, not verified",,,CVE-2022-37434,"cpg_2_B,csf_PR_PS_02,nist80053_SI-2,nist80053_RA-5,cis_7_3,cis_7_4,cis_7_7"
EGP-AEF13A6949,"SI-2, RA-5",zlib: heap-based buffer over-read and overflow in inflate() in inflate.c via a large gzip header extra field,"zlib through 1.2.12 has a heap-based buffer over-read or buffer overflow in inflate in inflate.c via a large gzip header extra field. NOTE: only applications that call inflateGetHeader are affected. Some common applications bundle the affected zlib source code but may be unable to call inflateGetHeader (e.g., see the nodejs/node reference).",vuln-scan,cve:CVE-2022-37434,mailhog/mailhog:v1.0.1 (alpine 3.12.0),,,"Upgrade zlib to a release that remediates CVE-2022-37434. This is a vulnerability finding, not a config-drift playbook.",2026-09-27,,2026-09-27,No,,,Critical,,,,,,,"Scanner rating Critical. This CSV writes Critical on Original Risk Rating. FedRAMP template col M has no Critical branch (treats Critical as High +30).
default, not verified",,,CVE-2022-37434,"cpg_2_B,csf_PR_PS_02,nist80053_SI-2,nist80053_RA-5,cis_7_3,cis_7_4,cis_7_7"
EGP-4AE4A4DF77,"SI-2, RA-5",CVE-2021-30139,"In Alpine Linux apk-tools before 2.12.5, the tarball parser allows a buffer overflow and crash.",vuln-scan,cve:CVE-2021-30139,dperson/samba:latest (alpine 3.12.0),,,"Upgrade apk-tools to a release that remediates CVE-2021-30139. This is a vulnerability finding, not a config-drift playbook.",2026-09-27,,2026-09-27,No,,,High,,,,,,,"default, not verified",,,CVE-2021-30139,"cpg_2_B,csf_PR_PS_02,nist80053_SI-2,nist80053_RA-5,cis_7_3,cis_7_4,cis_7_7"
EGP-C60D5BC8A1,"SI-2, RA-5",CVE-2021-30139,"In Alpine Linux apk-tools before 2.12.5, the tarball parser allows a buffer overflow and crash.",vuln-scan,cve:CVE-2021-30139,mailhog/mailhog:v1.0.1 (alpine 3.12.0),,,"Upgrade apk-tools to a release that remediates CVE-2021-30139. This is a vulnerability finding, not a config-drift playbook.",2026-09-27,,2026-09-27,No,,,High,,,,,,,"default, not verified",,,CVE-2021-30139,"cpg_2_B,csf_PR_PS_02,nist80053_SI-2,nist80053_RA-5,cis_7_3,cis_7_4,cis_7_7"
EGP-8D1856D147,"SI-2, RA-5","Due to unsanitized NUL values, attackers may be able to maliciously se ...","Due to unsanitized NUL values, attackers may be able to maliciously set environment variables on Windows. In syscall.StartProcess and os/exec.Cmd, invalid environment variable values containing NUL values are not properly checked for. A malicious environment variable value can exploit this behavior to set a value for a different environment variable. For example, the environment variable string ""A=B\x00C=D"" sets the variables ""A=B"" and ""C=D"".",vuln-scan,cve:CVE-2022-41716,usr/local/go/pkg/tool/linux_amd64/vet,,,"Upgrade stdlib to a release that remediates CVE-2022-41716. This is a vulnerability finding, not a config-drift playbook.",2026-09-27,,2026-09-27,No,,,High,,,,,,,"default, not verified",,,CVE-2022-41716,"cpg_2_B,csf_PR_PS_02,nist80053_SI-2,nist80053_RA-5,cis_7_3,cis_7_4,cis_7_7"
EGP-2E1AFB491E,"SI-2, RA-5",ELSA-2022-17957: ol8addon security update (IMPORTANT),"Incorrect conversion of certain invalid paths to valid, absolute paths in Clean in path/filepath before Go 1.17.11 and Go 1.18.3 on Windows allows potential directory traversal attack.",vuln-scan,cve:CVE-2022-29804,usr/local/go/pkg/tool/linux_amd64/vet,,,"Upgrade stdlib to a release that remediates CVE-2022-29804. This is a vulnerability finding, not a config-drift playbook.",2026-09-27,,2026-09-27,No,,,High,,,,,,,"default, not verified",,,CVE-2022-29804,"cpg_2_B,csf_PR_PS_02,nist80053_SI-2,nist80053_RA-5,cis_7_3,cis_7_4,cis_7_7"
EGP-CE3AE9F1E7,"SI-2, RA-5",ELSA-2022-17957: ol8addon security update (IMPORTANT),Infinite loop in Read in crypto/rand before Go 1.17.11 and Go 1.18.3 on Windows allows attacker to cause an indefinite hang by passing a buffer larger than 1 << 32 - 1 bytes.,vuln-scan,cve:CVE-2022-30634,usr/local/go/pkg/tool/linux_amd64/vet,,,"Upgrade stdlib to a release that remediates CVE-2022-30634. This is a vulnerability finding, not a config-drift playbook.",2026-09-27,,2026-09-27,No,,,High,,,,,,,"default, not verified",,,CVE-2022-30634,"cpg_2_B,csf_PR_PS_02,nist80053_SI-2,nist80053_RA-5,cis_7_3,cis_7_4,cis_7_7"
EGP-F94CC7EBF6,"CM-7, SC-8",FTP exposed,evergreen-lab-ftp-1.evergreen-lab_labnet has open TCP/21 (ftp).,inventory-nmap,nmap:nmap-port-21/tcp,evergreen-lab-ftp-1.evergreen-lab_labnet (21/TCP),,,Disable FTP (TCP/21) or replace with SFTP/FTPS. Restrict any remaining listener to a management VLAN.,not recorded,,2026-09-27,No,,,High,,,,,,,"default, not verified",,,,"cpg_3_I,csf_PR_IR_01,nist80053_CM-7,nist80053_SC-8"
EGP-0CBC7532EC,"SI-2, RA-5",JS-YAML: Quadratic CPU consumption in !!omap resolution (3.x and 4.x) — CVE-2026-59870 fix not backported,"# Quadratic CPU consumption in `!!omap` resolution (js-yaml 3.x and 4.x)

## Summary

`resolveYamlOmap()` enforces key uniqueness for `!!omap` sequences with a linear
scan (`objectKeys.indexOf(...)`) inside the per-element loop, making resolution
**O(n²)** in the number of entries. A modestly sized YAML document therefore
consumes disproportionate CPU inside `yaml.load()`, giving a denial of service
against any consumer that parses untrusted YAML.

`!!omap` is registered in the **default schema**
(`lib/schema/default.js` → `require('../type/omap')`), so a plain
`yaml.load(untrustedInput)` with no options is affected — no custom schema or
non-default configuration is required.

**This is the same weakness as CVE-2026-59870 / GHSA-724g-mxrg-4qvm**, which was
fixed in the 5.x line in 5.2.1. That fix was never backported: both currently
maintained legacy lines still carry the original implementation.

## Affected versions

| Line | Latest tested | Status |
|---|---|---|
| 3.x | **3.15.0** | Affected — `objectKeys.indexOf(pairKey)` at `lib/type/omap.js:29` |
| 4.x | **4.3.0** | Affected — `objectKeys.indexOf(pairKey)` at `lib/type/omap.js:30` |
| 5.x | 5.2.2 | **Not affected** — fixed in 5.2.1 (uses a `Set`) |

Both figures are the newest release of each line at the time of writing, so
this is not a ""you are on an old version"" issue.

## Details

`lib/type/omap.js` (js-yaml 4.3.0):

```js
if (objectKeys.indexOf(pairKey) === -1) objectKeys.push(pairKey)
else return false
```

`objectKeys` grows by one element per entry, and `Array.prototype.indexOf` is a
linear scan, so resolving an `n`-entry `!!omap` performs roughly
`1 + 2 + … + n` comparisons — quadratic in `n`. The work happens synchronously
inside `yaml.load()`, blocking the event loop for its whole duration.

The 5.x line already solves exactly this by tracking seen keys in a `Set`
(`src/tag/sequence/omap.ts`):

```ts
if (carrier.seen.has(key)) return 'duplicate key in ordered map'
carrier.seen.add(key)
```

## Proof of concept

```js
// poc.js  —  node poc.js
const yaml = require('js-yaml');
const doc = n => '!!omap\n' + Array.from({length: n}, (_, i) => `- k${i}: ${i}`).join('\n') + '\n';

for (const n of [10000, 20000, 40000, 80000]) {
  const d = doc(n), t = Date.now();
  yaml.load(d);                      // default schema, no options
  console.log(`n=${n} bytes=${d.length} load=${Date.now() - t}ms`);
}
```

### Measured (node v20.20.2, default heap, no flags)

**js-yaml 4.3.0**

```
n=10000  bytes=137787   load=54ms
n=20000  bytes=297787   load=169ms
n=40000  bytes=617787   load=646ms
n=80000  bytes=1257787  load=2607ms
```

**js-yaml 3.15.0**

```
n=10000  bytes=137787   load=53ms
n=20000  bytes=297787   load=166ms
n=40000  bytes=617787   load=641ms
n=80000  bytes=1257787  load=2567ms
```

Runtime grows by a factor of ~4 for each doubling of `n`, which is the
signature of O(n²) (linear growth would be ~2×).

Scaling further: a **2.48 MB** document with 150,000 entries blocked
`yaml.load()` for **10.8 seconds**.

## Impact

Any service that parses attacker-influenced YAML with js-yaml 3.x or 4.x can be
stalled with a small input. Because the loop is synchronous, a single request
blocks the Node.js event loop and stalls every other request in the process —
so the amplification is per-process, not just per-request.

Suggested severity: consistent with **CVE-2026-59870** (the same weakness in
5.x), i.e. Availability-only impact, network attack vector, no privileges or
user interaction required.

## Suggested fix

Mirror the 5.x fix — replace the linear scan with a `Set`:

```js
// lib/type/omap.js
const seen = new Set()
// ...
if (seen.has(pairKey)) return false
seen.add(pairKey)
```

This preserves the existing duplicate-key rejection semantics exactly while
making resolution O(n). A `maxOmapLength`-style cap would also work, but the
`Set` matches what 5.x already ships and requires no new option.

## References

- CVE-2026-59870 / GHSA-724g-mxrg-4qvm — same weakness in 5.0.0–5.2.0, fixed in 5.2.1
- `lib/type/omap.js` (3.x, 4.x) — the affected resolver
- `lib/schema/default.js` — registers `!!omap` in the default schema

## Discovery

Found by an automated static-analysis and executed-proof-of-concept scanner run
against js-yaml 4.2.0, then manually verified against 3.15.0 and 4.3.0 by
executing the proof of concept above. All timings in this report were measured
on the **current** releases of each line, not on the version originally scanned.",vuln-scan,trivy:GHSA-5p4m-2wfm-xmqj,Node.js,,,"Upgrade js-yaml to a release that remediates CVE-2026-59870. This is a vulnerability finding, not a config-drift playbook.",2026-09-27,,2026-09-27,No,,,High,,,,,,,"default, not verified",,,,"cpg_2_B,csf_PR_PS_02,nist80053_SI-2,nist80053_RA-5,cis_7_3,cis_7_4,cis_7_7"
EGP-9937DB520F,"IA-2, AC-3, CM-6, CM-7, SC-7",Redis accessible without authentication,evergreen-lab-n2redis0-1.evergreen-lab_labnet2 TCP/6379 answered Redis INFO without credentials (nmap redis-info).,inventory-nmap,nmap:nse-redis-noauth:evidence:version: 7.4.11 operating system: linux 6.18.33.1-microsoft-standard-wsl2 x86_64,evergreen-lab-n2redis0-1.evergreen-lab_labnet2 (6379/TCP),,,"Enable Redis ACL users or requirepass with a strong secret, set protected-mode yes, bind Redis to localhost or a private interface only, and firewall TCP/6379. Deny dangerous commands with ACL rules (for example -@dangerous) instead of rename-command. Rescan with nmap redis-info to verify INFO is refused.",2026-09-27,,2026-09-27,No,,,High,,,,,,,"default, not verified",,,,"cpg_3_I,csf_PR_AA_05,nist80053_IA-2,nist80053_AC-3,nist80053_CM-6,nist80053_CM-7,nist80053_SC-7,cis_4_1,cis_4_8,cis_5_2"
EGP-656D4AF741,"IA-2, AC-3, CM-6, CM-7, SC-7",Redis accessible without authentication,evergreen-lab-n2redis1-1.evergreen-lab_labnet2 TCP/6379 answered Redis INFO without credentials (nmap redis-info).,inventory-nmap,nmap:nse-redis-noauth:evidence:version: 7.4.11 operating system: linux 6.18.33.1-microsoft-standard-wsl2 x86_64,evergreen-lab-n2redis1-1.evergreen-lab_labnet2 (6379/TCP),,,"Enable Redis ACL users or requirepass with a strong secret, set protected-mode yes, bind Redis to localhost or a private interface only, and firewall TCP/6379. Deny dangerous commands with ACL rules (for example -@dangerous) instead of rename-command. Rescan with nmap redis-info to verify INFO is refused.",2026-09-27,,2026-09-27,No,,,High,,,,,,,"default, not verified",,,,"cpg_3_I,csf_PR_AA_05,nist80053_IA-2,nist80053_AC-3,nist80053_CM-6,nist80053_CM-7,nist80053_SC-7,cis_4_1,cis_4_8,cis_5_2"
EGP-D218347C5D,"IA-2, AC-3, CM-6, CM-7, SC-7",Redis accessible without authentication,evergreen-lab-n2redis2-1.evergreen-lab_labnet2 TCP/6379 answered Redis INFO without credentials (nmap redis-info).,inventory-nmap,nmap:nse-redis-noauth:evidence:version: 7.4.11 operating system: linux 6.18.33.1-microsoft-standard-wsl2 x86_64,evergreen-lab-n2redis2-1.evergreen-lab_labnet2 (6379/TCP),,,"Enable Redis ACL users or requirepass with a strong secret, set protected-mode yes, bind Redis to localhost or a private interface only, and firewall TCP/6379. Deny dangerous commands with ACL rules (for example -@dangerous) instead of rename-command. Rescan with nmap redis-info to verify INFO is refused.",2026-09-27,,2026-09-27,No,,,High,,,,,,,"default, not verified",,,,"cpg_3_I,csf_PR_AA_05,nist80053_IA-2,nist80053_AC-3,nist80053_CM-6,nist80053_CM-7,nist80053_SC-7,cis_4_1,cis_4_8,cis_5_2"
EGP-AE21306146,"IA-2, AC-3, CM-6, CM-7, SC-7",Redis accessible without authentication,evergreen-lab-redis-1.evergreen-lab_labnet TCP/6379 answered Redis INFO without credentials (nmap redis-info).,inventory-nmap,nmap:nse-redis-noauth:evidence:version: 7.4.11 operating system: linux 6.18.33.1-microsoft-standard-wsl2 x86_64,evergreen-lab-redis-1.evergreen-lab_labnet (6379/TCP),,,"Enable Redis ACL users or requirepass with a strong secret, set protected-mode yes, bind Redis to localhost or a private interface only, and firewall TCP/6379. Deny dangerous commands with ACL rules (for example -@dangerous) instead of rename-command. Rescan with nmap redis-info to verify INFO is refused.",2026-09-27,,2026-09-27,No,,,High,,,,,,,"default, not verified",,,,"cpg_3_I,csf_PR_AA_05,nist80053_IA-2,nist80053_AC-3,nist80053_CM-6,nist80053_CM-7,nist80053_SC-7,cis_4_1,cis_4_8,cis_5_2"
EGP-F638B0CC61,"IA-2, AC-3, CM-6, CM-7, SC-7",Redis accessible without authentication,evergreen-lab-redis0-1.evergreen-lab_labnet TCP/6379 answered Redis INFO without credentials (nmap redis-info).,inventory-nmap,nmap:nse-redis-noauth:evidence:version: 7.4.11 operating system: linux 6.18.33.1-microsoft-standard-wsl2 x86_64,evergreen-lab-redis0-1.evergreen-lab_labnet (6379/TCP),,,"Enable Redis ACL users or requirepass with a strong secret, set protected-mode yes, bind Redis to localhost or a private interface only, and firewall TCP/6379. Deny dangerous commands with ACL rules (for example -@dangerous) instead of rename-command. Rescan with nmap redis-info to verify INFO is refused.",2026-09-27,,2026-09-27,No,,,High,,,,,,,"default, not verified",,,,"cpg_3_I,csf_PR_AA_05,nist80053_IA-2,nist80053_AC-3,nist80053_CM-6,nist80053_CM-7,nist80053_SC-7,cis_4_1,cis_4_8,cis_5_2"
EGP-4520A7B167,"IA-2, AC-3, CM-6, CM-7, SC-7",Redis accessible without authentication,evergreen-lab-redis1-1.evergreen-lab_labnet TCP/6379 answered Redis INFO without credentials (nmap redis-info).,inventory-nmap,nmap:nse-redis-noauth:evidence:version: 7.4.11 operating system: linux 6.18.33.1-microsoft-standard-wsl2 x86_64,evergreen-lab-redis1-1.evergreen-lab_labnet (6379/TCP),,,"Enable Redis ACL users or requirepass with a strong secret, set protected-mode yes, bind Redis to localhost or a private interface only, and firewall TCP/6379. Deny dangerous commands with ACL rules (for example -@dangerous) instead of rename-command. Rescan with nmap redis-info to verify INFO is refused.",2026-09-27,,2026-09-27,No,,,High,,,,,,,"default, not verified",,,,"cpg_3_I,csf_PR_AA_05,nist80053_IA-2,nist80053_AC-3,nist80053_CM-6,nist80053_CM-7,nist80053_SC-7,cis_4_1,cis_4_8,cis_5_2"
EGP-1177F11B17,"IA-2, AC-3, CM-6, CM-7, SC-7",Redis accessible without authentication,evergreen-lab-redis2-1.evergreen-lab_labnet TCP/6379 answered Redis INFO without credentials (nmap redis-info).,inventory-nmap,nmap:nse-redis-noauth:evidence:version: 7.4.11 operating system: linux 6.18.33.1-microsoft-standard-wsl2 x86_64,evergreen-lab-redis2-1.evergreen-lab_labnet (6379/TCP),,,"Enable Redis ACL users or requirepass with a strong secret, set protected-mode yes, bind Redis to localhost or a private interface only, and firewall TCP/6379. Deny dangerous commands with ACL rules (for example -@dangerous) instead of rename-command. Rescan with nmap redis-info to verify INFO is refused.",2026-09-27,,2026-09-27,No,,,High,,,,,,,"default, not verified",,,,"cpg_3_I,csf_PR_AA_05,nist80053_IA-2,nist80053_AC-3,nist80053_CM-6,nist80053_CM-7,nist80053_SC-7,cis_4_1,cis_4_8,cis_5_2"
EGP-639BF91374,"IA-2, AC-3, CM-6, CM-7, SC-7",Redis accessible without authentication,evergreen-lab-redis3-1.evergreen-lab_labnet TCP/6379 answered Redis INFO without credentials (nmap redis-info).,inventory-nmap,nmap:nse-redis-noauth:evidence:version: 7.4.11 operating system: linux 6.18.33.1-microsoft-standard-wsl2 x86_64,evergreen-lab-redis3-1.evergreen-lab_labnet (6379/TCP),,,"Enable Redis ACL users or requirepass with a strong secret, set protected-mode yes, bind Redis to localhost or a private interface only, and firewall TCP/6379. Deny dangerous commands with ACL rules (for example -@dangerous) instead of rename-command. Rescan with nmap redis-info to verify INFO is refused.",2026-09-27,,2026-09-27,No,,,High,,,,,,,"default, not verified",,,,"cpg_3_I,csf_PR_AA_05,nist80053_IA-2,nist80053_AC-3,nist80053_CM-6,nist80053_CM-7,nist80053_SC-7,cis_4_1,cis_4_8,cis_5_2"
EGP-608051F61E,"CM-7, SC-7",SMB 445 exposed,evergreen-lab-samba-1.evergreen-lab_labnet has open TCP/445 (netbios-ssn).,inventory-nmap,nmap:nmap-port-445/tcp,evergreen-lab-samba-1.evergreen-lab_labnet (445/TCP),,,"Restrict TCP/445 (SMB) to required admin or file-share hosts. Confirm SMBv1 is disabled on the endpoint. This finding is an open-port exposure, not a dialect or CVE.",not recorded,,2026-09-27,No,,,High,,,,,,,"default, not verified",,,,"cpg_3_I,csf_PR_IR_01,nist80053_CM-7,nist80053_SC-7"
EGP-D2B6A3BC09,"CM-7, SC-7",SMB 445 exposed,evergreen-lab-samba2-1.evergreen-lab_labnet2 has open TCP/445 (netbios-ssn).,inventory-nmap,nmap:nmap-port-445/tcp,evergreen-lab-samba2-1.evergreen-lab_labnet2 (445/TCP),,,"Restrict TCP/445 (SMB) to required admin or file-share hosts. Confirm SMBv1 is disabled on the endpoint. This finding is an open-port exposure, not a dialect or CVE.",not recorded,,2026-09-27,No,,,High,,,,,,,"default, not verified",,,,"cpg_3_I,csf_PR_IR_01,nist80053_CM-7,nist80053_SC-7"
EGP-CC139DA06B,"SI-2, RA-5",The filepath package does not recognize paths with a \??\ prefix as sp ...,"The filepath package does not recognize paths with a \??\ prefix as special. On Windows, a path beginning with \??\ is a Root Local Device path equivalent to a path beginning with \\?\. Paths with a \??\ prefix may be used to access arbitrary locations on the system. For example, the path \??\c:\x is equivalent to the more common path c:\x. Before fix, Clean could convert a rooted path such as \a\..\??\b into the root local device path \??\b. Clean will now convert this to .\??\b. Similarly, Join(\, ??, b) could convert a seemingly innocent sequence of path elements into the root local device path \??\b. Join will now convert this to \.\??\b. In addition, with fix, IsAbs now correctly reports paths beginning with \??\ as absolute, and VolumeName correctly reports the \??\ prefix as a volume name. UPDATE: Go 1.20.11 and Go 1.21.4 inadvertently changed the definition of the volume name in Windows paths starting with \?, resulting in filepath.Clean(\?\c:) returning \?\c: rather than \?\c:\ (among other effects). The previous behavior has been restored.",vuln-scan,cve:CVE-2023-45283,usr/local/go/pkg/tool/linux_amd64/vet,,,"Upgrade stdlib to a release that remediates CVE-2023-45283. This is a vulnerability finding, not a config-drift playbook.",2026-09-27,,2026-09-27,No,,,High,,,,,,,"default, not verified",,,CVE-2023-45283,"cpg_2_B,csf_PR_PS_02,nist80053_SI-2,nist80053_RA-5,cis_7_3,cis_7_4,cis_7_7"
EGP-F5FC2F9D1A,"SI-2, RA-5",Vulnerable OpenSSL included in cryptography wheels,"pyca/cryptography's wheels include a statically linked copy of OpenSSL. The versions of OpenSSL included in wheels prior to cryptograph 48.01 are vulnerable to a security issue. More details about the vulnerability itself can be found in https://openssl-library.org/news/secadv/20260609.txt.

If you are building cryptography source (""sdist"") then you are responsible for upgrading your copy of OpenSSL. Only users installing from wheels built by the cryptography project (i.e., those distributed on PyPI) need to update their cryptography versions.",vuln-scan,trivy:GHSA-537c-gmf6-5ccf,Python,,,"Identify the affected package or service and upgrade or isolate it so the reported vulnerability is not present. This is a vulnerability finding, not a config-drift playbook.",2026-09-27,,2026-09-27,No,,,High,,,,,,,"default, not verified",,,,"cpg_2_B,csf_PR_PS_02,nist80053_SI-2,nist80053_RA-5,cis_7_3,cis_7_4,cis_7_7"
EGP-D13319AC09,"SI-2, RA-5",acl: Symlink traversal privilege escalation via libacl functions,"acl before version 2.4.0 contains a symlink traversal vulnerability in the libacl pathname-based functions acl_get_file(), acl_set_file(), acl_extended_file(), and acl_delete_def_file() that allows local attackers to escalate privileges by replacing any pathname component with a symbolic link. Attackers who control any component of a pathname processed by a privileged caller can redirect ACL read or write operations to arbitrary files or directories, enabling unauthorized manipulation of access control lists and local privilege escalation.",vuln-scan,cve:CVE-2026-54369,stilliard/pure-ftpd:latest (debian 13.6),,,"Upgrade libacl1 to a release that remediates CVE-2026-54369. This is a vulnerability finding, not a config-drift playbook.",2026-09-27,,2026-09-27,No,,,High,,,,,,,"default, not verified",,,CVE-2026-54369,"cpg_2_B,csf_PR_PS_02,nist80053_SI-2,nist80053_RA-5,cis_7_3,cis_7_4,cis_7_7"
EGP-D2B0976FB2,"SI-2, RA-5",apr-util: Apache Portable Runtime Utility: SQL Injection via apr_dbd_oracle,"Improper Neutralization of Special Elements used in an SQL Command ('SQL Injection') vulnerability in Apache Portable Runtime Utility via apr_dbd_oracle provider.

This issue affects Apache Portable Runtime Utility: from 1.6.0 through 1.6.3",vuln-scan,cve:CVE-2026-34191,httpd:2.4-alpine (alpine 3.24.1),,,"Upgrade apr-util to a release that remediates CVE-2026-34191. This is a vulnerability finding, not a config-drift playbook.",2026-09-27,,2026-09-27,No,,,High,,,,,,,"default, not verified",,,CVE-2026-34191,"cpg_2_B,csf_PR_PS_02,nist80053_SI-2,nist80053_RA-5,cis_7_3,cis_7_4,cis_7_7"
EGP-3E7198EE7B,"SI-2, RA-5",busybox: invalid free or segmentation fault via malformed gzip data,"decompress_gunzip.c in BusyBox through 1.32.1 mishandles the error bit on the huft_build result pointer, with a resultant invalid free or segmentation fault, via malformed gzip data.",vuln-scan,cve:CVE-2021-28831,dperson/samba:latest (alpine 3.12.0),,,"Upgrade busybox to a release that remediates CVE-2021-28831. This is a vulnerability finding, not a config-drift playbook.",2026-09-27,,2026-09-27,No,,,High,,,,,,,"default, not verified",,,CVE-2021-28831,"cpg_2_B,csf_PR_PS_02,nist80053_SI-2,nist80053_RA-5,cis_7_3,cis_7_4,cis_7_7"
EGP-1AABF0D7C5,"SI-2, RA-5",busybox: invalid free or segmentation fault via malformed gzip data,"decompress_gunzip.c in BusyBox through 1.32.1 mishandles the error bit on the huft_build result pointer, with a resultant invalid free or segmentation fault, via malformed gzip data.",vuln-scan,cve:CVE-2021-28831,mailhog/mailhog:v1.0.1 (alpine 3.12.0),,,"Upgrade busybox to a release that remediates CVE-2021-28831. This is a vulnerability finding, not a config-drift playbook.",2026-09-27,,2026-09-27,No,,,High,,,,,,,"default, not verified",,,CVE-2021-28831,"cpg_2_B,csf_PR_PS_02,nist80053_SI-2,nist80053_RA-5,cis_7_3,cis_7_4,cis_7_7"
EGP-40B41B1006,"SI-2, RA-5",busybox: remote attackers may execute arbitrary code if netstat is used,"BusyBox through 1.35.0 allows remote attackers to execute arbitrary code if netstat is used to print a DNS PTR record's value to a VT compatible terminal. Alternatively, the attacker could choose to change the terminal's colors.",vuln-scan,cve:CVE-2022-28391,dperson/samba:latest (alpine 3.12.0),,,"Upgrade busybox to a release that remediates CVE-2022-28391. This is a vulnerability finding, not a config-drift playbook.",2026-09-27,,2026-09-27,No,,,High,,,,,,,"default, not verified",,,CVE-2022-28391,"cpg_2_B,csf_PR_PS_02,nist80053_SI-2,nist80053_RA-5,cis_7_3,cis_7_4,cis_7_7"
EGP-F6614A4295,"SI-2, RA-5",busybox: remote attackers may execute arbitrary code if netstat is used,"BusyBox through 1.35.0 allows remote attackers to execute arbitrary code if netstat is used to print a DNS PTR record's value to a VT compatible terminal. Alternatively, the attacker could choose to change the terminal's colors.",vuln-scan,cve:CVE-2022-28391,mailhog/mailhog:v1.0.1 (alpine 3.12.0),,,"Upgrade busybox to a release that remediates CVE-2022-28391. This is a vulnerability finding, not a config-drift playbook.",2026-09-27,,2026-09-27,No,,,High,,,,,,,"default, not verified",,,CVE-2022-28391,"cpg_2_B,csf_PR_PS_02,nist80053_SI-2,nist80053_RA-5,cis_7_3,cis_7_4,cis_7_7"
EGP-AC6CF79725,"SI-2, RA-5",busybox: use-after-free in awk applet leads to denial of service and possibly code execution when processing a crafted awk pattern in the clrvar(),A use-after-free in Busybox's awk applet leads to denial of service and possibly code execution when processing a crafted awk pattern in the clrvar function,vuln-scan,cve:CVE-2021-42380,dperson/samba:latest (alpine 3.12.0),,,"Upgrade busybox to a release that remediates CVE-2021-42380. This is a vulnerability finding, not a config-drift playbook.",2026-09-27,,2026-09-27,No,,,High,,,,,,,"default, not verified",,,CVE-2021-42380,"cpg_2_B,csf_PR_PS_02,nist80053_SI-2,nist80053_RA-5,cis_7_3,cis_7_4,cis_7_7"
EGP-AB2B08D76D,"SI-2, RA-5",busybox: use-after-free in awk applet leads to denial of service and possibly code execution when processing a crafted awk pattern in the clrvar(),A use-after-free in Busybox's awk applet leads to denial of service and possibly code execution when processing a crafted awk pattern in the clrvar function,vuln-scan,cve:CVE-2021-42380,mailhog/mailhog:v1.0.1 (alpine 3.12.0),,,"Upgrade busybox to a release that remediates CVE-2021-42380. This is a vulnerability finding, not a config-drift playbook.",2026-09-27,,2026-09-27,No,,,High,,,,,,,"default, not verified",,,CVE-2021-42380,"cpg_2_B,csf_PR_PS_02,nist80053_SI-2,nist80053_RA-5,cis_7_3,cis_7_4,cis_7_7"
EGP-E13E8D3F03,"SI-2, RA-5",busybox: use-after-free in awk applet leads to denial of service and possibly code execution when processing a crafted awk pattern in the evaluate(),A use-after-free in Busybox's awk applet leads to denial of service and possibly code execution when processing a crafted awk pattern in the evaluate function,vuln-scan,cve:CVE-2021-42383,dperson/samba:latest (alpine 3.12.0),,,"Upgrade busybox to a release that remediates CVE-2021-42383. This is a vulnerability finding, not a config-drift playbook.",2026-09-27,,2026-09-27,No,,,High,,,,,,,"default, not verified",,,CVE-2021-42383,"cpg_2_B,csf_PR_PS_02,nist80053_SI-2,nist80053_RA-5,cis_7_3,cis_7_4,cis_7_7"
EGP-30B15A8A49,"SI-2, RA-5",busybox: use-after-free in awk applet leads to denial of service and possibly code execution when processing a crafted awk pattern in the evaluate(),A use-after-free in Busybox's awk applet leads to denial of service and possibly code execution when processing a crafted awk pattern in the evaluate function,vuln-scan,cve:CVE-2021-42383,mailhog/mailhog:v1.0.1 (alpine 3.12.0),,,"Upgrade busybox to a release that remediates CVE-2021-42383. This is a vulnerability finding, not a config-drift playbook.",2026-09-27,,2026-09-27,No,,,High,,,,,,,"default, not verified",,,CVE-2021-42383,"cpg_2_B,csf_PR_PS_02,nist80053_SI-2,nist80053_RA-5,cis_7_3,cis_7_4,cis_7_7"
EGP-33560B355F,"SI-2, RA-5",busybox: use-after-free in awk applet leads to denial of service and possibly code execution when processing a crafted awk pattern in the evaluate(),A use-after-free in Busybox's awk applet leads to denial of service and possibly code execution when processing a crafted awk pattern in the evaluate function,vuln-scan,cve:CVE-2021-42385,dperson/samba:latest (alpine 3.12.0),,,"Upgrade busybox to a release that remediates CVE-2021-42385. This is a vulnerability finding, not a config-drift playbook.",2026-09-27,,2026-09-27,No,,,High,,,,,,,"default, not verified",,,CVE-2021-42385,"cpg_2_B,csf_PR_PS_02,nist80053_SI-2,nist80053_RA-5,cis_7_3,cis_7_4,cis_7_7"
EGP-F11C0615FC,"SI-2, RA-5",busybox: use-after-free in awk applet leads to denial of service and possibly code execution when processing a crafted awk pattern in the evaluate(),A use-after-free in Busybox's awk applet leads to denial of service and possibly code execution when processing a crafted awk pattern in the evaluate function,vuln-scan,cve:CVE-2021-42385,mailhog/mailhog:v1.0.1 (alpine 3.12.0),,,"Upgrade busybox to a release that remediates CVE-2021-42385. This is a vulnerability finding, not a config-drift playbook.",2026-09-27,,2026-09-27,No,,,High,,,,,,,"default, not verified",,,CVE-2021-42385,"cpg_2_B,csf_PR_PS_02,nist80053_SI-2,nist80053_RA-5,cis_7_3,cis_7_4,cis_7_7"
EGP-D8A1DDC586,"SI-2, RA-5",busybox: use-after-free in awk applet leads to denial of service and possibly code execution when processing a crafted awk pattern in the getvar_i(),A use-after-free in Busybox's awk applet leads to denial of service and possibly code execution when processing a crafted awk pattern in the getvar_i function,vuln-scan,cve:CVE-2021-42378,dperson/samba:latest (alpine 3.12.0),,,"Upgrade busybox to a release that remediates CVE-2021-42378. This is a vulnerability finding, not a config-drift playbook.",2026-09-27,,2026-09-27,No,,,High,,,,,,,"default, not verified",,,CVE-2021-42378,"cpg_2_B,csf_PR_PS_02,nist80053_SI-2,nist80053_RA-5,cis_7_3,cis_7_4,cis_7_7"
EGP-7183FFDC2A,"SI-2, RA-5",busybox: use-after-free in awk applet leads to denial of service and possibly code execution when processing a crafted awk pattern in the getvar_i(),A use-after-free in Busybox's awk applet leads to denial of service and possibly code execution when processing a crafted awk pattern in the getvar_i function,vuln-scan,cve:CVE-2021-42378,mailhog/mailhog:v1.0.1 (alpine 3.12.0),,,"Upgrade busybox to a release that remediates CVE-2021-42378. This is a vulnerability finding, not a config-drift playbook.",2026-09-27,,2026-09-27,No,,,High,,,,,,,"default, not verified",,,CVE-2021-42378,"cpg_2_B,csf_PR_PS_02,nist80053_SI-2,nist80053_RA-5,cis_7_3,cis_7_4,cis_7_7"
EGP-1DD75F0A3E,"SI-2, RA-5",busybox: use-after-free in awk applet leads to denial of service and possibly code execution when processing a crafted awk pattern in the getvar_s(),A use-after-free in Busybox's awk applet leads to denial of service and possibly code execution when processing a crafted awk pattern in the getvar_s function,vuln-scan,cve:CVE-2021-42382,dperson/samba:latest (alpine 3.12.0),,,"Upgrade busybox to a release that remediates CVE-2021-42382. This is a vulnerability finding, not a config-drift playbook.",2026-09-27,,2026-09-27,No,,,High,,,,,,,"default, not verified",,,CVE-2021-42382,"cpg_2_B,csf_PR_PS_02,nist80053_SI-2,nist80053_RA-5,cis_7_3,cis_7_4,cis_7_7"
EGP-E6AD2E76D7,"SI-2, RA-5",busybox: use-after-free in awk applet leads to denial of service and possibly code execution when processing a crafted awk pattern in the getvar_s(),A use-after-free in Busybox's awk applet leads to denial of service and possibly code execution when processing a crafted awk pattern in the getvar_s function,vuln-scan,cve:CVE-2021-42382,mailhog/mailhog:v1.0.1 (alpine 3.12.0),,,"Upgrade busybox to a release that remediates CVE-2021-42382. This is a vulnerability finding, not a config-drift playbook.",2026-09-27,,2026-09-27,No,,,High,,,,,,,"default, not verified",,,CVE-2021-42382,"cpg_2_B,csf_PR_PS_02,nist80053_SI-2,nist80053_RA-5,cis_7_3,cis_7_4,cis_7_7"
EGP-7341DF3373,"SI-2, RA-5",busybox: use-after-free in awk applet leads to denial of service and possibly code execution when processing a crafted awk pattern in the handle_special(),A use-after-free in Busybox's awk applet leads to denial of service and possibly code execution when processing a crafted awk pattern in the handle_special function,vuln-scan,cve:CVE-2021-42384,dperson/samba:latest (alpine 3.12.0),,,"Upgrade busybox to a release that remediates CVE-2021-42384. This is a vulnerability finding, not a config-drift playbook.",2026-09-27,,2026-09-27,No,,,High,,,,,,,"default, not verified",,,CVE-2021-42384,"cpg_2_B,csf_PR_PS_02,nist80053_SI-2,nist80053_RA-5,cis_7_3,cis_7_4,cis_7_7"
EGP-0175BE7A25,"SI-2, RA-5",busybox: use-after-free in awk applet leads to denial of service and possibly code execution when processing a crafted awk pattern in the handle_special(),A use-after-free in Busybox's awk applet leads to denial of service and possibly code execution when processing a crafted awk pattern in the handle_special function,vuln-scan,cve:CVE-2021-42384,mailhog/mailhog:v1.0.1 (alpine 3.12.0),,,"Upgrade busybox to a release that remediates CVE-2021-42384. This is a vulnerability finding, not a config-drift playbook.",2026-09-27,,2026-09-27,No,,,High,,,,,,,"default, not verified",,,CVE-2021-42384,"cpg_2_B,csf_PR_PS_02,nist80053_SI-2,nist80053_RA-5,cis_7_3,cis_7_4,cis_7_7"
EGP-ED9DF136A1,"SI-2, RA-5",busybox: use-after-free in awk applet leads to denial of service and possibly code execution when processing a crafted awk pattern in the hash_init(),A use-after-free in Busybox's awk applet leads to denial of service and possibly code execution when processing a crafted awk pattern in the hash_init function,vuln-scan,cve:CVE-2021-42381,dperson/samba:latest (alpine 3.12.0),,,"Upgrade busybox to a release that remediates CVE-2021-42381. This is a vulnerability finding, not a config-drift playbook.",2026-09-27,,2026-09-27,No,,,High,,,,,,,"default, not verified",,,CVE-2021-42381,"cpg_2_B,csf_PR_PS_02,nist80053_SI-2,nist80053_RA-5,cis_7_3,cis_7_4,cis_7_7"
EGP-AD68F36F7D,"SI-2, RA-5",busybox: use-after-free in awk applet leads to denial of service and possibly code execution when processing a crafted awk pattern in the hash_init(),A use-after-free in Busybox's awk applet leads to denial of service and possibly code execution when processing a crafted awk pattern in the hash_init function,vuln-scan,cve:CVE-2021-42381,mailhog/mailhog:v1.0.1 (alpine 3.12.0),,,"Upgrade busybox to a release that remediates CVE-2021-42381. This is a vulnerability finding, not a config-drift playbook.",2026-09-27,,2026-09-27,No,,,High,,,,,,,"default, not verified",,,CVE-2021-42381,"cpg_2_B,csf_PR_PS_02,nist80053_SI-2,nist80053_RA-5,cis_7_3,cis_7_4,cis_7_7"
EGP-E7157C0DEA,"SI-2, RA-5",busybox: use-after-free in awk applet leads to denial of service and possibly code execution when processing a crafted awk pattern in the next_input_file(),A use-after-free in Busybox's awk applet leads to denial of service and possibly code execution when processing a crafted awk pattern in the next_input_file function,vuln-scan,cve:CVE-2021-42379,dperson/samba:latest (alpine 3.12.0),,,"Upgrade busybox to a release that remediates CVE-2021-42379. This is a vulnerability finding, not a config-drift playbook.",2026-09-27,,2026-09-27,No,,,High,,,,,,,"default, not verified",,,CVE-2021-42379,"cpg_2_B,csf_PR_PS_02,nist80053_SI-2,nist80053_RA-5,cis_7_3,cis_7_4,cis_7_7"
EGP-EAFCEAC56D,"SI-2, RA-5",busybox: use-after-free in awk applet leads to denial of service and possibly code execution when processing a crafted awk pattern in the next_input_file(),A use-after-free in Busybox's awk applet leads to denial of service and possibly code execution when processing a crafted awk pattern in the next_input_file function,vuln-scan,cve:CVE-2021-42379,mailhog/mailhog:v1.0.1 (alpine 3.12.0),,,"Upgrade busybox to a release that remediates CVE-2021-42379. This is a vulnerability finding, not a config-drift playbook.",2026-09-27,,2026-09-27,No,,,High,,,,,,,"default, not verified",,,CVE-2021-42379,"cpg_2_B,csf_PR_PS_02,nist80053_SI-2,nist80053_RA-5,cis_7_3,cis_7_4,cis_7_7"
EGP-8207835865,"SI-2, RA-5",busybox: use-after-free in awk applet leads to denial of service and possibly code execution when processing a crafted awk pattern in the nvalloc(),A use-after-free in Busybox's awk applet leads to denial of service and possibly code execution when processing a crafted awk pattern in the nvalloc function,vuln-scan,cve:CVE-2021-42386,dperson/samba:latest (alpine 3.12.0),,,"Upgrade busybox to a release that remediates CVE-2021-42386. This is a vulnerability finding, not a config-drift playbook.",2026-09-27,,2026-09-27,No,,,High,,,,,,,"default, not verified",,,CVE-2021-42386,"cpg_2_B,csf_PR_PS_02,nist80053_SI-2,nist80053_RA-5,cis_7_3,cis_7_4,cis_7_7"
EGP-D537DD83AA,"SI-2, RA-5",busybox: use-after-free in awk applet leads to denial of service and possibly code execution when processing a crafted awk pattern in the nvalloc(),A use-after-free in Busybox's awk applet leads to denial of service and possibly code execution when processing a crafted awk pattern in the nvalloc function,vuln-scan,cve:CVE-2021-42386,mailhog/mailhog:v1.0.1 (alpine 3.12.0),,,"Upgrade busybox to a release that remediates CVE-2021-42386. This is a vulnerability finding, not a config-drift playbook.",2026-09-27,,2026-09-27,No,,,High,,,,,,,"default, not verified",,,CVE-2021-42386,"cpg_2_B,csf_PR_PS_02,nist80053_SI-2,nist80053_RA-5,cis_7_3,cis_7_4,cis_7_7"
EGP-106D600722,"SI-2, RA-5",c-ares: c-ares: Use-after-free / double-free in query-completion handling,"c-ares is an asynchronous resolver library. From ver 1.32.3 until 1.34.7, a use-after-free / double-free in c-ares' query-completion handling. The same flaw — a query's callback being invoked while the query is still linked in the channel's internal lookup structures — is present at multiple points in the resend/finish path (timeout handling, response handling, and query dispatch). If the query, or for ares_getaddrinfo() the owning host_query, is freed as a side effect of that callback, it is then accessed and/or freed a second time. This vulnerability is fixed in ver 1.34.7.",vuln-scan,cve:CVE-2026-33630,httpd:2.4-alpine (alpine 3.24.1),,,"Upgrade c-ares to a release that remediates CVE-2026-33630. This is a vulnerability finding, not a config-drift playbook.",2026-09-27,,2026-09-27,No,,,High,,,,,,,"default, not verified",,,CVE-2026-33630,"cpg_2_B,csf_PR_PS_02,nist80053_SI-2,nist80053_RA-5,cis_7_3,cis_7_4,cis_7_7"
EGP-D36B88CEA1,"SI-2, RA-5",c-ares: c-ares: Use-after-free / double-free in query-completion handling,"c-ares is an asynchronous resolver library. From ver 1.32.3 until 1.34.7, a use-after-free / double-free in c-ares' query-completion handling. The same flaw — a query's callback being invoked while the query is still linked in the channel's internal lookup structures — is present at multiple points in the resend/finish path (timeout handling, response handling, and query dispatch). If the query, or for ares_getaddrinfo() the owning host_query, is freed as a side effect of that callback, it is then accessed and/or freed a second time. This vulnerability is fixed in ver 1.34.7.",vuln-scan,cve:CVE-2026-33630,nginx:1.27-alpine (alpine 3.21.3),,,"Upgrade c-ares to a release that remediates CVE-2026-33630. This is a vulnerability finding, not a config-drift playbook.",2026-09-27,,2026-09-27,No,,,High,,,,,,,"default, not verified",,,CVE-2026-33630,"cpg_2_B,csf_PR_PS_02,nist80053_SI-2,nist80053_RA-5,cis_7_3,cis_7_4,cis_7_7"
EGP-6AF0867337,"SI-2, RA-5",crypto/tls: golang: Go crypto/tls: Denial of Service via multiple TLS 1.3 key update messages,"If one side of the TLS connection sends multiple key update messages post-handshake in a single record, the connection can deadlock, causing uncontrolled consumption of resources. This can lead to a denial of service. This only affects TLS 1.3.",vuln-scan,cve:CVE-2026-32283,usr/local/bin/gosu,,,"Upgrade stdlib to a release that remediates CVE-2026-32283. This is a vulnerability finding, not a config-drift playbook.",2026-09-27,,2026-09-27,No,,,High,,,,,,,"default, not verified",,,CVE-2026-32283,"cpg_2_B,csf_PR_PS_02,nist80053_SI-2,nist80053_RA-5,cis_7_3,cis_7_4,cis_7_7"
EGP-511C206EC9,"SI-2, RA-5",crypto/tls: golang: Go crypto/tls: Denial of Service via multiple TLS 1.3 key update messages,"If one side of the TLS connection sends multiple key update messages post-handshake in a single record, the connection can deadlock, causing uncontrolled consumption of resources. This can lead to a denial of service. This only affects TLS 1.3.",vuln-scan,cve:CVE-2026-32283,usr/local/go/pkg/tool/linux_amd64/vet,,,"Upgrade stdlib to a release that remediates CVE-2026-32283. This is a vulnerability finding, not a config-drift playbook.",2026-09-27,,2026-09-27,No,,,High,,,,,,,"default, not verified",,,CVE-2026-32283,"cpg_2_B,csf_PR_PS_02,nist80053_SI-2,nist80053_RA-5,cis_7_3,cis_7_4,cis_7_7"
EGP-EA1FB242D0,"SI-2, RA-5",crypto/tls: golang: Go crypto/tls: Denial of Service via multiple TLS 1.3 key update messages,"If one side of the TLS connection sends multiple key update messages post-handshake in a single record, the connection can deadlock, causing uncontrolled consumption of resources. This can lead to a denial of service. This only affects TLS 1.3.",vuln-scan,cve:CVE-2026-32283,whoami,,,"Upgrade stdlib to a release that remediates CVE-2026-32283. This is a vulnerability finding, not a config-drift playbook.",2026-09-27,,2026-09-27,No,,,High,,,,,,,"default, not verified",,,CVE-2026-32283,"cpg_2_B,csf_PR_PS_02,nist80053_SI-2,nist80053_RA-5,cis_7_3,cis_7_4,cis_7_7"
EGP-CE0C679405,"SI-2, RA-5",crypto/tls: golang: Golang crypto/tls: Denial of Service via indefinite KeyUpdate messages,"Handshake messages, such as KeyUpdate, are always considered as state-advancing, regardless of whether a handshake has been completed or not. As a result, a malicious client can keep sending KeyUpdate messages to force the server to keep performing key derivation operations indefinitely.",vuln-scan,cve:CVE-2026-56862,usr/local/bin/gosu,,,"Upgrade stdlib to a release that remediates CVE-2026-56862. This is a vulnerability finding, not a config-drift playbook.",2026-09-27,,2026-09-27,No,,,High,,,,,,,"default, not verified",,,CVE-2026-56862,"cpg_2_B,csf_PR_PS_02,nist80053_SI-2,nist80053_RA-5,cis_7_3,cis_7_4,cis_7_7"
EGP-A0E18C15C8,"SI-2, RA-5",crypto/tls: golang: Golang crypto/tls: Denial of Service via indefinite KeyUpdate messages,"Handshake messages, such as KeyUpdate, are always considered as state-advancing, regardless of whether a handshake has been completed or not. As a result, a malicious client can keep sending KeyUpdate messages to force the server to keep performing key derivation operations indefinitely.",vuln-scan,cve:CVE-2026-56862,usr/local/go/pkg/tool/linux_amd64/vet,,,"Upgrade stdlib to a release that remediates CVE-2026-56862. This is a vulnerability finding, not a config-drift playbook.",2026-09-27,,2026-09-27,No,,,High,,,,,,,"default, not verified",,,CVE-2026-56862,"cpg_2_B,csf_PR_PS_02,nist80053_SI-2,nist80053_RA-5,cis_7_3,cis_7_4,cis_7_7"
EGP-F3DEF0EAF9,"SI-2, RA-5",crypto/tls: golang: Golang crypto/tls: Denial of Service via indefinite KeyUpdate messages,"Handshake messages, such as KeyUpdate, are always considered as state-advancing, regardless of whether a handshake has been completed or not. As a result, a malicious client can keep sending KeyUpdate messages to force the server to keep performing key derivation operations indefinitely.",vuln-scan,cve:CVE-2026-56862,whoami,,,"Upgrade stdlib to a release that remediates CVE-2026-56862. This is a vulnerability finding, not a config-drift playbook.",2026-09-27,,2026-09-27,No,,,High,,,,,,,"default, not verified",,,CVE-2026-56862,"cpg_2_B,csf_PR_PS_02,nist80053_SI-2,nist80053_RA-5,cis_7_3,cis_7_4,cis_7_7"
EGP-DBE77033C0,"SI-2, RA-5",crypto/x509: crypto/tls: golang: Go: Denial of Service vulnerability in certificate chain building,"During chain building, the amount of work that is done is not correctly limited when a large number of intermediate certificates are passed in VerifyOptions.Intermediates, which can lead to a denial of service. This affects both direct users of crypto/x509 and users of crypto/tls.",vuln-scan,cve:CVE-2026-32280,usr/local/bin/gosu,,,"Upgrade stdlib to a release that remediates CVE-2026-32280. This is a vulnerability finding, not a config-drift playbook.",2026-09-27,,2026-09-27,No,,,High,,,,,,,"default, not verified",,,CVE-2026-32280,"cpg_2_B,csf_PR_PS_02,nist80053_SI-2,nist80053_RA-5,cis_7_3,cis_7_4,cis_7_7"
EGP-A705764EFD,"SI-2, RA-5",crypto/x509: crypto/tls: golang: Go: Denial of Service vulnerability in certificate chain building,"During chain building, the amount of work that is done is not correctly limited when a large number of intermediate certificates are passed in VerifyOptions.Intermediates, which can lead to a denial of service. This affects both direct users of crypto/x509 and users of crypto/tls.",vuln-scan,cve:CVE-2026-32280,usr/local/go/pkg/tool/linux_amd64/vet,,,"Upgrade stdlib to a release that remediates CVE-2026-32280. This is a vulnerability finding, not a config-drift playbook.",2026-09-27,,2026-09-27,No,,,High,,,,,,,"default, not verified",,,CVE-2026-32280,"cpg_2_B,csf_PR_PS_02,nist80053_SI-2,nist80053_RA-5,cis_7_3,cis_7_4,cis_7_7"
EGP-A9DA21D19A,"SI-2, RA-5",crypto/x509: crypto/tls: golang: Go: Denial of Service vulnerability in certificate chain building,"During chain building, the amount of work that is done is not correctly limited when a large number of intermediate certificates are passed in VerifyOptions.Intermediates, which can lead to a denial of service. This affects both direct users of crypto/x509 and users of crypto/tls.",vuln-scan,cve:CVE-2026-32280,whoami,,,"Upgrade stdlib to a release that remediates CVE-2026-32280. This is a vulnerability finding, not a config-drift playbook.",2026-09-27,,2026-09-27,No,,,High,,,,,,,"default, not verified",,,CVE-2026-32280,"cpg_2_B,csf_PR_PS_02,nist80053_SI-2,nist80053_RA-5,cis_7_3,cis_7_4,cis_7_7"
EGP-BF4A0B0B04,"SI-2, RA-5",crypto/x509: golang: Denial of Service due to excessive resource consumption via crafted certificate,"Within HostnameError.Error(), when constructing an error string, there is no limit to the number of hosts that will be printed out. Furthermore, the error string is constructed by repeated string concatenation, leading to quadratic runtime. Therefore, a certificate provided by a malicious actor can result in excessive resource consumption.",vuln-scan,cve:CVE-2025-61729,usr/local/bin/gosu,,,"Upgrade stdlib to a release that remediates CVE-2025-61729. This is a vulnerability finding, not a config-drift playbook.",2026-09-27,,2026-09-27,No,,,High,,,,,,,"default, not verified",,,CVE-2025-61729,"cpg_2_B,csf_PR_PS_02,nist80053_SI-2,nist80053_RA-5,cis_7_3,cis_7_4,cis_7_7"
EGP-60C69C5C9C,"SI-2, RA-5",crypto/x509: golang: Denial of Service due to excessive resource consumption via crafted certificate,"Within HostnameError.Error(), when constructing an error string, there is no limit to the number of hosts that will be printed out. Furthermore, the error string is constructed by repeated string concatenation, leading to quadratic runtime. Therefore, a certificate provided by a malicious actor can result in excessive resource consumption.",vuln-scan,cve:CVE-2025-61729,usr/local/go/pkg/tool/linux_amd64/vet,,,"Upgrade stdlib to a release that remediates CVE-2025-61729. This is a vulnerability finding, not a config-drift playbook.",2026-09-27,,2026-09-27,No,,,High,,,,,,,"default, not verified",,,CVE-2025-61729,"cpg_2_B,csf_PR_PS_02,nist80053_SI-2,nist80053_RA-5,cis_7_3,cis_7_4,cis_7_7"
EGP-E1EDAE8406,"SI-2, RA-5",crypto/x509: golang: Denial of Service due to excessive resource consumption via crafted certificate,"Within HostnameError.Error(), when constructing an error string, there is no limit to the number of hosts that will be printed out. Furthermore, the error string is constructed by repeated string concatenation, leading to quadratic runtime. Therefore, a certificate provided by a malicious actor can result in excessive resource consumption.",vuln-scan,cve:CVE-2025-61729,whoami,,,"Upgrade stdlib to a release that remediates CVE-2025-61729. This is a vulnerability finding, not a config-drift playbook.",2026-09-27,,2026-09-27,No,,,High,,,,,,,"default, not verified",,,CVE-2025-61729,"cpg_2_B,csf_PR_PS_02,nist80053_SI-2,nist80053_RA-5,cis_7_3,cis_7_4,cis_7_7"
EGP-ED1D817EAE,"SI-2, RA-5",crypto/x509: golang: Go crypto/x509: Denial of Service via inefficient certificate chain validation,"Validating certificate chains which use policies is unexpectedly inefficient when certificates in the chain contain a very large number of policy mappings, possibly causing denial of service. This only affects validation of otherwise trusted certificate chains, issued by a root CA in the VerifyOptions.Roots CertPool, or in the system certificate pool.",vuln-scan,cve:CVE-2026-32281,usr/local/bin/gosu,,,"Upgrade stdlib to a release that remediates CVE-2026-32281. This is a vulnerability finding, not a config-drift playbook.",2026-09-27,,2026-09-27,No,,,High,,,,,,,"default, not verified",,,CVE-2026-32281,"cpg_2_B,csf_PR_PS_02,nist80053_SI-2,nist80053_RA-5,cis_7_3,cis_7_4,cis_7_7"
EGP-68A0F6950A,"SI-2, RA-5",crypto/x509: golang: Go crypto/x509: Denial of Service via inefficient certificate chain validation,"Validating certificate chains which use policies is unexpectedly inefficient when certificates in the chain contain a very large number of policy mappings, possibly causing denial of service. This only affects validation of otherwise trusted certificate chains, issued by a root CA in the VerifyOptions.Roots CertPool, or in the system certificate pool.",vuln-scan,cve:CVE-2026-32281,usr/local/go/pkg/tool/linux_amd64/vet,,,"Upgrade stdlib to a release that remediates CVE-2026-32281. This is a vulnerability finding, not a config-drift playbook.",2026-09-27,,2026-09-27,No,,,High,,,,,,,"default, not verified",,,CVE-2026-32281,"cpg_2_B,csf_PR_PS_02,nist80053_SI-2,nist80053_RA-5,cis_7_3,cis_7_4,cis_7_7"
EGP-45E3FA9DCD,"SI-2, RA-5",crypto/x509: golang: Go crypto/x509: Denial of Service via inefficient certificate chain validation,"Validating certificate chains which use policies is unexpectedly inefficient when certificates in the chain contain a very large number of policy mappings, possibly causing denial of service. This only affects validation of otherwise trusted certificate chains, issued by a root CA in the VerifyOptions.Roots CertPool, or in the system certificate pool.",vuln-scan,cve:CVE-2026-32281,whoami,,,"Upgrade stdlib to a release that remediates CVE-2026-32281. This is a vulnerability finding, not a config-drift playbook.",2026-09-27,,2026-09-27,No,,,High,,,,,,,"default, not verified",,,CVE-2026-32281,"cpg_2_B,csf_PR_PS_02,nist80053_SI-2,nist80053_RA-5,cis_7_3,cis_7_4,cis_7_7"
EGP-2625FD5D0B,"SI-2, RA-5",crypto/x509: golang: golang crypto/x509: Denial of Service via excessive processing of DNS SAN entries,"(*x509.Certificate).VerifyHostname previously called matchHostnames in a loop over all DNS Subject Alternative Name (SAN) entries. This caused strings.Split(host, ""."") to execute repeatedly on the same input hostname. With a large DNS SAN list, verification costs scaled quadratically based on the number of SAN entries multiplied by the hostname's label count. Because x509.Verify validates hostnames before building the certificate chain, this overhead occurred even for untrusted certificates.",vuln-scan,cve:CVE-2026-27145,usr/local/bin/gosu,,,"Upgrade stdlib to a release that remediates CVE-2026-27145. This is a vulnerability finding, not a config-drift playbook.",2026-09-27,,2026-09-27,No,,,High,,,,,,,"default, not verified",,,CVE-2026-27145,"cpg_2_B,csf_PR_PS_02,nist80053_SI-2,nist80053_RA-5,cis_7_3,cis_7_4,cis_7_7"
EGP-FF51F781BC,"SI-2, RA-5",crypto/x509: golang: golang crypto/x509: Denial of Service via excessive processing of DNS SAN entries,"(*x509.Certificate).VerifyHostname previously called matchHostnames in a loop over all DNS Subject Alternative Name (SAN) entries. This caused strings.Split(host, ""."") to execute repeatedly on the same input hostname. With a large DNS SAN list, verification costs scaled quadratically based on the number of SAN entries multiplied by the hostname's label count. Because x509.Verify validates hostnames before building the certificate chain, this overhead occurred even for untrusted certificates.",vuln-scan,cve:CVE-2026-27145,usr/local/go/pkg/tool/linux_amd64/vet,,,"Upgrade stdlib to a release that remediates CVE-2026-27145. This is a vulnerability finding, not a config-drift playbook.",2026-09-27,,2026-09-27,No,,,High,,,,,,,"default, not verified",,,CVE-2026-27145,"cpg_2_B,csf_PR_PS_02,nist80053_SI-2,nist80053_RA-5,cis_7_3,cis_7_4,cis_7_7"
EGP-F257750CC4,"SI-2, RA-5",crypto/x509: golang: golang crypto/x509: Denial of Service via excessive processing of DNS SAN entries,"(*x509.Certificate).VerifyHostname previously called matchHostnames in a loop over all DNS Subject Alternative Name (SAN) entries. This caused strings.Split(host, ""."") to execute repeatedly on the same input hostname. With a large DNS SAN list, verification costs scaled quadratically based on the number of SAN entries multiplied by the hostname's label count. Because x509.Verify validates hostnames before building the certificate chain, this overhead occurred even for untrusted certificates.",vuln-scan,cve:CVE-2026-27145,whoami,,,"Upgrade stdlib to a release that remediates CVE-2026-27145. This is a vulnerability finding, not a config-drift playbook.",2026-09-27,,2026-09-27,No,,,High,,,,,,,"default, not verified",,,CVE-2026-27145,"cpg_2_B,csf_PR_PS_02,nist80053_SI-2,nist80053_RA-5,cis_7_3,cis_7_4,cis_7_7"
EGP-892598989F,"SI-2, RA-5",curl: Information disclosure due to uncleared proxy authentication state,"When reusing a libcurl handle for sequential transfers driven by
environment-variable proxy configuration, libcurl fails to clear the proxy
authentication state between requests. Specifically, if the initial transfer
authenticates against `proxyA` using Digest auth, a subsequent transfer routed
through `proxyB` erroneously leaks the `Proxy-[REDACTED] header intended
solely for `proxyA`.",vuln-scan,cve:CVE-2026-8927,httpd:2.4-alpine (alpine 3.24.1),,,"Upgrade libcurl to a release that remediates CVE-2026-8927. This is a vulnerability finding, not a config-drift playbook.",2026-09-27,,2026-09-27,No,,,High,,,,,,,"default, not verified",,,CVE-2026-8927,"cpg_2_B,csf_PR_PS_02,nist80053_SI-2,nist80053_RA-5,cis_7_3,cis_7_4,cis_7_7"
EGP-21CFB2F356,"SI-2, RA-5",curl: Information disclosure due to uncleared proxy authentication state,"When reusing a libcurl handle for sequential transfers driven by
environment-variable proxy configuration, libcurl fails to clear the proxy
authentication state between requests. Specifically, if the initial transfer
authenticates against `proxyA` using Digest auth, a subsequent transfer routed
through `proxyB` erroneously leaks the `Proxy-[REDACTED] header intended
solely for `proxyA`.",vuln-scan,cve:CVE-2026-8927,mysql:8.4 (oracle 9.8),,,"Upgrade curl to a release that remediates CVE-2026-8927. This is a vulnerability finding, not a config-drift playbook.",2026-09-27,,2026-09-27,No,,,High,,,,,,,"default, not verified",,,CVE-2026-8927,"cpg_2_B,csf_PR_PS_02,nist80053_SI-2,nist80053_RA-5,cis_7_3,cis_7_4,cis_7_7"
EGP-5CD5F518C4,"SI-2, RA-5",curl: curl: Denial of Service via WebSocket PING flood,"By default, curl automatically responds to WebSocket PING frames. Because curl
lacks an upper bound on memory allocation for unacknowledged frames, a
malicious server can exhaust all available memory by flooding curl with rapid,
sequential PING messages.",vuln-scan,cve:CVE-2026-11586,httpd:2.4-alpine (alpine 3.24.1),,,"Upgrade libcurl to a release that remediates CVE-2026-11586. This is a vulnerability finding, not a config-drift playbook.",2026-09-27,,2026-09-27,No,,,High,,,,,,,"default, not verified",,,CVE-2026-11586,"cpg_2_B,csf_PR_PS_02,nist80053_SI-2,nist80053_RA-5,cis_7_3,cis_7_4,cis_7_7"
EGP-6010769683,"SI-2, RA-5",curl: curl: Double-free vulnerability in SASL authentication,"The curl logic that works with SASL authentication could end up cleaning up
the GSASL context *twice* without clearing the pointer in between, making it
`free()` the same pointer twice.",vuln-scan,cve:CVE-2026-8925,httpd:2.4-alpine (alpine 3.24.1),,,"Upgrade libcurl to a release that remediates CVE-2026-8925. This is a vulnerability finding, not a config-drift playbook.",2026-09-27,,2026-09-27,No,,,High,,,,,,,"default, not verified",,,CVE-2026-8925,"cpg_2_B,csf_PR_PS_02,nist80053_SI-2,nist80053_RA-5,cis_7_3,cis_7_4,cis_7_7"
EGP-1E96BC98A0,"SI-2, RA-5",curl: curl: Insecure connection establishment due to TLS configuration mismatch,"A vulnerability exists where a new transfer that uses STARTTLS to upgrade the
connection might reuse an existing live connection even though the TLS
configuration mismatches so it should not.",vuln-scan,cve:CVE-2026-8286,httpd:2.4-alpine (alpine 3.24.1),,,"Upgrade libcurl to a release that remediates CVE-2026-8286. This is a vulnerability finding, not a config-drift playbook.",2026-09-27,,2026-09-27,No,,,High,,,,,,,"default, not verified",,,CVE-2026-8286,"cpg_2_B,csf_PR_PS_02,nist80053_SI-2,nist80053_RA-5,cis_7_3,cis_7_4,cis_7_7"
EGP-90A626B0E8,"SI-2, RA-5",curl: curl: Man-in-the-middle attack via SSH host key bypass,"When a libcurl-based application performs transfers via `SCP://` or `SFTP://`
and utilizes the `CURLOPT_SSH_KEYFUNCTION` callback, it may silently accept an
untrusted server. This vulnerability occurs when a server presents a host key
type that does not match the specific key type already recorded for that host
in the `known_hosts` file. Instead of rejecting the mismatch, the callback
mechanism fails to properly enforce the restriction, allowing the connection
to succeed without warning and risking a potential man-in-the-middle attack.",vuln-scan,cve:CVE-2026-9547,httpd:2.4-alpine (alpine 3.24.1),,,"Upgrade libcurl to a release that remediates CVE-2026-9547. This is a vulnerability finding, not a config-drift playbook.",2026-09-27,,2026-09-27,No,,,High,,,,,,,"default, not verified",,,CVE-2026-9547,"cpg_2_B,csf_PR_PS_02,nist80053_SI-2,nist80053_RA-5,cis_7_3,cis_7_4,cis_7_7"
EGP-357F11773E,"SI-2, RA-5",curl: curl: SSH host verification bypass when using schemeless URLs with SFTP/SCP,"When a user invokes curl using a schemeless URL combined with
`--proto-default` sftp (or scp), a disconnect occurs between the tool layer
and libcurl. The tool layer incorrectly infers the URL scheme, which
erroneously bypasses the initialization of critical SSH security options like
CURLOPT_SSH_HOST_PUBLIC_KEY_SHA256 and CURLOPT_SSH_KNOWNHOSTS. Conversely, the
libcurl runtime successfully honors CURLOPT_DEFAULT_PROTOCOL and establishes
the connection via SFTP/SCP as specified. Because the tool layer skipped the
security configuration, these SSH host verification options are silently
omitted, causing curl to connect to an unverified SSH remote host without
throwing an error.",vuln-scan,cve:CVE-2026-12064,httpd:2.4-alpine (alpine 3.24.1),,,"Upgrade libcurl to a release that remediates CVE-2026-12064. This is a vulnerability finding, not a config-drift playbook.",2026-09-27,,2026-09-27,No,,,High,,,,,,,"default, not verified",,,CVE-2026-12064,"cpg_2_B,csf_PR_PS_02,nist80053_SI-2,nist80053_RA-5,cis_7_3,cis_7_4,cis_7_7"
EGP-DFC5F093BC,"SI-2, RA-5",curl: libcurl: Unauthorized connection reuse due to a logical error,"libcurl might in some circumstances reuse the wrong connection when asked to
do Negotiate-authenticated ones, even when they are set to use different
""services"".

libcurl features a pool of recent connections so that subsequent requests can
reuse an existing connection to avoid overhead.

When reusing a connection a range of criteria must be met. Due to a logical
error in the code, a request that was issued by an application could
wrongfully reuse an existing connection to the same server that was
authenticated using different services.",vuln-scan,cve:CVE-2026-8458,httpd:2.4-alpine (alpine 3.24.1),,,"Upgrade libcurl to a release that remediates CVE-2026-8458. This is a vulnerability finding, not a config-drift playbook.",2026-09-27,,2026-09-27,No,,,High,,,,,,,"default, not verified",,,CVE-2026-8458,"cpg_2_B,csf_PR_PS_02,nist80053_SI-2,nist80053_RA-5,cis_7_3,cis_7_4,cis_7_7"
EGP-A6C8FC2C51,"SI-2, RA-5",curl: libcurl: Unauthorized connection reuse due to a logical error,"libcurl might in some circumstances reuse the wrong connection when asked to
do Negotiate-authenticated ones, even when they are set to use different
""services"".

libcurl features a pool of recent connections so that subsequent requests can
reuse an existing connection to avoid overhead.

When reusing a connection a range of criteria must be met. Due to a logical
error in the code, a request that was issued by an application could
wrongfully reuse an existing connection to the same server that was
authenticated using different services.",vuln-scan,cve:CVE-2026-8458,mysql:8.4 (oracle 9.8),,,"Upgrade curl to a release that remediates CVE-2026-8458. This is a vulnerability finding, not a config-drift playbook.",2026-09-27,,2026-09-27,No,,,High,,,,,,,"default, not verified",,,CVE-2026-8458,"cpg_2_B,csf_PR_PS_02,nist80053_SI-2,nist80053_RA-5,cis_7_3,cis_7_4,cis_7_7"
EGP-FE402B74EC,"SI-2, RA-5",curl: libcurl: curl/libcurl: Remote denial of service via QUIC UDP receive function vulnerability,"An issue in curl’s QUIC UDP receive function allows a malicious HTTP/3 server
to trigger a remote denial of service against a curl or libcurl client.
Because the helper function discards zero-length UDP datagrams before counting
them toward the per-call packet budget, a connected QUIC peer can continuously
stream empty datagrams to indefinitely stall the client.",vuln-scan,cve:CVE-2026-11352,httpd:2.4-alpine (alpine 3.24.1),,,"Upgrade libcurl to a release that remediates CVE-2026-11352. This is a vulnerability finding, not a config-drift playbook.",2026-09-27,,2026-09-27,No,,,High,,,,,,,"default, not verified",,,CVE-2026-11352,"cpg_2_B,csf_PR_PS_02,nist80053_SI-2,nist80053_RA-5,cis_7_3,cis_7_4,cis_7_7"
EGP-AC6E358F30,"SI-2, RA-5",cyrus-sasl: failure to properly escape SQL input allows an attacker to execute arbitrary SQL commands,"In Cyrus SASL 2.1.17 through 2.1.27 before 2.1.28, plugins/sql.c does not escape the password for a SQL INSERT or UPDATE statement.",vuln-scan,cve:CVE-2022-24407,dperson/samba:latest (alpine 3.12.0),,,"Upgrade libsasl to a release that remediates CVE-2022-24407. This is a vulnerability finding, not a config-drift playbook.",2026-09-27,,2026-09-27,No,,,High,,,,,,,"default, not verified",,,CVE-2022-24407,"cpg_2_B,csf_PR_PS_02,nist80053_SI-2,nist80053_RA-5,cis_7_3,cis_7_4,cis_7_7"
EGP-D5C3CB8756,"SI-2, RA-5",encoding/asn1: golang: Go encoding/asn1: Denial of Service via excessive recursion in Unmarshal,"Enforce a recursion limit in Unmarshal to prevent stack exhaustion when parsing deeply-nested, recursive structures.",vuln-scan,cve:CVE-2026-33818,usr/local/bin/gosu,,,"Upgrade stdlib to a release that remediates CVE-2026-33818. This is a vulnerability finding, not a config-drift playbook.",2026-09-27,,2026-09-27,No,,,High,,,,,,,"default, not verified",,,CVE-2026-33818,"cpg_2_B,csf_PR_PS_02,nist80053_SI-2,nist80053_RA-5,cis_7_3,cis_7_4,cis_7_7"
EGP-62170532A0,"SI-2, RA-5",encoding/asn1: golang: Go encoding/asn1: Denial of Service via excessive recursion in Unmarshal,"Enforce a recursion limit in Unmarshal to prevent stack exhaustion when parsing deeply-nested, recursive structures.",vuln-scan,cve:CVE-2026-33818,usr/local/go/pkg/tool/linux_amd64/vet,,,"Upgrade stdlib to a release that remediates CVE-2026-33818. This is a vulnerability finding, not a config-drift playbook.",2026-09-27,,2026-09-27,No,,,High,,,,,,,"default, not verified",,,CVE-2026-33818,"cpg_2_B,csf_PR_PS_02,nist80053_SI-2,nist80053_RA-5,cis_7_3,cis_7_4,cis_7_7"
EGP-A38136C6D7,"SI-2, RA-5",encoding/asn1: golang: Go encoding/asn1: Denial of Service via excessive recursion in Unmarshal,"Enforce a recursion limit in Unmarshal to prevent stack exhaustion when parsing deeply-nested, recursive structures.",vuln-scan,cve:CVE-2026-33818,whoami,,,"Upgrade stdlib to a release that remediates CVE-2026-33818. This is a vulnerability finding, not a config-drift playbook.",2026-09-27,,2026-09-27,No,,,High,,,,,,,"default, not verified",,,CVE-2026-33818,"cpg_2_B,csf_PR_PS_02,nist80053_SI-2,nist80053_RA-5,cis_7_3,cis_7_4,cis_7_7"
EGP-1C8BC25D94,"SI-2, RA-5",encoding/gob: golang: Calling Decoder.Decode on a message which contains deeply nested structures can cause a panic due to stack exhaustion,Calling Decoder.Decode on a message which contains deeply nested structures can cause a panic due to stack exhaustion. This is a follow-up to CVE-2022-30635.,vuln-scan,cve:CVE-2024-34156,usr/local/go/pkg/tool/linux_amd64/vet,,,"Upgrade stdlib to a release that remediates CVE-2024-34156. This is a vulnerability finding, not a config-drift playbook.",2026-09-27,,2026-09-27,No,,,High,,,,,,,"default, not verified",,,CVE-2024-34156,"cpg_2_B,csf_PR_PS_02,nist80053_SI-2,nist80053_RA-5,cis_7_3,cis_7_4,cis_7_7"
EGP-E19C8CDEE7,"SI-2, RA-5",encoding/xml: golang: Go: Denial of Service via XML decoding recursion depth issue,"Previously, DecodeElement would reset the depth counter causing it to never fire; this could lead to stack exhaustion.",vuln-scan,cve:CVE-2026-56859,usr/local/bin/gosu,,,"Upgrade stdlib to a release that remediates CVE-2026-56859. This is a vulnerability finding, not a config-drift playbook.",2026-09-27,,2026-09-27,No,,,High,,,,,,,"default, not verified",,,CVE-2026-56859,"cpg_2_B,csf_PR_PS_02,nist80053_SI-2,nist80053_RA-5,cis_7_3,cis_7_4,cis_7_7"
EGP-DADAD0C6D4,"SI-2, RA-5",encoding/xml: golang: Go: Denial of Service via XML decoding recursion depth issue,"Previously, DecodeElement would reset the depth counter causing it to never fire; this could lead to stack exhaustion.",vuln-scan,cve:CVE-2026-56859,usr/local/go/pkg/tool/linux_amd64/vet,,,"Upgrade stdlib to a release that remediates CVE-2026-56859. This is a vulnerability finding, not a config-drift playbook.",2026-09-27,,2026-09-27,No,,,High,,,,,,,"default, not verified",,,CVE-2026-56859,"cpg_2_B,csf_PR_PS_02,nist80053_SI-2,nist80053_RA-5,cis_7_3,cis_7_4,cis_7_7"
EGP-6330F40AE3,"SI-2, RA-5",encoding/xml: golang: Go: Denial of Service via XML decoding recursion depth issue,"Previously, DecodeElement would reset the depth counter causing it to never fire; this could lead to stack exhaustion.",vuln-scan,cve:CVE-2026-56859,whoami,,,"Upgrade stdlib to a release that remediates CVE-2026-56859. This is a vulnerability finding, not a config-drift playbook.",2026-09-27,,2026-09-27,No,,,High,,,,,,,"default, not verified",,,CVE-2026-56859,"cpg_2_B,csf_PR_PS_02,nist80053_SI-2,nist80053_RA-5,cis_7_3,cis_7_4,cis_7_7"
EGP-A2F3597DD5,"SI-2, RA-5",expat: Expat: Denial of Service via XML external entity parsing,"Expat through 2.8.3 contains an out-of-bounds read vulnerability that allows attackers to trigger memory corruption by processing XML with external entity parsers created via XML_ExternalEntityParserCreate. A struct size mismatch between ELEMENT_TYPE members causes storeAtts to read the attIndex member past allocated memory boundaries, resulting in failure to normalize whitespace in non-CDATA attributes or a wild pointer dereference causing a segfault. This vulnerability was introduced by the fix for CVE-2026-66046.",vuln-scan,cve:CVE-2026-76641,httpd:2.4-alpine (alpine 3.24.1),,,"Upgrade libexpat to a release that remediates CVE-2026-76641. This is a vulnerability finding, not a config-drift playbook.",2026-09-27,,2026-09-27,No,,,High,,,,,,,"default, not verified",,,CVE-2026-76641,"cpg_2_B,csf_PR_PS_02,nist80053_SI-2,nist80053_RA-5,cis_7_3,cis_7_4,cis_7_7"
EGP-B532D7E227,"SI-2, RA-5",expat: Expat: Denial of Service via XML external entity parsing,"Expat through 2.8.3 contains an out-of-bounds read vulnerability that allows attackers to trigger memory corruption by processing XML with external entity parsers created via XML_ExternalEntityParserCreate. A struct size mismatch between ELEMENT_TYPE members causes storeAtts to read the attIndex member past allocated memory boundaries, resulting in failure to normalize whitespace in non-CDATA attributes or a wild pointer dereference causing a segfault. This vulnerability was introduced by the fix for CVE-2026-66046.",vuln-scan,cve:CVE-2026-76641,nginx:1.27-alpine (alpine 3.21.3),,,"Upgrade libexpat to a release that remediates CVE-2026-76641. This is a vulnerability finding, not a config-drift playbook.",2026-09-27,,2026-09-27,No,,,High,,,,,,,"default, not verified",,,CVE-2026-76641,"cpg_2_B,csf_PR_PS_02,nist80053_SI-2,nist80053_RA-5,cis_7_3,cis_7_4,cis_7_7"
EGP-87FEC85C84,"SI-2, RA-5",expat: Expat: Denial of Service via quadratic complexity in attribute processing,"Expat through 2.8.3 contains a denial of service vulnerability caused by quadratic algorithmic complexity in the storeAtts() function in xmlparse.c, where processing N specified attributes with non-normalized values triggers an O(N^2) linear scan of elementType->defaultAtts to determine CDATA status. A remote unauthenticated attacker can supply a single well-formed XML document of a few megabytes to an application parsing untrusted XML to cause excessive CPU consumption, resulting in denial of service without requiring authentication, external entity resolution, or non-default parser options.",vuln-scan,cve:CVE-2026-66046,httpd:2.4-alpine (alpine 3.24.1),,,"Upgrade libexpat to a release that remediates CVE-2026-66046. This is a vulnerability finding, not a config-drift playbook.",2026-09-27,,2026-09-27,No,,,High,,,,,,,"default, not verified",,,CVE-2026-66046,"cpg_2_B,csf_PR_PS_02,nist80053_SI-2,nist80053_RA-5,cis_7_3,cis_7_4,cis_7_7"
EGP-E341038C8C,"SI-2, RA-5",expat: Expat: Denial of Service via quadratic complexity in attribute processing,"Expat through 2.8.3 contains a denial of service vulnerability caused by quadratic algorithmic complexity in the storeAtts() function in xmlparse.c, where processing N specified attributes with non-normalized values triggers an O(N^2) linear scan of elementType->defaultAtts to determine CDATA status. A remote unauthenticated attacker can supply a single well-formed XML document of a few megabytes to an application parsing untrusted XML to cause excessive CPU consumption, resulting in denial of service without requiring authentication, external entity resolution, or non-default parser options.",vuln-scan,cve:CVE-2026-66046,nginx:1.27-alpine (alpine 3.21.3),,,"Upgrade libexpat to a release that remediates CVE-2026-66046. This is a vulnerability finding, not a config-drift playbook.",2026-09-27,,2026-09-27,No,,,High,,,,,,,"default, not verified",,,CVE-2026-66046,"cpg_2_B,csf_PR_PS_02,nist80053_SI-2,nist80053_RA-5,cis_7_3,cis_7_4,cis_7_7"
EGP-0E771572FB,"SI-2, RA-5",expat: Expat: XML Injection via Malformed UTF-16 Input,"Expat through 2.8.4 fails to validate low surrogates following high surrogates in UTF-16 input, allowing malformed UTF-16 sequences to be accepted. Attackers can craft UTF-16 encoded XML with lone high surrogates that consume following code units, hiding markup characters from the parser and enabling XML injection attacks.",vuln-scan,cve:CVE-2026-93990,httpd:2.4-alpine (alpine 3.24.1),,,"Upgrade libexpat to a release that remediates CVE-2026-93990. This is a vulnerability finding, not a config-drift playbook.",2026-09-27,,2026-09-27,No,,,High,,,,,,,"default, not verified",,,CVE-2026-93990,"cpg_2_B,csf_PR_PS_02,nist80053_SI-2,nist80053_RA-5,cis_7_3,cis_7_4,cis_7_7"
EGP-33237CF1C1,"SI-2, RA-5",expat: Integer overflow in copyString(),"In Expat (aka libexpat) before 2.4.5, there is an integer overflow in copyString.",vuln-scan,cve:CVE-2022-25314,dperson/samba:latest (alpine 3.12.0),,,"Upgrade expat to a release that remediates CVE-2022-25314. This is a vulnerability finding, not a config-drift playbook.",2026-09-27,,2026-09-27,No,,,High,,,,,,,"default, not verified",,,CVE-2022-25314,"cpg_2_B,csf_PR_PS_02,nist80053_SI-2,nist80053_RA-5,cis_7_3,cis_7_4,cis_7_7"
EGP-A491B64ECC,"SI-2, RA-5",expat: Integer overflow in doProlog in xmlparse.c,"In doProlog in xmlparse.c in Expat (aka libexpat) before 2.4.3, an integer overflow exists for m_groupSize.",vuln-scan,cve:CVE-2021-46143,dperson/samba:latest (alpine 3.12.0),,,"Upgrade expat to a release that remediates CVE-2021-46143. This is a vulnerability finding, not a config-drift playbook.",2026-09-27,,2026-09-27,No,,,High,,,,,,,"default, not verified",,,CVE-2021-46143,"cpg_2_B,csf_PR_PS_02,nist80053_SI-2,nist80053_RA-5,cis_7_3,cis_7_4,cis_7_7"
EGP-014A7E45A2,"SI-2, RA-5",expat: Integer overflow in lookup in xmlparse.c,lookup in xmlparse.c in Expat (aka libexpat) before 2.4.3 has an integer overflow.,vuln-scan,cve:CVE-2022-22825,dperson/samba:latest (alpine 3.12.0),,,"Upgrade expat to a release that remediates CVE-2022-22825. This is a vulnerability finding, not a config-drift playbook.",2026-09-27,,2026-09-27,No,,,High,,,,,,,"default, not verified",,,CVE-2022-22825,"cpg_2_B,csf_PR_PS_02,nist80053_SI-2,nist80053_RA-5,cis_7_3,cis_7_4,cis_7_7"
EGP-018E6A370A,"SI-2, RA-5",expat: Integer overflow in nextScaffoldPart in xmlparse.c,nextScaffoldPart in xmlparse.c in Expat (aka libexpat) before 2.4.3 has an integer overflow.,vuln-scan,cve:CVE-2022-22826,dperson/samba:latest (alpine 3.12.0),,,"Upgrade expat to a release that remediates CVE-2022-22826. This is a vulnerability finding, not a config-drift playbook.",2026-09-27,,2026-09-27,No,,,High,,,,,,,"default, not verified",,,CVE-2022-22826,"cpg_2_B,csf_PR_PS_02,nist80053_SI-2,nist80053_RA-5,cis_7_3,cis_7_4,cis_7_7"
EGP-F665D6B3C5,"SI-2, RA-5",expat: Integer overflow in storeAtts in xmlparse.c,storeAtts in xmlparse.c in Expat (aka libexpat) before 2.4.3 has an integer overflow.,vuln-scan,cve:CVE-2022-22827,dperson/samba:latest (alpine 3.12.0),,,"Upgrade expat to a release that remediates CVE-2022-22827. This is a vulnerability finding, not a config-drift playbook.",2026-09-27,,2026-09-27,No,,,High,,,,,,,"default, not verified",,,CVE-2022-22827,"cpg_2_B,csf_PR_PS_02,nist80053_SI-2,nist80053_RA-5,cis_7_3,cis_7_4,cis_7_7"
EGP-7E92000430,"SI-2, RA-5",expat: Large number of prefixed XML attributes on a single tag can crash libexpat,"In Expat (aka libexpat) before 2.4.3, a left shift by 29 (or more) places in the storeAtts function in xmlparse.c can lead to realloc misbehavior (e.g., allocating too few bytes, or only freeing memory).",vuln-scan,cve:CVE-2021-45960,dperson/samba:latest (alpine 3.12.0),,,"Upgrade expat to a release that remediates CVE-2021-45960. This is a vulnerability finding, not a config-drift playbook.",2026-09-27,,2026-09-27,No,,,High,,,,,,,"default, not verified",,,CVE-2021-45960,"cpg_2_B,csf_PR_PS_02,nist80053_SI-2,nist80053_RA-5,cis_7_3,cis_7_4,cis_7_7"
EGP-88E2B29433,"SI-2, RA-5",expat: integer overflow in the doProlog function,Expat (aka libexpat) before 2.4.4 has an integer overflow in the doProlog function.,vuln-scan,cve:CVE-2022-23990,dperson/samba:latest (alpine 3.12.0),,,"Upgrade expat to a release that remediates CVE-2022-23990. This is a vulnerability finding, not a config-drift playbook.",2026-09-27,,2026-09-27,No,,,High,,,,,,,"default, not verified",,,CVE-2022-23990,"cpg_2_B,csf_PR_PS_02,nist80053_SI-2,nist80053_RA-5,cis_7_3,cis_7_4,cis_7_7"
EGP-16AB949828,"SI-2, RA-5",firefox: thunderbird: expat: libexpat in Expat allows attackers to trigger large dynamic memory allocations via a small document that is submitted for parsing,libexpat in Expat before 2.7.2 allows attackers to trigger large dynamic memory allocations via a small document that is submitted for parsing.,vuln-scan,cve:CVE-2025-59375,nginx:1.27-alpine (alpine 3.21.3),,,"Upgrade libexpat to a release that remediates CVE-2025-59375. This is a vulnerability finding, not a config-drift playbook.",2026-09-27,,2026-09-27,No,,,High,,,,,,,"default, not verified",,,CVE-2025-59375,"cpg_2_B,csf_PR_PS_02,nist80053_SI-2,nist80053_RA-5,cis_7_3,cis_7_4,cis_7_7"
EGP-A36EECCFB6,"SI-2, RA-5",gmp: Integer overflow and resultant buffer overflow via crafted input,"GNU Multiple Precision Arithmetic Library (GMP) through 6.2.1 has an mpz/inp_raw.c integer overflow and resultant buffer overflow via crafted input, leading to a segmentation fault on 32-bit platforms.",vuln-scan,cve:CVE-2021-43618,dperson/samba:latest (alpine 3.12.0),,,"Upgrade gmp to a release that remediates CVE-2021-43618. This is a vulnerability finding, not a config-drift playbook.",2026-09-27,,2026-09-27,No,,,High,,,,,,,"default, not verified",,,CVE-2021-43618,"cpg_2_B,csf_PR_PS_02,nist80053_SI-2,nist80053_RA-5,cis_7_3,cis_7_4,cis_7_7"
EGP-9132B138A4,"SI-2, RA-5",gnutls: Heap buffer overflow in handshake with no_renegotiation alert sent,"An issue was discovered in GnuTLS before 3.6.15. A server can trigger a NULL pointer dereference in a TLS 1.3 client if a no_renegotiation alert is sent with unexpected timing, and then an invalid second handshake occurs. The crash happens in the application's error handling path, where the gnutls_deinit function is called after detecting a handshake failure.",vuln-scan,cve:CVE-2020-24659,dperson/samba:latest (alpine 3.12.0),,,"Upgrade gnutls to a release that remediates CVE-2020-24659. This is a vulnerability finding, not a config-drift playbook.",2026-09-27,,2026-09-27,No,,,High,,,,,,,"default, not verified",,,CVE-2020-24659,"cpg_2_B,csf_PR_PS_02,nist80053_SI-2,nist80053_RA-5,cis_7_3,cis_7_4,cis_7_7"
EGP-3A057A439C,"SI-2, RA-5",golang.org/x/crypto/ssh: golang.org/x/crypto/ssh: Authentication bypass due to unenforced source-address restrictions,"The source-address critical option in the Permissions returned by an authentication callback was only enforced for the PublicKeyCallback and VerifiedPublicKeyCallback paths, extending the fix for CVE-2026-46595. Permissions returned by the PasswordCallback, KeyboardInteractiveCallback, NoClientAuthCallback, and GSSAPIWithMICConfig.AllowLogin callbacks were not validated against the client's remote address, so a source-address restriction set by those callbacks was silently ignored. The check is now applied to the Permissions returned by any authentication callback.",vuln-scan,cve:CVE-2026-56854,usr/bin/mongotop,,,"Upgrade golang.org/x/crypto to a release that remediates CVE-2026-56854. This is a vulnerability finding, not a config-drift playbook.",2026-09-27,,2026-09-27,No,,,High,,,,,,,"default, not verified",,,CVE-2026-56854,"cpg_2_B,csf_PR_PS_02,nist80053_SI-2,nist80053_RA-5,cis_7_3,cis_7_4,cis_7_7"
EGP-78718E8EB3,"SI-2, RA-5",golang.org/x/net/dns/dnsmessage: golang.org/x/net/dns/dnsmessage: Denial of Service via invalid DNS record parsing,Parsing an invalid SVCB or HTTPS RR can panic when the size of a parameter value overflows the message buffer.,vuln-scan,cve:CVE-2026-46600,usr/bin/mongotop,,,"Upgrade stdlib to a release that remediates CVE-2026-46600. This is a vulnerability finding, not a config-drift playbook.",2026-09-27,,2026-09-27,No,,,High,,,,,,,"default, not verified",,,CVE-2026-46600,"cpg_2_B,csf_PR_PS_02,nist80053_SI-2,nist80053_RA-5,cis_7_3,cis_7_4,cis_7_7"
EGP-A5149C4A26,"SI-2, RA-5",golang.org/x/net/http2: avoid quadratic complexity in HPACK decoding,"A maliciously crafted HTTP/2 stream could cause excessive CPU consumption in the HPACK decoder, sufficient to cause a denial of service from a small number of small requests.",vuln-scan,cve:CVE-2022-41723,usr/local/go/pkg/tool/linux_amd64/vet,,,"Upgrade stdlib to a release that remediates CVE-2022-41723. This is a vulnerability finding, not a config-drift playbook.",2026-09-27,,2026-09-27,No,,,High,,,,,,,"default, not verified",,,CVE-2022-41723,"cpg_2_B,csf_PR_PS_02,nist80053_SI-2,nist80053_RA-5,cis_7_3,cis_7_4,cis_7_7"
EGP-E8BCE56719,"SI-2, RA-5",golang.org/x/net/idna: golang: net/http: golang.org/x/net/idna: Privilege escalation via incorrect Punycode label processing,"The ToASCII and ToUnicode functions incorrectly accept Punycode-encoded labels that decode to an ASCII-only label. For example, ToUnicode(""xn--example-.com"") incorrectly returns the name ""example.com"" rather than an error. This behavior can lead to privilege escalation in programs using the idna package. For example, a program which performs privilege checks on the ASCII hostname may reject ""example.com"" but permit ""xn--example-.com"". If that program subsequently converts the ASCII hostname to Unicode, it will inadvertently permits access to the Unicode name ""example.com"".",vuln-scan,cve:CVE-2026-39821,usr/local/bin/gosu,,,"Upgrade stdlib to a release that remediates CVE-2026-39821. This is a vulnerability finding, not a config-drift playbook.",2026-09-27,,2026-09-27,No,,,High,,,,,,,"default, not verified",,,CVE-2026-39821,"cpg_2_B,csf_PR_PS_02,nist80053_SI-2,nist80053_RA-5,cis_7_3,cis_7_4,cis_7_7"
EGP-D85CDCA065,"SI-2, RA-5",golang.org/x/net/idna: golang: net/http: golang.org/x/net/idna: Privilege escalation via incorrect Punycode label processing,"The ToASCII and ToUnicode functions incorrectly accept Punycode-encoded labels that decode to an ASCII-only label. For example, ToUnicode(""xn--example-.com"") incorrectly returns the name ""example.com"" rather than an error. This behavior can lead to privilege escalation in programs using the idna package. For example, a program which performs privilege checks on the ASCII hostname may reject ""example.com"" but permit ""xn--example-.com"". If that program subsequently converts the ASCII hostname to Unicode, it will inadvertently permits access to the Unicode name ""example.com"".",vuln-scan,cve:CVE-2026-39821,usr/local/go/pkg/tool/linux_amd64/vet,,,"Upgrade stdlib to a release that remediates CVE-2026-39821. This is a vulnerability finding, not a config-drift playbook.",2026-09-27,,2026-09-27,No,,,High,,,,,,,"default, not verified",,,CVE-2026-39821,"cpg_2_B,csf_PR_PS_02,nist80053_SI-2,nist80053_RA-5,cis_7_3,cis_7_4,cis_7_7"
EGP-B051519D40,"SI-2, RA-5",golang.org/x/net/idna: golang: net/http: golang.org/x/net/idna: Privilege escalation via incorrect Punycode label processing,"The ToASCII and ToUnicode functions incorrectly accept Punycode-encoded labels that decode to an ASCII-only label. For example, ToUnicode(""xn--example-.com"") incorrectly returns the name ""example.com"" rather than an error. This behavior can lead to privilege escalation in programs using the idna package. For example, a program which performs privilege checks on the ASCII hostname may reject ""example.com"" but permit ""xn--example-.com"". If that program subsequently converts the ASCII hostname to Unicode, it will inadvertently permits access to the Unicode name ""example.com"".",vuln-scan,cve:CVE-2026-39821,whoami,,,"Upgrade stdlib to a release that remediates CVE-2026-39821. This is a vulnerability finding, not a config-drift playbook.",2026-09-27,,2026-09-27,No,,,High,,,,,,,"default, not verified",,,CVE-2026-39821,"cpg_2_B,csf_PR_PS_02,nist80053_SI-2,nist80053_RA-5,cis_7_3,cis_7_4,cis_7_7"
EGP-4F075CEA9F,"SI-2, RA-5",golang: Go os.Root: Symlink following vulnerability allows directory traversal,"On Unix systems, opening a file in an os.Root improperly follows symlinks to locations outside of the Root when the final path component of the a path is a symbolic link and the path ends in /. For example, 'root.Open(""symlink/"")' will open ""symlink"" even when ""symlink"" is a symbolic link pointing outside of the root.",vuln-scan,cve:CVE-2026-39822,usr/local/bin/gosu,,,"Upgrade stdlib to a release that remediates CVE-2026-39822. This is a vulnerability finding, not a config-drift playbook.",2026-09-27,,2026-09-27,No,,,High,,,,,,,"default, not verified",,,CVE-2026-39822,"cpg_2_B,csf_PR_PS_02,nist80053_SI-2,nist80053_RA-5,cis_7_3,cis_7_4,cis_7_7"
EGP-537D1B65CC,"SI-2, RA-5",golang: Go os.Root: Symlink following vulnerability allows directory traversal,"On Unix systems, opening a file in an os.Root improperly follows symlinks to locations outside of the Root when the final path component of the a path is a symbolic link and the path ends in /. For example, 'root.Open(""symlink/"")' will open ""symlink"" even when ""symlink"" is a symbolic link pointing outside of the root.",vuln-scan,cve:CVE-2026-39822,usr/local/go/pkg/tool/linux_amd64/vet,,,"Upgrade stdlib to a release that remediates CVE-2026-39822. This is a vulnerability finding, not a config-drift playbook.",2026-09-27,,2026-09-27,No,,,High,,,,,,,"default, not verified",,,CVE-2026-39822,"cpg_2_B,csf_PR_PS_02,nist80053_SI-2,nist80053_RA-5,cis_7_3,cis_7_4,cis_7_7"
EGP-18000A574A,"SI-2, RA-5",golang: Go os.Root: Symlink following vulnerability allows directory traversal,"On Unix systems, opening a file in an os.Root improperly follows symlinks to locations outside of the Root when the final path component of the a path is a symbolic link and the path ends in /. For example, 'root.Open(""symlink/"")' will open ""symlink"" even when ""symlink"" is a symbolic link pointing outside of the root.",vuln-scan,cve:CVE-2026-39822,whoami,,,"Upgrade stdlib to a release that remediates CVE-2026-39822. This is a vulnerability finding, not a config-drift playbook.",2026-09-27,,2026-09-27,No,,,High,,,,,,,"default, not verified",,,CVE-2026-39822,"cpg_2_B,csf_PR_PS_02,nist80053_SI-2,nist80053_RA-5,cis_7_3,cis_7_4,cis_7_7"
EGP-1A9BB2F3A7,"SI-2, RA-5",golang: archive/tar: github.com/vbatts/tar-split: unbounded memory consumption when reading headers,"Reader.Read does not set a limit on the maximum size of file headers. A maliciously crafted archive could cause Read to allocate unbounded amounts of memory, potentially causing resource exhaustion or panics. After fix, Reader.Read limits the maximum size of header blocks to 1 MiB.",vuln-scan,cve:CVE-2022-2879,usr/local/go/pkg/tool/linux_amd64/vet,,,"Upgrade stdlib to a release that remediates CVE-2022-2879. This is a vulnerability finding, not a config-drift playbook.",2026-09-27,,2026-09-27,No,,,High,,,,,,,"default, not verified",,,CVE-2022-2879,"cpg_2_B,csf_PR_PS_02,nist80053_SI-2,nist80053_RA-5,cis_7_3,cis_7_4,cis_7_7"
EGP-A06C1AFD9A,"SI-2, RA-5",golang: archive/zip: Reader.Open panics on empty string,Go before 1.16.10 and 1.17.x before 1.17.3 allows an archive/zip Reader.Open panic via a crafted ZIP archive containing an invalid name or an empty filename field.,vuln-scan,cve:CVE-2021-41772,usr/local/go/pkg/tool/linux_amd64/vet,,,"Upgrade stdlib to a release that remediates CVE-2021-41772. This is a vulnerability finding, not a config-drift playbook.",2026-09-27,,2026-09-27,No,,,High,,,,,,,"default, not verified",,,CVE-2021-41772,"cpg_2_B,csf_PR_PS_02,nist80053_SI-2,nist80053_RA-5,cis_7_3,cis_7_4,cis_7_7"
EGP-79BE98DE13,"SI-2, RA-5",golang: archive/zip: malformed archive may cause panic or memory exhaustion,"In archive/zip in Go before 1.15.13 and 1.16.x before 1.16.5, a crafted file count (in an archive's header) can cause a NewReader or OpenReader panic.",vuln-scan,cve:CVE-2021-33196,usr/local/go/pkg/tool/linux_amd64/vet,,,"Upgrade stdlib to a release that remediates CVE-2021-33196. This is a vulnerability finding, not a config-drift playbook.",2026-09-27,,2026-09-27,No,,,High,,,,,,,"default, not verified",,,CVE-2021-33196,"cpg_2_B,csf_PR_PS_02,nist80053_SI-2,nist80053_RA-5,cis_7_3,cis_7_4,cis_7_7"
EGP-077C4CE994,"SI-2, RA-5",golang: archive/zip: malformed archive may cause panic or memory exhaustion (incomplete fix of CVE-2021-33196),"In archive/zip in Go before 1.16.8 and 1.17.x before 1.17.1, a crafted archive header (falsely designating that many files are present) can cause a NewReader or OpenReader panic. NOTE: this issue exists because of an incomplete fix for CVE-2021-33196.",vuln-scan,cve:CVE-2021-39293,usr/local/go/pkg/tool/linux_amd64/vet,,,"Upgrade stdlib to a release that remediates CVE-2021-39293. This is a vulnerability finding, not a config-drift playbook.",2026-09-27,,2026-09-27,No,,,High,,,,,,,"default, not verified",,,CVE-2021-39293,"cpg_2_B,csf_PR_PS_02,nist80053_SI-2,nist80053_RA-5,cis_7_3,cis_7_4,cis_7_7"
EGP-D414A81A51,"SI-2, RA-5",golang: compress/gzip: stack exhaustion in Reader.Read,Uncontrolled recursion in Reader.Read in compress/gzip before Go 1.17.12 and Go 1.18.4 allows an attacker to cause a panic due to stack exhaustion via an archive containing a large number of concatenated 0-length compressed files.,vuln-scan,cve:CVE-2022-30631,usr/local/go/pkg/tool/linux_amd64/vet,,,"Upgrade stdlib to a release that remediates CVE-2022-30631. This is a vulnerability finding, not a config-drift playbook.",2026-09-27,,2026-09-27,No,,,High,,,,,,,"default, not verified",,,CVE-2022-30631,"cpg_2_B,csf_PR_PS_02,nist80053_SI-2,nist80053_RA-5,cis_7_3,cis_7_4,cis_7_7"
EGP-5287B1A5C1,"SI-2, RA-5",golang: crypto/elliptic: panic caused by oversized scalar,The generic P-256 feature in crypto/elliptic in Go before 1.17.9 and 1.18.x before 1.18.1 allows a panic via long scalar input.,vuln-scan,cve:CVE-2022-28327,usr/local/go/pkg/tool/linux_amd64/vet,,,"Upgrade stdlib to a release that remediates CVE-2022-28327. This is a vulnerability finding, not a config-drift playbook.",2026-09-27,,2026-09-27,No,,,High,,,,,,,"default, not verified",,,CVE-2022-28327,"cpg_2_B,csf_PR_PS_02,nist80053_SI-2,nist80053_RA-5,cis_7_3,cis_7_4,cis_7_7"
EGP-0C7227D79C,"SI-2, RA-5",golang: crypto/tls: Timing Side Channel attack in RSA based TLS key exchanges.,"Before Go 1.20, the RSA based TLS key exchanges used the math/big library, which is not constant time. RSA blinding was applied to prevent timing attacks, but analysis shows this may not have been fully effective. In particular it appears as if the removal of PKCS#1 padding may leak timing information, which in turn could be used to recover session key bits. In Go 1.20, the crypto/tls library switched to a fully constant time RSA implementation, which we do not believe exhibits any timing side channels.",vuln-scan,cve:CVE-2023-45287,usr/local/go/pkg/tool/linux_amd64/vet,,,"Upgrade stdlib to a release that remediates CVE-2023-45287. This is a vulnerability finding, not a config-drift playbook.",2026-09-27,,2026-09-27,No,,,High,,,,,,,"default, not verified",,,CVE-2023-45287,"cpg_2_B,csf_PR_PS_02,nist80053_SI-2,nist80053_RA-5,cis_7_3,cis_7_4,cis_7_7"
EGP-EA551E0329,"SI-2, RA-5",golang: crypto/tls: large handshake records may cause panics,"Large handshake records may cause panics in crypto/tls. Both clients and servers may send large TLS handshake records which cause servers and clients, respectively, to panic when attempting to construct responses. This affects all TLS 1.3 clients, TLS 1.2 clients which explicitly enable session resumption (by setting Config.ClientSessionCache to a non-nil value), and TLS 1.3 servers which request client certificates (by setting Config.ClientAuth >= RequestClientCert).",vuln-scan,cve:CVE-2022-41724,usr/local/go/pkg/tool/linux_amd64/vet,,,"Upgrade stdlib to a release that remediates CVE-2022-41724. This is a vulnerability finding, not a config-drift playbook.",2026-09-27,,2026-09-27,No,,,High,,,,,,,"default, not verified",,,CVE-2022-41724,"cpg_2_B,csf_PR_PS_02,nist80053_SI-2,nist80053_RA-5,cis_7_3,cis_7_4,cis_7_7"
EGP-0C946FC451,"SI-2, RA-5",golang: debug/macho: invalid dynamic symbol table command can cause panic,"ImportedSymbols in debug/macho (for Open or OpenFat) in Go before 1.16.10 and 1.17.x before 1.17.3 Accesses a Memory Location After the End of a Buffer, aka an out-of-bounds slice situation.",vuln-scan,cve:CVE-2021-41771,usr/local/go/pkg/tool/linux_amd64/vet,,,"Upgrade stdlib to a release that remediates CVE-2021-41771. This is a vulnerability finding, not a config-drift playbook.",2026-09-27,,2026-09-27,No,,,High,,,,,,,"default, not verified",,,CVE-2021-41771,"cpg_2_B,csf_PR_PS_02,nist80053_SI-2,nist80053_RA-5,cis_7_3,cis_7_4,cis_7_7"
EGP-A0C1392A7D,"SI-2, RA-5",golang: encoding/gob: stack exhaustion in Decoder.Decode,Uncontrolled recursion in Decoder.Decode in encoding/gob before Go 1.17.12 and Go 1.18.4 allows an attacker to cause a panic due to stack exhaustion via a message which contains deeply nested structures.,vuln-scan,cve:CVE-2022-30635,usr/local/go/pkg/tool/linux_amd64/vet,,,"Upgrade stdlib to a release that remediates CVE-2022-30635. This is a vulnerability finding, not a config-drift playbook.",2026-09-27,,2026-09-27,No,,,High,,,,,,,"default, not verified",,,CVE-2022-30635,"cpg_2_B,csf_PR_PS_02,nist80053_SI-2,nist80053_RA-5,cis_7_3,cis_7_4,cis_7_7"
EGP-D02BAF5CEA,"SI-2, RA-5",golang: encoding/pem: fix stack overflow in Decode,encoding/pem in Go before 1.17.9 and 1.18.x before 1.18.1 has a Decode stack overflow via a large amount of PEM data.,vuln-scan,cve:CVE-2022-24675,usr/local/go/pkg/tool/linux_amd64/vet,,,"Upgrade stdlib to a release that remediates CVE-2022-24675. This is a vulnerability finding, not a config-drift playbook.",2026-09-27,,2026-09-27,No,,,High,,,,,,,"default, not verified",,,CVE-2022-24675,"cpg_2_B,csf_PR_PS_02,nist80053_SI-2,nist80053_RA-5,cis_7_3,cis_7_4,cis_7_7"
EGP-5DF10A8E69,"SI-2, RA-5",golang: encoding/xml: infinite loop when using xml.NewTokenDecoder with a custom TokenReader,"encoding/xml in Go before 1.15.9 and 1.16.x before 1.16.1 has an infinite loop if a custom TokenReader (for xml.NewTokenDecoder) returns EOF in the middle of an element. This can occur in the Decode, DecodeElement, or Skip method.",vuln-scan,cve:CVE-2021-27918,usr/local/go/pkg/tool/linux_amd64/vet,,,"Upgrade stdlib to a release that remediates CVE-2021-27918. This is a vulnerability finding, not a config-drift playbook.",2026-09-27,,2026-09-27,No,,,High,,,,,,,"default, not verified",,,CVE-2021-27918,"cpg_2_B,csf_PR_PS_02,nist80053_SI-2,nist80053_RA-5,cis_7_3,cis_7_4,cis_7_7"
EGP-61CA267434,"SI-2, RA-5",golang: encoding/xml: stack exhaustion in Decoder.Skip,Uncontrolled recursion in Decoder.Skip in encoding/xml before Go 1.17.12 and Go 1.18.4 allows an attacker to cause a panic due to stack exhaustion via a deeply nested XML document.,vuln-scan,cve:CVE-2022-28131,usr/local/go/pkg/tool/linux_amd64/vet,,,"Upgrade stdlib to a release that remediates CVE-2022-28131. This is a vulnerability finding, not a config-drift playbook.",2026-09-27,,2026-09-27,No,,,High,,,,,,,"default, not verified",,,CVE-2022-28131,"cpg_2_B,csf_PR_PS_02,nist80053_SI-2,nist80053_RA-5,cis_7_3,cis_7_4,cis_7_7"
EGP-74C0B93B60,"SI-2, RA-5",golang: encoding/xml: stack exhaustion in Unmarshal,Uncontrolled recursion in Unmarshal in encoding/xml before Go 1.17.12 and Go 1.18.4 allows an attacker to cause a panic due to stack exhaustion via unmarshalling an XML document into a Go struct which has a nested field that uses the 'any' field tag.,vuln-scan,cve:CVE-2022-30633,usr/local/go/pkg/tool/linux_amd64/vet,,,"Upgrade stdlib to a release that remediates CVE-2022-30633. This is a vulnerability finding, not a config-drift playbook.",2026-09-27,,2026-09-27,No,,,High,,,,,,,"default, not verified",,,CVE-2022-30633,"cpg_2_B,csf_PR_PS_02,nist80053_SI-2,nist80053_RA-5,cis_7_3,cis_7_4,cis_7_7"
EGP-AAFCDF1E69,"SI-2, RA-5",golang: go/parser: Infinite loop in parsing,Calling any of the Parse functions on Go source code which contains //line directives with very large line numbers can cause an infinite loop due to integer overflow.,vuln-scan,cve:CVE-2023-24537,usr/local/go/pkg/tool/linux_amd64/vet,,,"Upgrade stdlib to a release that remediates CVE-2023-24537. This is a vulnerability finding, not a config-drift playbook.",2026-09-27,,2026-09-27,No,,,High,,,,,,,"default, not verified",,,CVE-2023-24537,"cpg_2_B,csf_PR_PS_02,nist80053_SI-2,nist80053_RA-5,cis_7_3,cis_7_4,cis_7_7"
EGP-4383313041,"SI-2, RA-5",golang: html/template: improper handling of empty HTML attributes,"Templates containing actions in unquoted HTML attributes (e.g. ""attr={{.}}"") executed with empty input can result in output with unexpected results when parsed due to HTML normalization rules. This may allow injection of arbitrary attributes into tags.",vuln-scan,cve:CVE-2023-29400,usr/local/go/pkg/tool/linux_amd64/vet,,,"Upgrade stdlib to a release that remediates CVE-2023-29400. This is a vulnerability finding, not a config-drift playbook.",2026-09-27,,2026-09-27,No,,,High,,,,,,,"default, not verified",,,CVE-2023-29400,"cpg_2_B,csf_PR_PS_02,nist80053_SI-2,nist80053_RA-5,cis_7_3,cis_7_4,cis_7_7"
EGP-6A2AE551B8,"SI-2, RA-5",golang: html/template: improper sanitization of CSS values,"Angle brackets (<>) are not considered dangerous characters when inserted into CSS contexts. Templates containing multiple actions separated by a '/' character can result in unexpectedly closing the CSS context and allowing for injection of unexpected HTML, if executed with untrusted input.",vuln-scan,cve:CVE-2023-24539,usr/local/go/pkg/tool/linux_amd64/vet,,,"Upgrade stdlib to a release that remediates CVE-2023-24539. This is a vulnerability finding, not a config-drift playbook.",2026-09-27,,2026-09-27,No,,,High,,,,,,,"default, not verified",,,CVE-2023-24539,"cpg_2_B,csf_PR_PS_02,nist80053_SI-2,nist80053_RA-5,cis_7_3,cis_7_4,cis_7_7"
EGP-54FFABDCFC,"SI-2, RA-5",golang: io/fs: stack exhaustion in Glob,Uncontrolled recursion in Glob in io/fs before Go 1.17.12 and Go 1.18.4 allows an attacker to cause a panic due to stack exhaustion via a path which contains a large number of path separators.,vuln-scan,cve:CVE-2022-30630,usr/local/go/pkg/tool/linux_amd64/vet,,,"Upgrade stdlib to a release that remediates CVE-2022-30630. This is a vulnerability finding, not a config-drift playbook.",2026-09-27,,2026-09-27,No,,,High,,,,,,,"default, not verified",,,CVE-2022-30630,"cpg_2_B,csf_PR_PS_02,nist80053_SI-2,nist80053_RA-5,cis_7_3,cis_7_4,cis_7_7"
EGP-3F205F4E88,"SI-2, RA-5",golang: math/big.Rat: may cause a panic or an unrecoverable fatal error if passed inputs with very large exponents,"In Go before 1.15.13 and 1.16.x before 1.16.5, there can be a panic for a large exponent to the math/big.Rat SetString or UnmarshalText method.",vuln-scan,cve:CVE-2021-33198,usr/local/go/pkg/tool/linux_amd64/vet,,,"Upgrade stdlib to a release that remediates CVE-2021-33198. This is a vulnerability finding, not a config-drift playbook.",2026-09-27,,2026-09-27,No,,,High,,,,,,,"default, not verified",,,CVE-2021-33198,"cpg_2_B,csf_PR_PS_02,nist80053_SI-2,nist80053_RA-5,cis_7_3,cis_7_4,cis_7_7"
EGP-3B74E79FDB,"SI-2, RA-5","golang: math/big: decoding big.Float and big.Rat types can panic if the encoded message is too short, potentially allowing a denial of service","A too-short encoded message can cause a panic in Float.GobDecode and Rat GobDecode in math/big in Go before 1.17.13 and 1.18.5, potentially allowing a denial of service.",vuln-scan,cve:CVE-2022-32189,usr/local/go/pkg/tool/linux_amd64/vet,,,"Upgrade stdlib to a release that remediates CVE-2022-32189. This is a vulnerability finding, not a config-drift playbook.",2026-09-27,,2026-09-27,No,,,High,,,,,,,"default, not verified",,,CVE-2022-32189,"cpg_2_B,csf_PR_PS_02,nist80053_SI-2,nist80053_RA-5,cis_7_3,cis_7_4,cis_7_7"
EGP-BE4309B492,"SI-2, RA-5",golang: math/big: panic during recursive division of very large numbers,Go before 1.14.12 and 1.15.x before 1.15.4 allows Denial of Service.,vuln-scan,cve:CVE-2020-28362,usr/local/go/pkg/tool/linux_amd64/vet,,,"Upgrade stdlib to a release that remediates CVE-2020-28362. This is a vulnerability finding, not a config-drift playbook.",2026-09-27,,2026-09-27,No,,,High,,,,,,,"default, not verified",,,CVE-2020-28362,"cpg_2_B,csf_PR_PS_02,nist80053_SI-2,nist80053_RA-5,cis_7_3,cis_7_4,cis_7_7"
EGP-553FF2B983,"SI-2, RA-5",golang: math/big: uncontrolled memory consumption due to an unhandled overflow via Rat.SetString,Rat.SetString in math/big in Go before 1.16.14 and 1.17.x before 1.17.7 has an overflow that can lead to Uncontrolled Memory Consumption.,vuln-scan,cve:CVE-2022-23772,usr/local/go/pkg/tool/linux_amd64/vet,,,"Upgrade stdlib to a release that remediates CVE-2022-23772. This is a vulnerability finding, not a config-drift playbook.",2026-09-27,,2026-09-27,No,,,High,,,,,,,"default, not verified",,,CVE-2022-23772,"cpg_2_B,csf_PR_PS_02,nist80053_SI-2,nist80053_RA-5,cis_7_3,cis_7_4,cis_7_7"
EGP-2EB7E2A346,"SI-2, RA-5","golang: net/http, mime/multipart: denial of service from excessive resource consumption","A denial of service is possible from excessive resource consumption in net/http and mime/multipart. Multipart form parsing with mime/multipart.Reader.ReadForm can consume largely unlimited amounts of memory and disk files. This also affects form parsing in the net/http package with the Request methods FormFile, FormValue, ParseMultipartForm, and PostFormValue. ReadForm takes a maxMemory parameter, and is documented as storing ""up to maxMemory bytes +10MB (reserved for non-file parts) in memory"". File parts which cannot be stored in memory are stored on disk in temporary files. The unconfigurable 10MB reserved for non-file parts is excessively large and can potentially open a denial of service vector on its own. However, ReadForm did not properly account for all memory consumed by a parsed form, such as map entry overhead, part names, and MIME headers, permitting a maliciously crafted form to consume well over 10MB. In addition, ReadForm contained no limit on the number of disk files created, permitting a relatively small request body to create a large number of disk temporary files. With fix, ReadForm now properly accounts for various forms of memory overhead, and should now stay within its documented limit of 10MB + maxMemory bytes of memory consumption. Users should still be aware that this limit is high and may still be hazardous. In addition, ReadForm now creates at most one on-disk temporary file, combining multiple form parts into a single temporary file. The mime/multipart.File interface type's documentation states, ""If stored on disk, the File's underlying concrete type will be an *os.File."". This is no longer the case when a form contains more than one file part, due to this coalescing of parts into a single file. The previous behavior of using distinct files for each form part may be reenabled with the environment variable GODEBUG=multipartfiles=distinct. Users should be aware that multipart.ReadForm and the http.Request methods that call it do not limit the amount of disk consumed by temporary files. Callers can limit the size of form data with http.MaxBytesReader.",vuln-scan,cve:CVE-2022-41725,usr/local/go/pkg/tool/linux_amd64/vet,,,"Upgrade stdlib to a release that remediates CVE-2022-41725. This is a vulnerability finding, not a config-drift playbook.",2026-09-27,,2026-09-27,No,,,High,,,,,,,"default, not verified",,,CVE-2022-41725,"cpg_2_B,csf_PR_PS_02,nist80053_SI-2,nist80053_RA-5,cis_7_3,cis_7_4,cis_7_7"
EGP-DDABCB664F,"SI-2, RA-5","golang: net/http, net/textproto, mime/multipart: denial of service from excessive resource consumption","Multipart form parsing can consume large amounts of CPU and memory when processing form inputs containing very large numbers of parts. This stems from several causes: 1. mime/multipart.Reader.ReadForm limits the total memory a parsed multipart form can consume. ReadForm can undercount the amount of memory consumed, leading it to accept larger inputs than intended. 2. Limiting total memory does not account for increased pressure on the garbage collector from large numbers of small allocations in forms with many parts. 3. ReadForm can allocate a large number of short-lived buffers, further increasing pressure on the garbage collector. The combination of these factors can permit an attacker to cause an program that parses multipart forms to consume large amounts of CPU and memory, potentially resulting in a denial of service. This affects programs that use mime/multipart.Reader.ReadForm, as well as form parsing in the net/http package with the Request methods FormFile, FormValue, ParseMultipartForm, and PostFormValue. With fix, ReadForm now does a better job of estimating the memory consumption of parsed forms, and performs many fewer short-lived allocations. In addition, the fixed mime/multipart.Reader imposes the following limits on the size of parsed forms: 1. Forms parsed with ReadForm may contain no more than 1000 parts. This limit may be adjusted with the environment variable GODEBUG=multipartmaxparts=. 2. Form parts parsed with NextPart and NextRawPart may contain no more than 10,000 header fields. In addition, forms parsed with ReadForm may contain no more than 10,000 header fields across all parts. This limit may be adjusted with the environment variable GODEBUG=multipartmaxheaders=.",vuln-scan,cve:CVE-2023-24536,usr/local/go/pkg/tool/linux_amd64/vet,,,"Upgrade stdlib to a release that remediates CVE-2023-24536. This is a vulnerability finding, not a config-drift playbook.",2026-09-27,,2026-09-27,No,,,High,,,,,,,"default, not verified",,,CVE-2023-24536,"cpg_2_B,csf_PR_PS_02,nist80053_SI-2,nist80053_RA-5,cis_7_3,cis_7_4,cis_7_7"
EGP-628FC190C8,"SI-2, RA-5","golang: net/http, net/textproto: denial of service from excessive memory allocation","HTTP and MIME header parsing can allocate large amounts of memory, even when parsing small inputs, potentially leading to a denial of service. Certain unusual patterns of input data can cause the common function used to parse HTTP and MIME headers to allocate substantially more memory than required to hold the parsed headers. An attacker can exploit this behavior to cause an HTTP server to allocate large amounts of memory from a small request, potentially leading to memory exhaustion and a denial of service. With fix, header parsing now correctly allocates only the memory required to hold parsed headers.",vuln-scan,cve:CVE-2023-24534,usr/local/go/pkg/tool/linux_amd64/vet,,,"Upgrade stdlib to a release that remediates CVE-2023-24534. This is a vulnerability finding, not a config-drift playbook.",2026-09-27,,2026-09-27,No,,,High,,,,,,,"default, not verified",,,CVE-2023-24534,"cpg_2_B,csf_PR_PS_02,nist80053_SI-2,nist80053_RA-5,cis_7_3,cis_7_4,cis_7_7"
EGP-0D9DAB1E88,"SI-2, RA-5","golang: net/http, x/net/http2: rapid stream resets can cause excessive work (CVE-2023-44487)","A malicious HTTP/2 client which rapidly creates requests and immediately resets them can cause excessive server resource consumption. While the total number of requests is bounded by the http2.Server.MaxConcurrentStreams setting, resetting an in-progress request allows the attacker to create a new request while the existing one is still executing. With the fix applied, HTTP/2 servers now bound the number of simultaneously executing handler goroutines to the stream concurrency limit (MaxConcurrentStreams). New requests arriving when at the limit (which can only happen after the client has reset an existing, in-flight request) will be queued until a handler exits. If the request queue grows too large, the server will terminate the connection. This issue is also fixed in golang.org/x/net/http2 for users manually configuring HTTP/2. The default stream concurrency limit is 250 streams (requests) per HTTP/2 connection. This value may be adjusted using the golang.org/x/net/http2 package; see the Server.MaxConcurrentStreams setting and the ConfigureServer function.",vuln-scan,cve:CVE-2023-39325,usr/local/go/pkg/tool/linux_amd64/vet,,,"Upgrade stdlib to a release that remediates CVE-2023-39325. This is a vulnerability finding, not a config-drift playbook.",2026-09-27,,2026-09-27,No,,,High,,,,,,,"default, not verified",,,CVE-2023-39325,"cpg_2_B,csf_PR_PS_02,nist80053_SI-2,nist80053_RA-5,cis_7_3,cis_7_4,cis_7_7"
EGP-5056AD16D9,"SI-2, RA-5","golang: net/http, x/net/http2: unlimited number of CONTINUATION frames causes DoS","An attacker may cause an HTTP/2 endpoint to read arbitrary amounts of header data by sending an excessive number of CONTINUATION frames. Maintaining HPACK state requires parsing and processing all HEADERS and CONTINUATION frames on a connection. When a request's headers exceed MaxHeaderBytes, no memory is allocated to store the excess headers, but they are still parsed. This permits an attacker to cause an HTTP/2 endpoint to read arbitrary amounts of header data, all associated with a request which is going to be rejected. These headers can include Huffman-encoded data which is significantly more expensive for the receiver to decode than for an attacker to send. The fix sets a limit on the amount of excess header frames we will process before closing a connection.",vuln-scan,cve:CVE-2023-45288,usr/local/go/pkg/tool/linux_amd64/vet,,,"Upgrade stdlib to a release that remediates CVE-2023-45288. This is a vulnerability finding, not a config-drift playbook.",2026-09-27,,2026-09-27,No,,,High,,,,,,,"default, not verified",,,CVE-2023-45288,"cpg_2_B,csf_PR_PS_02,nist80053_SI-2,nist80053_RA-5,cis_7_3,cis_7_4,cis_7_7"
EGP-8318ECC7A2,"SI-2, RA-5",golang: net/http/httputil: ReverseProxy should not forward unparseable query parameters,"Requests forwarded by ReverseProxy include the raw query parameters from the inbound request, including unparsable parameters rejected by net/http. This could permit query parameter smuggling when a Go proxy forwards a parameter with an unparsable value. After fix, ReverseProxy sanitizes the query parameters in the forwarded query when the outbound request's Form field is set after the ReverseProxy. Director function returns, indicating that the proxy has parsed the query parameters. Proxies which do not parse query parameters continue to forward the original query parameters unchanged.",vuln-scan,cve:CVE-2022-2880,usr/local/go/pkg/tool/linux_amd64/vet,,,"Upgrade stdlib to a release that remediates CVE-2022-2880. This is a vulnerability finding, not a config-drift playbook.",2026-09-27,,2026-09-27,No,,,High,,,,,,,"default, not verified",,,CVE-2022-2880,"cpg_2_B,csf_PR_PS_02,nist80053_SI-2,nist80053_RA-5,cis_7_3,cis_7_4,cis_7_7"
EGP-3E193BBF2C,"SI-2, RA-5",golang: net/http: handle server errors after sending GOAWAY,"In net/http in Go before 1.18.6 and 1.19.x before 1.19.1, attackers can cause a denial of service because an HTTP/2 connection can hang during closing if shutdown were preempted by a fatal error.",vuln-scan,cve:CVE-2022-27664,usr/local/go/pkg/tool/linux_amd64/vet,,,"Upgrade stdlib to a release that remediates CVE-2022-27664. This is a vulnerability finding, not a config-drift playbook.",2026-09-27,,2026-09-27,No,,,High,,,,,,,"default, not verified",,,CVE-2022-27664,"cpg_2_B,csf_PR_PS_02,nist80053_SI-2,nist80053_RA-5,cis_7_3,cis_7_4,cis_7_7"
EGP-5BEAB63E21,"SI-2, RA-5",golang: net/http: limit growth of header canonicalization cache,net/http in Go before 1.16.12 and 1.17.x before 1.17.5 allows uncontrolled memory consumption in the header canonicalization cache via HTTP/2 requests.,vuln-scan,cve:CVE-2021-44716,usr/local/go/pkg/tool/linux_amd64/vet,,,"Upgrade stdlib to a release that remediates CVE-2021-44716. This is a vulnerability finding, not a config-drift playbook.",2026-09-27,,2026-09-27,No,,,High,,,,,,,"default, not verified",,,CVE-2021-44716,"cpg_2_B,csf_PR_PS_02,nist80053_SI-2,nist80053_RA-5,cis_7_3,cis_7_4,cis_7_7"
EGP-2E2C1EC9F8,"SI-2, RA-5",golang: net/url: Memory exhaustion in query parameter parsing in net/url,"The net/url package does not set a limit on the number of query parameters in a query. While the maximum size of query parameters in URLs is generally limited by the maximum request header size, the net/http.Request.ParseForm method can parse large URL-encoded forms. Parsing a large form containing many unique query parameters can cause excessive memory consumption.",vuln-scan,cve:CVE-2025-61726,usr/local/bin/gosu,,,"Upgrade stdlib to a release that remediates CVE-2025-61726. This is a vulnerability finding, not a config-drift playbook.",2026-09-27,,2026-09-27,No,,,High,,,,,,,"default, not verified",,,CVE-2025-61726,"cpg_2_B,csf_PR_PS_02,nist80053_SI-2,nist80053_RA-5,cis_7_3,cis_7_4,cis_7_7"
EGP-8B219190A5,"SI-2, RA-5",golang: net/url: Memory exhaustion in query parameter parsing in net/url,"The net/url package does not set a limit on the number of query parameters in a query. While the maximum size of query parameters in URLs is generally limited by the maximum request header size, the net/http.Request.ParseForm method can parse large URL-encoded forms. Parsing a large form containing many unique query parameters can cause excessive memory consumption.",vuln-scan,cve:CVE-2025-61726,usr/local/go/pkg/tool/linux_amd64/vet,,,"Upgrade stdlib to a release that remediates CVE-2025-61726. This is a vulnerability finding, not a config-drift playbook.",2026-09-27,,2026-09-27,No,,,High,,,,,,,"default, not verified",,,CVE-2025-61726,"cpg_2_B,csf_PR_PS_02,nist80053_SI-2,nist80053_RA-5,cis_7_3,cis_7_4,cis_7_7"
EGP-18494A24C4,"SI-2, RA-5",golang: net/url: Memory exhaustion in query parameter parsing in net/url,"The net/url package does not set a limit on the number of query parameters in a query. While the maximum size of query parameters in URLs is generally limited by the maximum request header size, the net/http.Request.ParseForm method can parse large URL-encoded forms. Parsing a large form containing many unique query parameters can cause excessive memory consumption.",vuln-scan,cve:CVE-2025-61726,whoami,,,"Upgrade stdlib to a release that remediates CVE-2025-61726. This is a vulnerability finding, not a config-drift playbook.",2026-09-27,,2026-09-27,No,,,High,,,,,,,"default, not verified",,,CVE-2025-61726,"cpg_2_B,csf_PR_PS_02,nist80053_SI-2,nist80053_RA-5,cis_7_3,cis_7_4,cis_7_7"
EGP-99BB1E5679,"SI-2, RA-5",golang: net: lookup functions may return invalid host names,"Go before 1.15.13 and 1.16.x before 1.16.5 has functions for DNS lookups that do not validate replies from DNS servers, and thus a return value may contain an unsafe injection (e.g., XSS) that does not conform to the RFC1035 format.",vuln-scan,cve:CVE-2021-33195,usr/local/go/pkg/tool/linux_amd64/vet,,,"Upgrade stdlib to a release that remediates CVE-2021-33195. This is a vulnerability finding, not a config-drift playbook.",2026-09-27,,2026-09-27,No,,,High,,,,,,,"default, not verified",,,CVE-2021-33195,"cpg_2_B,csf_PR_PS_02,nist80053_SI-2,nist80053_RA-5,cis_7_3,cis_7_4,cis_7_7"
EGP-0202535546,"SI-2, RA-5","golang: os, net/http: avoid escapes from os.DirFS and http.Dir on Windows","On Windows, restricted files can be accessed via os.DirFS and http.Dir. The os.DirFS function and http.Dir type provide access to a tree of files rooted at a given directory. These functions permit access to Windows device files under that root. For example, os.DirFS(""C:/tmp"").Open(""COM1"") opens the COM1 device. Both os.DirFS and http.Dir only provide read-only filesystem access. In addition, on Windows, an os.DirFS for the directory (the root of the current drive) can permit a maliciously crafted path to escape from the drive and access any path on the system. With fix applied, the behavior of os.DirFS("""") has changed. Previously, an empty root was treated equivalently to ""/"", so os.DirFS("""").Open(""tmp"") would open the path ""/tmp"". This now returns an error.",vuln-scan,cve:CVE-2022-41720,usr/local/go/pkg/tool/linux_amd64/vet,,,"Upgrade stdlib to a release that remediates CVE-2022-41720. This is a vulnerability finding, not a config-drift playbook.",2026-09-27,,2026-09-27,No,,,High,,,,,,,"default, not verified",,,CVE-2022-41720,"cpg_2_B,csf_PR_PS_02,nist80053_SI-2,nist80053_RA-5,cis_7_3,cis_7_4,cis_7_7"
EGP-4AF7B66D45,"SI-2, RA-5",golang: os/exec: Code injection in Cmd.Start,"Code injection in Cmd.Start in os/exec before Go 1.17.11 and Go 1.18.3 allows execution of any binaries in the working directory named either ""..com"" or ""..exe"" by calling Cmd.Run, Cmd.Start, Cmd.Output, or Cmd.CombinedOutput when Cmd.Path is unset.",vuln-scan,cve:CVE-2022-30580,usr/local/go/pkg/tool/linux_amd64/vet,,,"Upgrade stdlib to a release that remediates CVE-2022-30580. This is a vulnerability finding, not a config-drift playbook.",2026-09-27,,2026-09-27,No,,,High,,,,,,,"default, not verified",,,CVE-2022-30580,"cpg_2_B,csf_PR_PS_02,nist80053_SI-2,nist80053_RA-5,cis_7_3,cis_7_4,cis_7_7"
EGP-68A8D8BF0F,"SI-2, RA-5",golang: path/filepath: path-filepath filepath.Clean path traversal,"A path traversal vulnerability exists in filepath.Clean on Windows. On Windows, the filepath.Clean function could transform an invalid path such as ""a/../c:/b"" into the valid path ""c:\b"". This transformation of a relative (if invalid) path into an absolute path could enable a directory traversal attack. After fix, the filepath.Clean function transforms this path into the relative (but still invalid) path "".\c:\b"".",vuln-scan,cve:CVE-2022-41722,usr/local/go/pkg/tool/linux_amd64/vet,,,"Upgrade stdlib to a release that remediates CVE-2022-41722. This is a vulnerability finding, not a config-drift playbook.",2026-09-27,,2026-09-27,No,,,High,,,,,,,"default, not verified",,,CVE-2022-41722,"cpg_2_B,csf_PR_PS_02,nist80053_SI-2,nist80053_RA-5,cis_7_3,cis_7_4,cis_7_7"
EGP-AC6988CDFE,"SI-2, RA-5",golang: path/filepath: stack exhaustion in Glob,Uncontrolled recursion in Glob in path/filepath before Go 1.17.12 and Go 1.18.4 allows an attacker to cause a panic due to stack exhaustion via a path containing a large number of path separators.,vuln-scan,cve:CVE-2022-30632,usr/local/go/pkg/tool/linux_amd64/vet,,,"Upgrade stdlib to a release that remediates CVE-2022-30632. This is a vulnerability finding, not a config-drift playbook.",2026-09-27,,2026-09-27,No,,,High,,,,,,,"default, not verified",,,CVE-2022-30632,"cpg_2_B,csf_PR_PS_02,nist80053_SI-2,nist80053_RA-5,cis_7_3,cis_7_4,cis_7_7"
EGP-724B9636F2,"SI-2, RA-5",golang: regexp/syntax: limit memory used by parsing regexps,"Programs which compile regular expressions from untrusted sources may be vulnerable to memory exhaustion or denial of service. The parsed regexp representation is linear in the size of the input, but in some cases the constant factor can be as high as 40,000, making relatively small regexps consume much larger amounts of memory. After fix, each regexp being parsed is limited to a 256 MB memory footprint. Regular expressions whose representation would use more space than that are rejected. Normal use of regular expressions is unaffected.",vuln-scan,cve:CVE-2022-41715,usr/local/go/pkg/tool/linux_amd64/vet,,,"Upgrade stdlib to a release that remediates CVE-2022-41715. This is a vulnerability finding, not a config-drift playbook.",2026-09-27,,2026-09-27,No,,,High,,,,,,,"default, not verified",,,CVE-2022-41715,"cpg_2_B,csf_PR_PS_02,nist80053_SI-2,nist80053_RA-5,cis_7_3,cis_7_4,cis_7_7"
EGP-95E3005CF8,"SI-2, RA-5",golang: regexp: stack exhaustion via a deeply nested expression,regexp.Compile in Go before 1.16.15 and 1.17.x before 1.17.8 allows stack exhaustion via a deeply nested expression.,vuln-scan,cve:CVE-2022-24921,usr/local/go/pkg/tool/linux_amd64/vet,,,"Upgrade stdlib to a release that remediates CVE-2022-24921. This is a vulnerability finding, not a config-drift playbook.",2026-09-27,,2026-09-27,No,,,High,,,,,,,"default, not verified",,,CVE-2022-24921,"cpg_2_B,csf_PR_PS_02,nist80053_SI-2,nist80053_RA-5,cis_7_3,cis_7_4,cis_7_7"
EGP-DFFC33A94D,"SI-2, RA-5",golang: runtime: unexpected behavior of setuid/setgid binaries,"On Unix platforms, the Go runtime does not behave differently when a binary is run with the setuid/setgid bits. This can be dangerous in certain cases, such as when dumping memory state, or assuming the status of standard i/o file descriptors. If a setuid/setgid binary is executed with standard I/O file descriptors closed, opening any files can result in unexpected content being read or written with elevated privileges. Similarly, if a setuid/setgid program is terminated, either via panic or signal, it may leak the contents of its registers.",vuln-scan,cve:CVE-2023-29403,usr/local/go/pkg/tool/linux_amd64/vet,,,"Upgrade stdlib to a release that remediates CVE-2023-29403. This is a vulnerability finding, not a config-drift playbook.",2026-09-27,,2026-09-27,No,,,High,,,,,,,"default, not verified",,,CVE-2023-29403,"cpg_2_B,csf_PR_PS_02,nist80053_SI-2,nist80053_RA-5,cis_7_3,cis_7_4,cis_7_7"
EGP-F6142DD0FC,"SI-2, RA-5",gzip: arbitrary-file-write vulnerability,"An arbitrary file write vulnerability was found in GNU gzip's zgrep utility. When zgrep is applied on the attacker's chosen file name (for example, a crafted file name), this can overwrite an attacker's content to an arbitrary attacker-selected file. This flaw occurs due to insufficient validation when processing filenames with two or more newlines where selected content and the target file names are embedded in crafted multi-line file names. This flaw allows a remote, low privileged attacker to force zgrep to write arbitrary files on the system.",vuln-scan,cve:CVE-2022-1271,dperson/samba:latest (alpine 3.12.0),,,"Upgrade xz-libs to a release that remediates CVE-2022-1271. This is a vulnerability finding, not a config-drift playbook.",2026-09-27,,2026-09-27,No,,,High,,,,,,,"default, not verified",,,CVE-2022-1271,"cpg_2_B,csf_PR_PS_02,nist80053_SI-2,nist80053_RA-5,cis_7_3,cis_7_4,cis_7_7"
EGP-F3559B3BBB,"SI-2, RA-5",gzip: gzip: Information disclosure via global buffer overflow in LZH decompression,"GNU gzip contains a global buffer overflow vulnerability in the LZH decompression logic caused by improper reuse of shared global state between different decompression formats within a single execution. GNU gzip maintains a global array that is shared across the LZ77, LZW, and LZH decompression routines and is not reinitialized between files processed in the same invocation.
By decompressing a specially crafted LZW file followed by a specially crafted LZH file in a single gzip -d command, an attacker can poison the shared global state and subsequently trigger an out‑of‑bounds read in the LZH decoder. The LZH decompression logic follows stale values left in the shared array, causing reads past the end of the allocated global buffer.

This issue has been fixed in commits 63dbf6b3b9e6e781df1a6a64e609b10e23969681 and e7378c2d421be6a286922374425680bbe9ad8b7d.",vuln-scan,cve:CVE-2026-41992,stilliard/pure-ftpd:latest (debian 13.6),,,"Upgrade gzip to a release that remediates CVE-2026-41992. This is a vulnerability finding, not a config-drift playbook.",2026-09-27,,2026-09-27,No,,,High,,,,,,,"default, not verified",,,CVE-2026-41992,"cpg_2_B,csf_PR_PS_02,nist80053_SI-2,nist80053_RA-5,cis_7_3,cis_7_4,cis_7_7"
EGP-0FB116B877,"SI-10, SC-18, CM-6",html/template: golang: Go html/template: Cross-Site Scripting via pathological input,"Previously, pathological inputs could close an unescaped '/' early, allowing for attack-controlled data to inject arbitrary content, potentially leading to XSS.",vuln-scan,cve:CVE-2026-56858,usr/local/bin/gosu,,,"Encode untrusted response output for the HTML and JavaScript context and set a Content-Security-Policy that blocks inline script. This is a Nikto web-app finding, not a source-code static-analysis row and not a live HTTP probe.",2026-09-27,,2026-09-27,No,,,High,,,,,,,"default, not verified",,,CVE-2026-56858,"cpg_3_N,csf_PR_PS_01,nist80053_SI-10,nist80053_SC-18,nist80053_CM-6"
EGP-4B16EB55E5,"SI-10, SC-18, CM-6",html/template: golang: Go html/template: Cross-Site Scripting via pathological input,"Previously, pathological inputs could close an unescaped '/' early, allowing for attack-controlled data to inject arbitrary content, potentially leading to XSS.",vuln-scan,cve:CVE-2026-56858,usr/local/go/pkg/tool/linux_amd64/vet,,,"Encode untrusted response output for the HTML and JavaScript context and set a Content-Security-Policy that blocks inline script. This is a Nikto web-app finding, not a source-code static-analysis row and not a live HTTP probe.",2026-09-27,,2026-09-27,No,,,High,,,,,,,"default, not verified",,,CVE-2026-56858,"cpg_3_N,csf_PR_PS_01,nist80053_SI-10,nist80053_SC-18,nist80053_CM-6"
EGP-90B0475CC2,"SI-10, SC-18, CM-6",html/template: golang: Go html/template: Cross-Site Scripting via pathological input,"Previously, pathological inputs could close an unescaped '/' early, allowing for attack-controlled data to inject arbitrary content, potentially leading to XSS.",vuln-scan,cve:CVE-2026-56858,whoami,,,"Encode untrusted response output for the HTML and JavaScript context and set a Content-Security-Policy that blocks inline script. This is a Nikto web-app finding, not a source-code static-analysis row and not a live HTTP probe.",2026-09-27,,2026-09-27,No,,,High,,,,,,,"default, not verified",,,CVE-2026-56858,"cpg_3_N,csf_PR_PS_01,nist80053_SI-10,nist80053_SC-18,nist80053_CM-6"
EGP-6F144B1591,"SI-2, RA-5",js-yaml: js-yaml: Denial of Service via crafted YAML documents,"js-yaml is a JavaScript YAML parser and dumper. From 3.0.0 before 3.15.0 and from 4.0.0 before 4.3.0, js-yaml can spend quadratic CPU time parsing a document whose size grows only linearly when a chain of mappings uses merge keys where each mapping merges the previous one. This issue is fixed in versions 3.15.0 and 4.3.0.",vuln-scan,cve:CVE-2026-59869,Node.js,,,"Upgrade js-yaml to a release that remediates CVE-2026-59869. This is a vulnerability finding, not a config-drift playbook.",2026-09-27,,2026-09-27,No,,,High,,,,,,,"default, not verified",,,CVE-2026-59869,"cpg_2_B,csf_PR_PS_02,nist80053_SI-2,nist80053_RA-5,cis_7_3,cis_7_4,cis_7_7"
EGP-C1DD3ECC1E,"SI-2, RA-5",js-yaml: js-yaml: Denial of Service vulnerability in YAML parsing,"js-yaml is a JavaScript YAML parser and dumper. From 3.0.0 until 3.15.2 and 4.3.2, maxTotalMergeKeys in lib/js-yaml/loader.js and lib/loader.js does not count empty mapping sources while processing the merge key <<. An attacker can alias a large sequence of empty mappings into many merge targets, causing O(N * K) processing while totalMergeKeys remains unchanged and the configured resource limit is never reached. A relatively small YAML document can therefore cause prolonged CPU consumption in applications that parse untrusted YAML, and merge processing is enabled by default on these release lines. This issue is fixed in versions 3.15.2 and 4.3.2.",vuln-scan,cve:CVE-2026-84375,Node.js,,,"Upgrade js-yaml to a release that remediates CVE-2026-84375. This is a vulnerability finding, not a config-drift playbook.",2026-09-27,,2026-09-27,No,,,High,,,,,,,"default, not verified",,,CVE-2026-84375,"cpg_2_B,csf_PR_PS_02,nist80053_SI-2,nist80053_RA-5,cis_7_3,cis_7_4,cis_7_7"
EGP-65CC9382CF,"SI-2, RA-5",libevent: Libevent: Arbitrary code execution via heap out-of-bounds write in AF_UNIX handling,"Libevent is an event notification library. Prior to 2.1.13 and 2.2.2-alpha, libevent has a heap out-of-bounds write in bufferevent_sock.c when bufferevent_socket_set_conn_address_ copies a kernel-supplied AF_UNIX peer address into bufferevent_private.conn_address. Release builds compiled with NDEBUG disable the EVUTIL_ASSERT length guard, and the evhttp accept path can pass a 110-byte sockaddr from accept() into the 28-byte field. An unauthenticated local peer able to connect to an AF_UNIX listener can overwrite the adjacent dns_request pointer and heap data, causing memory corruption with confidentiality, integrity, and availability impact. This issue is fixed in versions 2.1.13 and 2.2.2-alpha.",vuln-scan,cve:CVE-2026-63388,mysql:8.4 (oracle 9.8),,,"Upgrade libevent to a release that remediates CVE-2026-63388. This is a vulnerability finding, not a config-drift playbook.",2026-09-27,,2026-09-27,No,,,High,,,,,,,"default, not verified",,,CVE-2026-63388,"cpg_2_B,csf_PR_PS_02,nist80053_SI-2,nist80053_RA-5,cis_7_3,cis_7_4,cis_7_7"
EGP-1921416B5B,"SI-2, RA-5",libevent: Libevent: Denial of Service via integer conversion error in `evtag_unmarshal_header`,"Libevent is an event notification library. Prior to 2.1.13 and 2.2.2-alpha, libevent has an incorrect integer conversion in event_tagging.c when evtag_unmarshal_header uses evtag_decode_int to decode an attacker-controlled uint32 payload length and returns it as a signed int. Values above INT_MAX become negative or truncated, and evtag_unmarshal_string can use the converted value in allocation sizing, producing a wrapped large allocation request and denial of service. This issue is fixed in versions 2.1.13 and 2.2.2-alpha.",vuln-scan,cve:CVE-2026-63384,mysql:8.4 (oracle 9.8),,,"Upgrade libevent to a release that remediates CVE-2026-63384. This is a vulnerability finding, not a config-drift playbook.",2026-09-27,,2026-09-27,No,,,High,,,,,,,"default, not verified",,,CVE-2026-63384,"cpg_2_B,csf_PR_PS_02,nist80053_SI-2,nist80053_RA-5,cis_7_3,cis_7_4,cis_7_7"
EGP-8A7E3B1B15,"SI-2, RA-5",libevent: Libevent: Denial of Service via malformed RPC data,"Libevent is an event notification library. Prior to 2.1.13 and 2.2.2-alpha, libevent can read beyond a contiguous evbuffer region in event_tagging.c when decode_tag_internal requests at most five bytes from evbuffer_pullup but iterates using the full logical buffer length. A fragmented evbuffer containing a six-byte malformed tag can therefore advance past the pullup window and trigger an out-of-bounds read, which can crash a process that decodes attacker-controlled tagged RPC data. This issue is fixed in versions 2.1.13 and 2.2.2-alpha.",vuln-scan,cve:CVE-2026-63383,mysql:8.4 (oracle 9.8),,,"Upgrade libevent to a release that remediates CVE-2026-63383. This is a vulnerability finding, not a config-drift playbook.",2026-09-27,,2026-09-27,No,,,High,,,,,,,"default, not verified",,,CVE-2026-63383,"cpg_2_B,csf_PR_PS_02,nist80053_SI-2,nist80053_RA-5,cis_7_3,cis_7_4,cis_7_7"
EGP-EF2E33EC78,"SI-2, RA-5",libevent: Libevent: HTTP header handling bugs create risk of access control bypass.,"Libevent is an event notification library. Prior to 2.1.13 and 2.2.2-alpha, libevent has two HTTP parsing weaknesses in http.c. evhttp_decode_uri_internal decodes percent-encoded %00 bytes into literal NUL characters, which can cause downstream C string operations to truncate a path and bypass validation performed on a different representation. evhttp_header_is_valid_value also accepts obsolete line folding in header values containing carriage return or line feed characters, allowing a proxy and libevent to interpret headers differently and enabling header injection or access control bypass. The CRLF header acceptance is fixed in versions 2.1.13 and 2.2.2-alpha, but the reviewed patches do not clearly remediate the URI NUL-truncation condition.",vuln-scan,cve:CVE-2026-63385,mysql:8.4 (oracle 9.8),,,"Upgrade libevent to a release that remediates CVE-2026-63385. This is a vulnerability finding, not a config-drift playbook.",2026-09-27,,2026-09-27,No,,,High,,,,,,,"default, not verified",,,CVE-2026-63385,"cpg_2_B,csf_PR_PS_02,nist80053_SI-2,nist80053_RA-5,cis_7_3,cis_7_4,cis_7_7"
EGP-4939B0C6ED,"SI-2, RA-5",libevent: Libevent: HTTP header smuggling allows authorization bypass or cache poisoning,"Libevent is an event notification library. Prior to 2.1.13 and 2.2.2-alpha, libevent processes chunked HTTP trailers in http.c through evhttp_read_trailer and merges them into request headers. The fix introduces evhttp_parse_headers_impl_ and a temporary trailer header list. An unauthenticated remote attacker can place security-sensitive fields in trailers so that an upstream proxy and the libevent application interpret different effective headers, enabling header smuggling, authorization bypass, proxy-header spoofing, or cache poisoning. The fix parses trailers into a temporary header list and discards them instead of merging them into req->input_headers. This issue is fixed in versions 2.1.13 and 2.2.2-alpha.",vuln-scan,cve:CVE-2026-63379,mysql:8.4 (oracle 9.8),,,"Upgrade libevent to a release that remediates CVE-2026-63379. This is a vulnerability finding, not a config-drift playbook.",2026-09-27,,2026-09-27,No,,,High,,,,,,,"default, not verified",,,CVE-2026-63379,"cpg_2_B,csf_PR_PS_02,nist80053_SI-2,nist80053_RA-5,cis_7_3,cis_7_4,cis_7_7"
EGP-76144B0F1A,"SI-2, RA-5",libevent: Libevent: Memory corruption due to use-after-free,"Libevent is an event notification library. Prior to 2.1.13 and 2.2.2-alpha, libevent has a use-after-free in buffer.c when evbuffer_add_buffer_reference processes an output buffer whose out_total_len is zero. evbuffer_free_all_chains frees the initial empty chain without resetting outbuf->first, outbuf->last, or outbuf->last_with_datap, and APPEND_CHAIN_MULTICAST subsequently dereferences the dangling chain pointer. A caller that can drive this buffer state can cause memory corruption or a process crash. This issue is fixed in versions 2.1.13 and 2.2.2-alpha.",vuln-scan,cve:CVE-2026-63381,mysql:8.4 (oracle 9.8),,,"Upgrade libevent to a release that remediates CVE-2026-63381. This is a vulnerability finding, not a config-drift playbook.",2026-09-27,,2026-09-27,No,,,High,,,,,,,"default, not verified",,,CVE-2026-63381,"cpg_2_B,csf_PR_PS_02,nist80053_SI-2,nist80053_RA-5,cis_7_3,cis_7_4,cis_7_7"
EGP-6441FB7C7C,"SI-2, RA-5",libevent: Libevent: Off-by-one stack buffer overflow leading to denial of service or data corruption,"Libevent is an event notification library. Prior to 2.1.13 and 2.2.2-alpha, libevent has an off-by-one stack buffer overflow in evdns.c when dnsname_to_labels formats a name-bearing DNS record at the end of the 64 KB stack buffer allocated by evdns_server_request_format_response. The final-label check permits j plus label_len plus one to equal buf_len, after which the terminating null byte is written to buf[buf_len]. A crafted DNS server response containing PTR, CNAME, MX, NS, or SOA data can trigger the one-byte out-of-bounds write and crash or corrupt the process. This issue is fixed in versions 2.1.13 and 2.2.2-alpha.",vuln-scan,cve:CVE-2026-63387,mysql:8.4 (oracle 9.8),,,"Upgrade libevent to a release that remediates CVE-2026-63387. This is a vulnerability finding, not a config-drift playbook.",2026-09-27,,2026-09-27,No,,,High,,,,,,,"default, not verified",,,CVE-2026-63387,"cpg_2_B,csf_PR_PS_02,nist80053_SI-2,nist80053_RA-5,cis_7_3,cis_7_4,cis_7_7"
EGP-1658E8CE01,"SI-2, RA-5",libevent: libevent: Multiple HTTP Parser Bugs Enable Request Smuggling,"Libevent is an event notification library. Prior to 2.1.13 and 2.2.2-alpha, the libevent evhttp parser in http.c inconsistently handles duplicate Transfer-Encoding headers, comma-separated Transfer-Encoding values, and bare line feeds in chunked framing. evhttp_find_header can select only the first header, evhttp_check_transfer_encoding_ was absent so the previous whole-string comparison fails to recognize valid lists ending in chunked, and evhttp_handle_chunked_read uses EVBUFFER_EOL_CRLF rather than EVBUFFER_EOL_CRLF_STRICT, accepting bare LF chunk terminators. When libevent is deployed behind a proxy that frames the same request differently, an unauthenticated remote attacker can desynchronize request boundaries and smuggle a second request, potentially bypassing access controls or poisoning caches. This issue is fixed in versions 2.1.13 and 2.2.2-alpha.",vuln-scan,cve:CVE-2026-63382,mysql:8.4 (oracle 9.8),,,"Upgrade libevent to a release that remediates CVE-2026-63382. This is a vulnerability finding, not a config-drift playbook.",2026-09-27,,2026-09-27,No,,,High,,,,,,,"default, not verified",,,CVE-2026-63382,"cpg_2_B,csf_PR_PS_02,nist80053_SI-2,nist80053_RA-5,cis_7_3,cis_7_4,cis_7_7"
EGP-3C024AEFE7,"SI-2, RA-5",libexpat: denial of service via crafted XML input,"In libexpat before 2.8.1, the computational complexity of attribute name collision checks allows a denial of service via moderately sized crafted XML input.",vuln-scan,cve:CVE-2026-45186,nginx:1.27-alpine (alpine 3.21.3),,,"Upgrade libexpat to a release that remediates CVE-2026-45186. This is a vulnerability finding, not a config-drift playbook.",2026-09-27,,2026-09-27,No,,,High,,,,,,,"default, not verified",,,CVE-2026-45186,"cpg_2_B,csf_PR_PS_02,nist80053_SI-2,nist80053_RA-5,cis_7_3,cis_7_4,cis_7_7"
EGP-7D2506B36A,"SI-2, RA-5",libexpat: libexpat: Denial of Service via hash flooding attack with crafted XML,"In libexpat 2.8.2 and 2.8.3 before 2.8.4, misinterpretation of getentropy's return code leads to insufficient entropy, which results in being vulnerable to hash flooding attacks, causing a denial of service via crafted XML content.",vuln-scan,cve:CVE-2026-76956,httpd:2.4-alpine (alpine 3.24.1),,,"Upgrade libexpat to a release that remediates CVE-2026-76956. This is a vulnerability finding, not a config-drift playbook.",2026-09-27,,2026-09-27,No,,,High,,,,,,,"default, not verified",,,CVE-2026-76956,"cpg_2_B,csf_PR_PS_02,nist80053_SI-2,nist80053_RA-5,cis_7_3,cis_7_4,cis_7_7"
EGP-DA7FB467E6,"SI-2, RA-5",libexpat: libexpat: Denial of Service via hash flooding attack with crafted XML,"In libexpat 2.8.2 and 2.8.3 before 2.8.4, misinterpretation of getentropy's return code leads to insufficient entropy, which results in being vulnerable to hash flooding attacks, causing a denial of service via crafted XML content.",vuln-scan,cve:CVE-2026-76956,nginx:1.27-alpine (alpine 3.21.3),,,"Upgrade libexpat to a release that remediates CVE-2026-76956. This is a vulnerability finding, not a config-drift playbook.",2026-09-27,,2026-09-27,No,,,High,,,,,,,"default, not verified",,,CVE-2026-76956,"cpg_2_B,csf_PR_PS_02,nist80053_SI-2,nist80053_RA-5,cis_7_3,cis_7_4,cis_7_7"
EGP-72660B17AE,"SI-2, RA-5",libexpat: libexpat: Information disclosure and data integrity issues due to integer overflow in buffer reallocation,"In libexpat before 2.7.4, the doContent function does not properly determine the buffer size bufSize because there is no integer overflow check for tag buffer reallocation.",vuln-scan,cve:CVE-2026-25210,nginx:1.27-alpine (alpine 3.21.3),,,"Upgrade libexpat to a release that remediates CVE-2026-25210. This is a vulnerability finding, not a config-drift playbook.",2026-09-27,,2026-09-27,No,,,High,,,,,,,"default, not verified",,,CVE-2026-25210,"cpg_2_B,csf_PR_PS_02,nist80053_SI-2,nist80053_RA-5,cis_7_3,cis_7_4,cis_7_7"
EGP-96353FF7F9,"SI-2, RA-5",libexpat: libexpat: Memory corruption vulnerability allows arbitrary code execution or denial of service,"libexpat before 2.8.4 lacks handler call depth tracking with custom encoding callbacks. Thus, a use-after-free can occur. NOTE: this is similar to CVE-2026-50219, CVE-2026-56131 and CVE-2026-56412.",vuln-scan,cve:CVE-2026-76957,httpd:2.4-alpine (alpine 3.24.1),,,"Upgrade libexpat to a release that remediates CVE-2026-76957. This is a vulnerability finding, not a config-drift playbook.",2026-09-27,,2026-09-27,No,,,High,,,,,,,"default, not verified",,,CVE-2026-76957,"cpg_2_B,csf_PR_PS_02,nist80053_SI-2,nist80053_RA-5,cis_7_3,cis_7_4,cis_7_7"
EGP-FEF6BF62C3,"SI-2, RA-5",libexpat: libexpat: Memory corruption vulnerability allows arbitrary code execution or denial of service,"libexpat before 2.8.4 lacks handler call depth tracking with custom encoding callbacks. Thus, a use-after-free can occur. NOTE: this is similar to CVE-2026-50219, CVE-2026-56131 and CVE-2026-56412.",vuln-scan,cve:CVE-2026-76957,nginx:1.27-alpine (alpine 3.21.3),,,"Upgrade libexpat to a release that remediates CVE-2026-76957. This is a vulnerability finding, not a config-drift playbook.",2026-09-27,,2026-09-27,No,,,High,,,,,,,"default, not verified",,,CVE-2026-76957,"cpg_2_B,csf_PR_PS_02,nist80053_SI-2,nist80053_RA-5,cis_7_3,cis_7_4,cis_7_7"
EGP-DFE313B049,"SI-2, RA-5",libpng: LIBPNG buffer overflow,"LIBPNG is a reference library for use in applications that read, create, and manipulate PNG (Portable Network Graphics) raster image files. From version 1.6.0 to before 1.6.51, an out-of-bounds read vulnerability exists in png_image_read_composite when processing palette images with PNG_FLAG_OPTIMIZE_ALPHA enabled. The palette compositing code in png_init_read_transformations incorrectly applies background compositing during premultiplication, violating the invariant component ≤ alpha × 257 required by the simplified PNG API. This issue has been patched in version 1.6.51.",vuln-scan,cve:CVE-2025-64720,nginx:1.27-alpine (alpine 3.21.3),,,"Upgrade libpng to a release that remediates CVE-2025-64720. This is a vulnerability finding, not a config-drift playbook.",2026-09-27,,2026-09-27,No,,,High,,,,,,,"default, not verified",,,CVE-2025-64720,"cpg_2_B,csf_PR_PS_02,nist80053_SI-2,nist80053_RA-5,cis_7_3,cis_7_4,cis_7_7"
EGP-A8251F0255,"SI-2, RA-5",libpng: LIBPNG has a heap buffer overflow in png_set_quantize,"LIBPNG is a reference library for use in applications that read, create, and manipulate PNG (Portable Network Graphics) raster image files. Prior to 1.6.55, an out-of-bounds read vulnerability exists in the png_set_quantize() API function. When the function is called with no histogram and the number of colors in the palette is more than twice the maximum supported by the user's display, certain palettes will cause the function to enter into an infinite loop that reads past the end of an internal heap-allocated buffer. The images that trigger this vulnerability are valid per the PNG specification. This vulnerability is fixed in 1.6.55.",vuln-scan,cve:CVE-2026-25646,nginx:1.27-alpine (alpine 3.21.3),,,"Upgrade libpng to a release that remediates CVE-2026-25646. This is a vulnerability finding, not a config-drift playbook.",2026-09-27,,2026-09-27,No,,,High,,,,,,,"default, not verified",,,CVE-2026-25646,"cpg_2_B,csf_PR_PS_02,nist80053_SI-2,nist80053_RA-5,cis_7_3,cis_7_4,cis_7_7"
EGP-8D043AF965,"SI-2, RA-5",libpng: LIBPNG heap buffer overflow,"LIBPNG is a reference library for use in applications that read, create, and manipulate PNG (Portable Network Graphics) raster image files. From version 1.6.0 to before 1.6.51, there is a heap buffer overflow vulnerability in the libpng simplified API function png_image_finish_read when processing 16-bit interlaced PNGs with 8-bit output format. Attacker-crafted interlaced PNG files cause heap writes beyond allocated buffer bounds. This issue has been patched in version 1.6.51.",vuln-scan,cve:CVE-2025-65018,nginx:1.27-alpine (alpine 3.21.3),,,"Upgrade libpng to a release that remediates CVE-2025-65018. This is a vulnerability finding, not a config-drift playbook.",2026-09-27,,2026-09-27,No,,,High,,,,,,,"default, not verified",,,CVE-2025-65018,"cpg_2_B,csf_PR_PS_02,nist80053_SI-2,nist80053_RA-5,cis_7_3,cis_7_4,cis_7_7"
EGP-6B771B8B99,"SI-2, RA-5",libpng: LIBPNG out-of-bounds read in png_image_read_composite,"LIBPNG is a reference library for use in applications that read, create, and manipulate PNG (Portable Network Graphics) raster image files. Prior to 1.6.52, an out-of-bounds read vulnerability in libpng's simplified API allows reading up to 1012 bytes beyond the png_sRGB_base[512] array when processing valid palette PNG images with partial transparency and gamma correction. The PNG files that trigger this vulnerability are valid per the PNG specification; the bug is in libpng's internal state management. Upgrade to libpng 1.6.52 or later.",vuln-scan,cve:CVE-2025-66293,nginx:1.27-alpine (alpine 3.21.3),,,"Upgrade libpng to a release that remediates CVE-2025-66293. This is a vulnerability finding, not a config-drift playbook.",2026-09-27,,2026-09-27,No,,,High,,,,,,,"default, not verified",,,CVE-2025-66293,"cpg_2_B,csf_PR_PS_02,nist80053_SI-2,nist80053_RA-5,cis_7_3,cis_7_4,cis_7_7"
EGP-C4B93EB216,"SI-2, RA-5",libpng: libpng: Denial of service and information disclosure via heap buffer over-read in png_image_finish_read,"LIBPNG is a reference library for use in applications that read, create, and manipulate PNG (Portable Network Graphics) raster image files. From 1.6.51 to 1.6.53, there is a heap buffer over-read in the libpng simplified API function png_image_finish_read when processing interlaced 16-bit PNGs with 8-bit output format and non-minimal row stride. This is a regression introduced by the fix for CVE-2025-65018. This vulnerability is fixed in 1.6.54.",vuln-scan,cve:CVE-2026-22695,nginx:1.27-alpine (alpine 3.21.3),,,"Upgrade libpng to a release that remediates CVE-2026-22695. This is a vulnerability finding, not a config-drift playbook.",2026-09-27,,2026-09-27,No,,,High,,,,,,,"default, not verified",,,CVE-2026-22695,"cpg_2_B,csf_PR_PS_02,nist80053_SI-2,nist80053_RA-5,cis_7_3,cis_7_4,cis_7_7"
EGP-381BC71C99,"SI-2, RA-5",libpng: libpng: Information disclosure and denial of service via integer truncation in simplified write API,"LIBPNG is a reference library for use in applications that read, create, and manipulate PNG (Portable Network Graphics) raster image files. From 1.6.26 to 1.6.53, there is an integer truncation in the libpng simplified write API functions png_write_image_16bit and png_write_image_8bit causes heap buffer over-read when the caller provides a negative row stride (for bottom-up image layouts) or a stride exceeding 65535 bytes. The bug was introduced in libpng 1.6.26 (October 2016) by casts added to silence compiler warnings on 16-bit systems. This vulnerability is fixed in 1.6.54.",vuln-scan,cve:CVE-2026-22801,nginx:1.27-alpine (alpine 3.21.3),,,"Upgrade libpng to a release that remediates CVE-2026-22801. This is a vulnerability finding, not a config-drift playbook.",2026-09-27,,2026-09-27,No,,,High,,,,,,,"default, not verified",,,CVE-2026-22801,"cpg_2_B,csf_PR_PS_02,nist80053_SI-2,nist80053_RA-5,cis_7_3,cis_7_4,cis_7_7"
EGP-9E3E8151A0,"SI-2, RA-5",libxml2: Out-of-Bounds Read in libxml2,"In libxml2 before 2.13.8 and 2.14.x before 2.14.2, out-of-bounds memory access can occur in the Python API (Python bindings) because of an incorrect return value. This occurs in xmlPythonFileRead and xmlPythonFileReadRaw because of a difference between bytes and characters.",vuln-scan,cve:CVE-2025-32414,nginx:1.27-alpine (alpine 3.21.3),,,"Upgrade libxml2 to a release that remediates CVE-2025-32414. This is a vulnerability finding, not a config-drift playbook.",2026-09-27,,2026-09-27,No,,,High,,,,,,,"default, not verified",,,CVE-2025-32414,"cpg_2_B,csf_PR_PS_02,nist80053_SI-2,nist80053_RA-5,cis_7_3,cis_7_4,cis_7_7"
EGP-BC3AF59007,"SI-2, RA-5",libxml2: Out-of-bounds Read in xmlSchemaIDCFillNodeTables,"In libxml2 before 2.13.8 and 2.14.x before 2.14.2, xmlSchemaIDCFillNodeTables in xmlschemas.c has a heap-based buffer under-read. To exploit this, a crafted XML document must be validated against an XML schema with certain identity constraints, or a crafted XML schema must be used.",vuln-scan,cve:CVE-2025-32415,nginx:1.27-alpine (alpine 3.21.3),,,"Upgrade libxml2 to a release that remediates CVE-2025-32415. This is a vulnerability finding, not a config-drift playbook.",2026-09-27,,2026-09-27,No,,,High,,,,,,,"default, not verified",,,CVE-2025-32415,"cpg_2_B,csf_PR_PS_02,nist80053_SI-2,nist80053_RA-5,cis_7_3,cis_7_4,cis_7_7"
EGP-FE3C83E8AA,"SI-2, RA-5",libxml2: double-free/UAF in libxml2 Python bindings,"A flaw was found in libxml2 with Python bindings enabled. A remote attacker could exploit this vulnerability by providing a specially crafted XML document containing a Document Type Definition (DTD) with enumerated attribute values. This triggers a double-free error in the SAX attributeDecl callback handler, where a string is freed twice. This flaw can lead to a denial of service (DoS) due to a reproducible crash in Python applications using the libxml2 SAX bindings.",vuln-scan,cve:CVE-2026-74860,mysql:8.4 (oracle 9.8),,,"Upgrade libxml2 to a release that remediates CVE-2026-74860. This is a vulnerability finding, not a config-drift playbook.",2026-09-27,,2026-09-27,No,,,High,,,,,,,"default, not verified",,,CVE-2026-74860,"cpg_2_B,csf_PR_PS_02,nist80053_SI-2,nist80053_RA-5,cis_7_3,cis_7_4,cis_7_7"
EGP-0EE541DEEA,"SI-2, RA-5",libxml2: libxml2: Arbitrary code execution via heap-based buffer overflow,"In libxml2 before 2.15.4, xmlDictAddQString in dict.c has an integer overflow and resultant heap-based buffer overflow.",vuln-scan,cve:CVE-2026-86138,mysql:8.4 (oracle 9.8),,,"Upgrade libxml2 to a release that remediates CVE-2026-86138. This is a vulnerability finding, not a config-drift playbook.",2026-09-27,,2026-09-27,No,,,High,,,,,,,"default, not verified",,,CVE-2026-86138,"cpg_2_B,csf_PR_PS_02,nist80053_SI-2,nist80053_RA-5,cis_7_3,cis_7_4,cis_7_7"
EGP-A3B8FA4C59,"SI-2, RA-5",libxml2: libxml2: Arbitrary code execution via stack-based buffer overflow in xmlSnprintfElements,"In libxml2 before 2.15.4, xmlSnprintfElements in valid.c has a strcat stack-based buffer overflow.",vuln-scan,cve:CVE-2026-86140,mysql:8.4 (oracle 9.8),,,"Upgrade libxml2 to a release that remediates CVE-2026-86140. This is a vulnerability finding, not a config-drift playbook.",2026-09-27,,2026-09-27,No,,,High,,,,,,,"default, not verified",,,CVE-2026-86140,"cpg_2_B,csf_PR_PS_02,nist80053_SI-2,nist80053_RA-5,cis_7_3,cis_7_4,cis_7_7"
EGP-9E6F5EA748,"SI-2, RA-5",libxml2: libxml2: Data integrity issues due to integer overflow in write callbacks,"In xmlIO in libxml2 before 2.15.4, an inconsistency in xmlOutputWriteCallback and xmlBufUse causes negative lengths to reach write callbacks, aka a lack of a check for integer overflow before calling writecallback. This has security relevance for many types of uses of that length value within a callback.",vuln-scan,cve:CVE-2026-86143,mysql:8.4 (oracle 9.8),,,"Upgrade libxml2 to a release that remediates CVE-2026-86143. This is a vulnerability finding, not a config-drift playbook.",2026-09-27,,2026-09-27,No,,,High,,,,,,,"default, not verified",,,CVE-2026-86143,"cpg_2_B,csf_PR_PS_02,nist80053_SI-2,nist80053_RA-5,cis_7_3,cis_7_4,cis_7_7"
EGP-6DF323F5F5,"SI-2, RA-5",libxml2: libxml2: Denial of Service via crafted XSD-validated document,"A flaw was found in libxml2. This vulnerability occurs when the library processes a specially crafted XML Schema Definition (XSD) validated document that includes an internal entity reference. An attacker could exploit this by providing a malicious document, leading to a type confusion error that causes the application to crash. This results in a denial of service (DoS), making the affected system or application unavailable.",vuln-scan,cve:CVE-2026-6732,nginx:1.27-alpine (alpine 3.21.3),,,"Upgrade libxml2 to a release that remediates CVE-2026-6732. This is a vulnerability finding, not a config-drift playbook.",2026-09-27,,2026-09-27,No,,,High,,,,,,,"default, not verified",,,CVE-2026-6732,"cpg_2_B,csf_PR_PS_02,nist80053_SI-2,nist80053_RA-5,cis_7_3,cis_7_4,cis_7_7"
EGP-8EEF73F842,"SI-2, RA-5",libxml2: libxml2: Heap-based buffer overflow in xmlXPtrEval due to xpointer length saturation,"In libxml2 before 2.15.4, there is a heap-based buffer overflow in xmlXPtrEvalXPtrPart because of xmlXPtrEval xpointer length saturation.",vuln-scan,cve:CVE-2026-86142,mysql:8.4 (oracle 9.8),,,"Upgrade libxml2 to a release that remediates CVE-2026-86142. This is a vulnerability finding, not a config-drift playbook.",2026-09-27,,2026-09-27,No,,,High,,,,,,,"default, not verified",,,CVE-2026-86142,"cpg_2_B,csf_PR_PS_02,nist80053_SI-2,nist80053_RA-5,cis_7_3,cis_7_4,cis_7_7"
EGP-24B86E809E,"SI-2, RA-5","libxml2: libxml2: Information disclosure, SSRF, or denial of service due to improper parseFlags propagation.","In xinclude in libxml2 before 2.15.4, xmlXIncludeProcess and xmlXIncludeProcessTree do not propagate parseFlags. This has security relevance for, for example, the XML_PARSE_NONET flag, if (without it) a custom resource loader accesses the internet and triggers XML external entity injection, SSRF, or a denial of service (e.g., for an attacker-controlled internet resource that is intentionally slow).",vuln-scan,cve:CVE-2026-86144,mysql:8.4 (oracle 9.8),,,"Upgrade libxml2 to a release that remediates CVE-2026-86144. This is a vulnerability finding, not a config-drift playbook.",2026-09-27,,2026-09-27,No,,,High,,,,,,,"default, not verified",,,CVE-2026-86144,"cpg_2_B,csf_PR_PS_02,nist80053_SI-2,nist80053_RA-5,cis_7_3,cis_7_4,cis_7_7"
EGP-7725B7A8C4,"SI-2, RA-5",libxml: Heap use after free (UAF) leads to Denial of service (DoS),"A use-after-free vulnerability was found in libxml2. This issue occurs when parsing XPath elements under certain circumstances when the XML schematron has the <sch:name path=""...""/> schema elements. This flaw allows a malicious actor to craft a malicious XML document used as input for libxml, resulting in the program's crash using libxml or other possible undefined behaviors.",vuln-scan,cve:CVE-2025-49794,nginx:1.27-alpine (alpine 3.21.3),,,"Upgrade libxml2 to a release that remediates CVE-2025-49794. This is a vulnerability finding, not a config-drift playbook.",2026-09-27,,2026-09-27,No,,,High,,,,,,,"default, not verified",,,CVE-2025-49794,"cpg_2_B,csf_PR_PS_02,nist80053_SI-2,nist80053_RA-5,cis_7_3,cis_7_4,cis_7_7"
EGP-D880F11292,"SI-2, RA-5",libxml: Null pointer dereference leads to Denial of service (DoS),"A NULL pointer dereference vulnerability was found in libxml2 when processing XPath XML expressions. This flaw allows an attacker to craft a malicious XML input to libxml2, leading to a denial of service.",vuln-scan,cve:CVE-2025-49795,nginx:1.27-alpine (alpine 3.21.3),,,"Upgrade libxml2 to a release that remediates CVE-2025-49795. This is a vulnerability finding, not a config-drift playbook.",2026-09-27,,2026-09-27,No,,,High,,,,,,,"default, not verified",,,CVE-2025-49795,"cpg_2_B,csf_PR_PS_02,nist80053_SI-2,nist80053_RA-5,cis_7_3,cis_7_4,cis_7_7"
EGP-CE4DCC97A5,"SI-2, RA-5",libxml: Type confusion leads to Denial of service (DoS),"A vulnerability was found in libxml2. Processing certain sch:name elements from the input XML file can trigger a memory corruption issue. This flaw allows an attacker to craft a malicious XML input file that can lead libxml to crash, resulting in a denial of service or other possible undefined behavior due to sensitive data being corrupted in memory.",vuln-scan,cve:CVE-2025-49796,nginx:1.27-alpine (alpine 3.21.3),,,"Upgrade libxml2 to a release that remediates CVE-2025-49796. This is a vulnerability finding, not a config-drift playbook.",2026-09-27,,2026-09-27,No,,,High,,,,,,,"default, not verified",,,CVE-2025-49796,"cpg_2_B,csf_PR_PS_02,nist80053_SI-2,nist80053_RA-5,cis_7_3,cis_7_4,cis_7_7"
EGP-8A6EB5EB3A,"SI-2, RA-5",mariadb: Arbitrary Code Execution via improper parameter validation during State Snapshot Transfer,"MariaDB server is a community developed fork of MySQL server. From versions 10.6.1 to before 10.6.26, 10.11.1 to before 10.11.17, 11.4.1 to before 11.4.11, 11.8.1 to before 11.8.7, and 12.3.1, during the SST the donor node is interpolating parameters that the joiner sent into the command line. Not all parameters were properly validated which could allow a malicious joiner to execute arbitrary shell commands on the donor side via the mariabackup SST method. This issue has been patched in versions 10.6.26, 10.11.17, 11.4.11, 11.8.7, and 12.3.2.",vuln-scan,cve:CVE-2026-44168,stilliard/pure-ftpd:latest (debian 13.6),,,"Upgrade libmariadb3 to a release that remediates CVE-2026-44168. This is a vulnerability finding, not a config-drift playbook.",2026-09-27,,2026-09-27,No,,,High,,,,,,,"default, not verified",,,CVE-2026-44168,"cpg_2_B,csf_PR_PS_02,nist80053_SI-2,nist80053_RA-5,cis_7_3,cis_7_4,cis_7_7"
EGP-672162DDED,"SI-2, RA-5",mariadb: Arbitrary code execution via global system variable manipulation by a high-privileged user,"MariaDB server is a community developed fork of MySQL server. From versions 10.6.1 to before 10.6.27, 10.11.1 to before 10.11.18, 11.4.1 to before 11.4.12, 11.8.1 to before 11.8.8, and 12.3.1, a high-privileged MariaDB user could've used wsrep_sst_receive_address or wsrep_sst_donor global system variables to execute shell commands as the uid of the mariadbd process on the galera joiner node. This issue has been patched in versions 10.6.27, 10.11.18, 11.4.12, 11.8.8, and 12.3.2.",vuln-scan,cve:CVE-2026-48165,stilliard/pure-ftpd:latest (debian 13.6),,,"Upgrade libmariadb3 to a release that remediates CVE-2026-48165. This is a vulnerability finding, not a config-drift playbook.",2026-09-27,,2026-09-27,No,,,High,,,,,,,"default, not verified",,,CVE-2026-48165,"cpg_2_B,csf_PR_PS_02,nist80053_SI-2,nist80053_RA-5,cis_7_3,cis_7_4,cis_7_7"
EGP-198F0FC01C,"SI-2, RA-5",mariadb: Arbitrary code execution via improper parameter validation during SST,"MariaDB server is a community developed fork of MySQL server. From versions 10.6.1 to before 10.6.27, 10.11.1 to before 10.11.18, 11.4.1 to before 11.4.12, 11.8.1 to before 11.8.8, and 12.3.1, during the SST the donor node is interpolating parameters that the joiner sent into the command line. Not all parameters were properly validated which could allow a malicious joiner to execute arbitrary shell commands on the donor side via the rsync SST method. This issue has been patched in versions 10.6.27, 10.11.18, 11.4.12, 11.8.8, and 12.3.2.",vuln-scan,cve:CVE-2026-48163,stilliard/pure-ftpd:latest (debian 13.6),,,"Upgrade libmariadb3 to a release that remediates CVE-2026-48163. This is a vulnerability finding, not a config-drift playbook.",2026-09-27,,2026-09-27,No,,,High,,,,,,,"default, not verified",,,CVE-2026-48163,"cpg_2_B,csf_PR_PS_02,nist80053_SI-2,nist80053_RA-5,cis_7_3,cis_7_4,cis_7_7"
EGP-EEAC830CB6,"SI-2, RA-5",mariadb: mbstream: Unauthorized file creation via path traversal,"MariaDB server is a community developed fork of MySQL server. From versions 10.6.1 to before 10.6.26, 10.11.1 to before 10.11.17, 11.4.1 to before 11.4.11, 11.8.1 to before 11.8.7, and 12.3.1, mbstream did not check for /../ in the path when unpacking the archive. A proper backup can never contain such paths, but a specially crafted archive could have caused mbstream to create files outside of the target-dir path. This issue has been patched in versions 10.6.26, 10.11.17, 11.4.11, 11.8.7, and 12.3.2.",vuln-scan,cve:CVE-2026-44171,stilliard/pure-ftpd:latest (debian 13.6),,,"Upgrade libmariadb3 to a release that remediates CVE-2026-44171. This is a vulnerability finding, not a config-drift playbook.",2026-09-27,,2026-09-27,No,,,High,,,,,,,"default, not verified",,,CVE-2026-44171,"cpg_2_B,csf_PR_PS_02,nist80053_SI-2,nist80053_RA-5,cis_7_3,cis_7_4,cis_7_7"
EGP-97E8D92172,"SI-2, RA-5",mime: golang: Golang MIME: Denial of Service via maliciously-crafted MIME header,Decoding a maliciously-crafted MIME header containing many invalid encoded-words can consume excessive CPU.,vuln-scan,cve:CVE-2026-42504,usr/local/bin/gosu,,,"Upgrade stdlib to a release that remediates CVE-2026-42504. This is a vulnerability finding, not a config-drift playbook.",2026-09-27,,2026-09-27,No,,,High,,,,,,,"default, not verified",,,CVE-2026-42504,"cpg_2_B,csf_PR_PS_02,nist80053_SI-2,nist80053_RA-5,cis_7_3,cis_7_4,cis_7_7"
EGP-0AE191BF1A,"SI-2, RA-5",mime: golang: Golang MIME: Denial of Service via maliciously-crafted MIME header,Decoding a maliciously-crafted MIME header containing many invalid encoded-words can consume excessive CPU.,vuln-scan,cve:CVE-2026-42504,usr/local/go/pkg/tool/linux_amd64/vet,,,"Upgrade stdlib to a release that remediates CVE-2026-42504. This is a vulnerability finding, not a config-drift playbook.",2026-09-27,,2026-09-27,No,,,High,,,,,,,"default, not verified",,,CVE-2026-42504,"cpg_2_B,csf_PR_PS_02,nist80053_SI-2,nist80053_RA-5,cis_7_3,cis_7_4,cis_7_7"
EGP-8D4A0CFDB9,"SI-2, RA-5",mime: golang: Golang MIME: Denial of Service via maliciously-crafted MIME header,Decoding a maliciously-crafted MIME header containing many invalid encoded-words can consume excessive CPU.,vuln-scan,cve:CVE-2026-42504,whoami,,,"Upgrade stdlib to a release that remediates CVE-2026-42504. This is a vulnerability finding, not a config-drift playbook.",2026-09-27,,2026-09-27,No,,,High,,,,,,,"default, not verified",,,CVE-2026-42504,"cpg_2_B,csf_PR_PS_02,nist80053_SI-2,nist80053_RA-5,cis_7_3,cis_7_4,cis_7_7"
EGP-477C6493CF,"SI-2, RA-5",musl: musl libc: Arbitrary code execution and denial of service via stack-based memory corruption in qsort,"An issue was discovered in musl libc 0.7.10 through 1.2.6. Stack-based memory corruption can occur during qsort of very large arrays, due to incorrectly implemented double-word primitives. The number of elements must exceed about seven million, i.e., the 32nd Leonardo number on 32-bit platforms (or the 64th Leonardo number on 64-bit platforms, which is not practical).",vuln-scan,cve:CVE-2026-40200,nginx:1.27-alpine (alpine 3.21.3),,,"Upgrade musl to a release that remediates CVE-2026-40200. This is a vulnerability finding, not a config-drift playbook.",2026-09-27,,2026-09-27,No,,,High,,,,,,,"default, not verified",,,CVE-2026-40200,"cpg_2_B,csf_PR_PS_02,nist80053_SI-2,nist80053_RA-5,cis_7_3,cis_7_4,cis_7_7"
EGP-D45541FD25,"SI-2, RA-5",ncurses: heap-based buffer overflow in _nc_captoinfo() in captoinfo.c,An issue was discovered in ncurses through v6.2-1. _nc_captoinfo in captoinfo.c has a heap-based buffer overflow.,vuln-scan,cve:CVE-2021-39537,dperson/samba:latest (alpine 3.12.0),,,"Upgrade ncurses-libs to a release that remediates CVE-2021-39537. This is a vulnerability finding, not a config-drift playbook.",2026-09-27,,2026-09-27,No,,,High,,,,,,,"default, not verified",,,CVE-2021-39537,"cpg_2_B,csf_PR_PS_02,nist80053_SI-2,nist80053_RA-5,cis_7_3,cis_7_4,cis_7_7"
EGP-8856C23631,"SI-2, RA-5",ncurses: ncurses: Buffer overflow vulnerability may lead to arbitrary code execution.,The infocmp command-line tool in ncurses before 6.5-20251213 has a stack-based buffer overflow in analyze_string in progs/infocmp.c.,vuln-scan,cve:CVE-2025-69720,stilliard/pure-ftpd:latest (debian 13.6),,,"Upgrade libtinfo6 to a release that remediates CVE-2025-69720. This is a vulnerability finding, not a config-drift playbook.",2026-09-27,,2026-09-27,No,,,High,,,,,,,"default, not verified",,,CVE-2025-69720,"cpg_2_B,csf_PR_PS_02,nist80053_SI-2,nist80053_RA-5,cis_7_3,cis_7_4,cis_7_7"
EGP-2BD4C2B875,"SI-2, RA-5",net/http/internal/http2: golang: golang.org/x/net: Go HTTP/2: Denial of Service via malformed SETTINGS_MAX_FRAME_SIZE frame,"When processing HTTP/2 SETTINGS frames, transport will enter an infinite loop of writing CONTINUATION frames if it receives a SETTINGS_MAX_FRAME_SIZE with a value of 0.",vuln-scan,cve:CVE-2026-33814,usr/local/bin/gosu,,,"Upgrade stdlib to a release that remediates CVE-2026-33814. This is a vulnerability finding, not a config-drift playbook.",2026-09-27,,2026-09-27,No,,,High,,,,,,,"default, not verified",,,CVE-2026-33814,"cpg_2_B,csf_PR_PS_02,nist80053_SI-2,nist80053_RA-5,cis_7_3,cis_7_4,cis_7_7"
EGP-A11612E646,"SI-2, RA-5",net/http/internal/http2: golang: golang.org/x/net: Go HTTP/2: Denial of Service via malformed SETTINGS_MAX_FRAME_SIZE frame,"When processing HTTP/2 SETTINGS frames, transport will enter an infinite loop of writing CONTINUATION frames if it receives a SETTINGS_MAX_FRAME_SIZE with a value of 0.",vuln-scan,cve:CVE-2026-33814,usr/local/go/pkg/tool/linux_amd64/vet,,,"Upgrade stdlib to a release that remediates CVE-2026-33814. This is a vulnerability finding, not a config-drift playbook.",2026-09-27,,2026-09-27,No,,,High,,,,,,,"default, not verified",,,CVE-2026-33814,"cpg_2_B,csf_PR_PS_02,nist80053_SI-2,nist80053_RA-5,cis_7_3,cis_7_4,cis_7_7"
EGP-0371457749,"SI-2, RA-5",net/http/internal/http2: golang: golang.org/x/net: Go HTTP/2: Denial of Service via malformed SETTINGS_MAX_FRAME_SIZE frame,"When processing HTTP/2 SETTINGS frames, transport will enter an infinite loop of writing CONTINUATION frames if it receives a SETTINGS_MAX_FRAME_SIZE with a value of 0.",vuln-scan,cve:CVE-2026-33814,whoami,,,"Upgrade stdlib to a release that remediates CVE-2026-33814. This is a vulnerability finding, not a config-drift playbook.",2026-09-27,,2026-09-27,No,,,High,,,,,,,"default, not verified",,,CVE-2026-33814,"cpg_2_B,csf_PR_PS_02,nist80053_SI-2,nist80053_RA-5,cis_7_3,cis_7_4,cis_7_7"
EGP-F2FC97AF36,"SI-2, RA-5",net/http: golang: Go net/http: Unencrypted HTTP/2 connections vulnerable to Denial of Service,"When a server is configured to support unencrypted HTTP/2, it reads a few bytes from each new connection to see if they contain the HTTP/2 client preface. ReadHeaderTimeout is unexpectedly not being applied when doing this.",vuln-scan,cve:CVE-2026-56853,usr/local/bin/gosu,,,"Upgrade stdlib to a release that remediates CVE-2026-56853. This is a vulnerability finding, not a config-drift playbook.",2026-09-27,,2026-09-27,No,,,High,,,,,,,"default, not verified",,,CVE-2026-56853,"cpg_2_B,csf_PR_PS_02,nist80053_SI-2,nist80053_RA-5,cis_7_3,cis_7_4,cis_7_7"
EGP-BD538B33FF,"SI-2, RA-5",net/http: golang: Go net/http: Unencrypted HTTP/2 connections vulnerable to Denial of Service,"When a server is configured to support unencrypted HTTP/2, it reads a few bytes from each new connection to see if they contain the HTTP/2 client preface. ReadHeaderTimeout is unexpectedly not being applied when doing this.",vuln-scan,cve:CVE-2026-56853,usr/local/go/pkg/tool/linux_amd64/vet,,,"Upgrade stdlib to a release that remediates CVE-2026-56853. This is a vulnerability finding, not a config-drift playbook.",2026-09-27,,2026-09-27,No,,,High,,,,,,,"default, not verified",,,CVE-2026-56853,"cpg_2_B,csf_PR_PS_02,nist80053_SI-2,nist80053_RA-5,cis_7_3,cis_7_4,cis_7_7"
EGP-A744FF8D8D,"SI-2, RA-5",net/http: golang: Go net/http: Unencrypted HTTP/2 connections vulnerable to Denial of Service,"When a server is configured to support unencrypted HTTP/2, it reads a few bytes from each new connection to see if they contain the HTTP/2 client preface. ReadHeaderTimeout is unexpectedly not being applied when doing this.",vuln-scan,cve:CVE-2026-56853,whoami,,,"Upgrade stdlib to a release that remediates CVE-2026-56853. This is a vulnerability finding, not a config-drift playbook.",2026-09-27,,2026-09-27,No,,,High,,,,,,,"default, not verified",,,CVE-2026-56853,"cpg_2_B,csf_PR_PS_02,nist80053_SI-2,nist80053_RA-5,cis_7_3,cis_7_4,cis_7_7"
EGP-5EFFF64249,"SI-2, RA-5",net/mail: golang: Go net/mail: Denial of Service via crafted email inputs,"Well-crafted inputs reaching ParseAddress, ParseAddressList, and ParseDate were able to trigger excessive CPU exhaustion and memory allocations.",vuln-scan,cve:CVE-2026-39820,usr/local/bin/gosu,,,"Upgrade stdlib to a release that remediates CVE-2026-39820. This is a vulnerability finding, not a config-drift playbook.",2026-09-27,,2026-09-27,No,,,High,,,,,,,"default, not verified",,,CVE-2026-39820,"cpg_2_B,csf_PR_PS_02,nist80053_SI-2,nist80053_RA-5,cis_7_3,cis_7_4,cis_7_7"
EGP-9A68BCD1EB,"SI-2, RA-5",net/mail: golang: Go net/mail: Denial of Service via crafted email inputs,"Well-crafted inputs reaching ParseAddress, ParseAddressList, and ParseDate were able to trigger excessive CPU exhaustion and memory allocations.",vuln-scan,cve:CVE-2026-39820,usr/local/go/pkg/tool/linux_amd64/vet,,,"Upgrade stdlib to a release that remediates CVE-2026-39820. This is a vulnerability finding, not a config-drift playbook.",2026-09-27,,2026-09-27,No,,,High,,,,,,,"default, not verified",,,CVE-2026-39820,"cpg_2_B,csf_PR_PS_02,nist80053_SI-2,nist80053_RA-5,cis_7_3,cis_7_4,cis_7_7"
EGP-8A593E3AC1,"SI-2, RA-5",net/mail: golang: Go net/mail: Denial of Service via crafted email inputs,"Well-crafted inputs reaching ParseAddress, ParseAddressList, and ParseDate were able to trigger excessive CPU exhaustion and memory allocations.",vuln-scan,cve:CVE-2026-39820,whoami,,,"Upgrade stdlib to a release that remediates CVE-2026-39820. This is a vulnerability finding, not a config-drift playbook.",2026-09-27,,2026-09-27,No,,,High,,,,,,,"default, not verified",,,CVE-2026-39820,"cpg_2_B,csf_PR_PS_02,nist80053_SI-2,nist80053_RA-5,cis_7_3,cis_7_4,cis_7_7"
EGP-7A31AA28BC,"SI-2, RA-5",net/mail: golang: net/mail: Denial of Service via pathological email address parsing,Pathological inputs could cause DoS through consumePhrase when parsing an email address according to RFC 5322.,vuln-scan,cve:CVE-2026-42499,usr/local/bin/gosu,,,"Upgrade stdlib to a release that remediates CVE-2026-42499. This is a vulnerability finding, not a config-drift playbook.",2026-09-27,,2026-09-27,No,,,High,,,,,,,"default, not verified",,,CVE-2026-42499,"cpg_2_B,csf_PR_PS_02,nist80053_SI-2,nist80053_RA-5,cis_7_3,cis_7_4,cis_7_7"
EGP-F1FC23A70C,"SI-2, RA-5",net/mail: golang: net/mail: Denial of Service via pathological email address parsing,Pathological inputs could cause DoS through consumePhrase when parsing an email address according to RFC 5322.,vuln-scan,cve:CVE-2026-42499,usr/local/go/pkg/tool/linux_amd64/vet,,,"Upgrade stdlib to a release that remediates CVE-2026-42499. This is a vulnerability finding, not a config-drift playbook.",2026-09-27,,2026-09-27,No,,,High,,,,,,,"default, not verified",,,CVE-2026-42499,"cpg_2_B,csf_PR_PS_02,nist80053_SI-2,nist80053_RA-5,cis_7_3,cis_7_4,cis_7_7"
EGP-955A68B311,"SI-2, RA-5",net/mail: golang: net/mail: Denial of Service via pathological email address parsing,Pathological inputs could cause DoS through consumePhrase when parsing an email address according to RFC 5322.,vuln-scan,cve:CVE-2026-42499,whoami,,,"Upgrade stdlib to a release that remediates CVE-2026-42499. This is a vulnerability finding, not a config-drift playbook.",2026-09-27,,2026-09-27,No,,,High,,,,,,,"default, not verified",,,CVE-2026-42499,"cpg_2_B,csf_PR_PS_02,nist80053_SI-2,nist80053_RA-5,cis_7_3,cis_7_4,cis_7_7"
EGP-570D1DCFDA,"SI-2, RA-5",net/url: Incorrect parsing of IPv6 host literals in net/url,url.Parse insufficiently validated the host/authority component and accepted some invalid URLs.,vuln-scan,cve:CVE-2026-25679,usr/local/bin/gosu,,,"Upgrade stdlib to a release that remediates CVE-2026-25679. This is a vulnerability finding, not a config-drift playbook.",2026-09-27,,2026-09-27,No,,,High,,,,,,,"default, not verified",,,CVE-2026-25679,"cpg_2_B,csf_PR_PS_02,nist80053_SI-2,nist80053_RA-5,cis_7_3,cis_7_4,cis_7_7"
EGP-CAC88851A9,"SI-2, RA-5",net/url: Incorrect parsing of IPv6 host literals in net/url,url.Parse insufficiently validated the host/authority component and accepted some invalid URLs.,vuln-scan,cve:CVE-2026-25679,usr/local/go/pkg/tool/linux_amd64/vet,,,"Upgrade stdlib to a release that remediates CVE-2026-25679. This is a vulnerability finding, not a config-drift playbook.",2026-09-27,,2026-09-27,No,,,High,,,,,,,"default, not verified",,,CVE-2026-25679,"cpg_2_B,csf_PR_PS_02,nist80053_SI-2,nist80053_RA-5,cis_7_3,cis_7_4,cis_7_7"
EGP-661DCCA6B5,"SI-2, RA-5",net/url: Incorrect parsing of IPv6 host literals in net/url,url.Parse insufficiently validated the host/authority component and accepted some invalid URLs.,vuln-scan,cve:CVE-2026-25679,whoami,,,"Upgrade stdlib to a release that remediates CVE-2026-25679. This is a vulnerability finding, not a config-drift playbook.",2026-09-27,,2026-09-27,No,,,High,,,,,,,"default, not verified",,,CVE-2026-25679,"cpg_2_B,csf_PR_PS_02,nist80053_SI-2,nist80053_RA-5,cis_7_3,cis_7_4,cis_7_7"
EGP-923F678BA3,"SI-2, RA-5",net/url: golang: golang net/url: Denial of Service from quadratic complexity in path resolution,"Previously, resolving relative paths containing parent directory ('..') segments performed string conversions and buffer rewrites on each step, resulting in quadratic time complexity and high memory allocation overhead. Now, path resolution operates on a byte buffer using index-based backtracking for '..' segments, eliminating the quadratic time complexity and significantly reducing memory allocations.",vuln-scan,cve:CVE-2026-56860,usr/local/bin/gosu,,,"Upgrade stdlib to a release that remediates CVE-2026-56860. This is a vulnerability finding, not a config-drift playbook.",2026-09-27,,2026-09-27,No,,,High,,,,,,,"default, not verified",,,CVE-2026-56860,"cpg_2_B,csf_PR_PS_02,nist80053_SI-2,nist80053_RA-5,cis_7_3,cis_7_4,cis_7_7"
EGP-AF86E987E9,"SI-2, RA-5",net/url: golang: golang net/url: Denial of Service from quadratic complexity in path resolution,"Previously, resolving relative paths containing parent directory ('..') segments performed string conversions and buffer rewrites on each step, resulting in quadratic time complexity and high memory allocation overhead. Now, path resolution operates on a byte buffer using index-based backtracking for '..' segments, eliminating the quadratic time complexity and significantly reducing memory allocations.",vuln-scan,cve:CVE-2026-56860,usr/local/go/pkg/tool/linux_amd64/vet,,,"Upgrade stdlib to a release that remediates CVE-2026-56860. This is a vulnerability finding, not a config-drift playbook.",2026-09-27,,2026-09-27,No,,,High,,,,,,,"default, not verified",,,CVE-2026-56860,"cpg_2_B,csf_PR_PS_02,nist80053_SI-2,nist80053_RA-5,cis_7_3,cis_7_4,cis_7_7"
EGP-8226B2E3FE,"SI-2, RA-5",net/url: golang: golang net/url: Denial of Service from quadratic complexity in path resolution,"Previously, resolving relative paths containing parent directory ('..') segments performed string conversions and buffer rewrites on each step, resulting in quadratic time complexity and high memory allocation overhead. Now, path resolution operates on a byte buffer using index-based backtracking for '..' segments, eliminating the quadratic time complexity and significantly reducing memory allocations.",vuln-scan,cve:CVE-2026-56860,whoami,,,"Upgrade stdlib to a release that remediates CVE-2026-56860. This is a vulnerability finding, not a config-drift playbook.",2026-09-27,,2026-09-27,No,,,High,,,,,,,"default, not verified",,,CVE-2026-56860,"cpg_2_B,csf_PR_PS_02,nist80053_SI-2,nist80053_RA-5,cis_7_3,cis_7_4,cis_7_7"
EGP-4B23100F56,"SI-2, RA-5",net: golang: Go net package: Denial of Service via NUL byte in Dial and LookupPort on Windows,The Dial and LookupPort functions panic on Windows when provided with an input containing a NUL (0).,vuln-scan,cve:CVE-2026-39836,usr/local/bin/gosu,,,"Upgrade stdlib to a release that remediates CVE-2026-39836. This is a vulnerability finding, not a config-drift playbook.",2026-09-27,,2026-09-27,No,,,High,,,,,,,"default, not verified",,,CVE-2026-39836,"cpg_2_B,csf_PR_PS_02,nist80053_SI-2,nist80053_RA-5,cis_7_3,cis_7_4,cis_7_7"
EGP-FC098D4307,"SI-2, RA-5",net: golang: Go net package: Denial of Service via NUL byte in Dial and LookupPort on Windows,The Dial and LookupPort functions panic on Windows when provided with an input containing a NUL (0).,vuln-scan,cve:CVE-2026-39836,usr/local/go/pkg/tool/linux_amd64/vet,,,"Upgrade stdlib to a release that remediates CVE-2026-39836. This is a vulnerability finding, not a config-drift playbook.",2026-09-27,,2026-09-27,No,,,High,,,,,,,"default, not verified",,,CVE-2026-39836,"cpg_2_B,csf_PR_PS_02,nist80053_SI-2,nist80053_RA-5,cis_7_3,cis_7_4,cis_7_7"
EGP-6C2ACE6E0D,"SI-2, RA-5",net: golang: Go net package: Denial of Service via NUL byte in Dial and LookupPort on Windows,The Dial and LookupPort functions panic on Windows when provided with an input containing a NUL (0).,vuln-scan,cve:CVE-2026-39836,whoami,,,"Upgrade stdlib to a release that remediates CVE-2026-39836. This is a vulnerability finding, not a config-drift playbook.",2026-09-27,,2026-09-27,No,,,High,,,,,,,"default, not verified",,,CVE-2026-39836,"cpg_2_B,csf_PR_PS_02,nist80053_SI-2,nist80053_RA-5,cis_7_3,cis_7_4,cis_7_7"
EGP-552B94B653,"SI-2, RA-5",net: golang: Go net package: Denial of Service via long CNAME response in LookupCNAME,"When using LookupCNAME with the cgo DNS resolver, a very long CNAME response can trigger a double-free of C memory and a crash.",vuln-scan,cve:CVE-2026-33811,usr/local/bin/gosu,,,"Upgrade stdlib to a release that remediates CVE-2026-33811. This is a vulnerability finding, not a config-drift playbook.",2026-09-27,,2026-09-27,No,,,High,,,,,,,"default, not verified",,,CVE-2026-33811,"cpg_2_B,csf_PR_PS_02,nist80053_SI-2,nist80053_RA-5,cis_7_3,cis_7_4,cis_7_7"
EGP-5394977B56,"SI-2, RA-5",net: golang: Go net package: Denial of Service via long CNAME response in LookupCNAME,"When using LookupCNAME with the cgo DNS resolver, a very long CNAME response can trigger a double-free of C memory and a crash.",vuln-scan,cve:CVE-2026-33811,usr/local/go/pkg/tool/linux_amd64/vet,,,"Upgrade stdlib to a release that remediates CVE-2026-33811. This is a vulnerability finding, not a config-drift playbook.",2026-09-27,,2026-09-27,No,,,High,,,,,,,"default, not verified",,,CVE-2026-33811,"cpg_2_B,csf_PR_PS_02,nist80053_SI-2,nist80053_RA-5,cis_7_3,cis_7_4,cis_7_7"
EGP-0CA8334725,"SI-2, RA-5",net: golang: Go net package: Denial of Service via long CNAME response in LookupCNAME,"When using LookupCNAME with the cgo DNS resolver, a very long CNAME response can trigger a double-free of C memory and a crash.",vuln-scan,cve:CVE-2026-33811,whoami,,,"Upgrade stdlib to a release that remediates CVE-2026-33811. This is a vulnerability finding, not a config-drift playbook.",2026-09-27,,2026-09-27,No,,,High,,,,,,,"default, not verified",,,CVE-2026-33811,"cpg_2_B,csf_PR_PS_02,nist80053_SI-2,nist80053_RA-5,cis_7_3,cis_7_4,cis_7_7"
EGP-3F41623EAA,"SI-2, RA-5",nettle: Remote crash in RSA decryption via manipulated ciphertext,A flaw was found in the way nettle's RSA decryption functions handled specially crafted ciphertext. An attacker could use this flaw to provide a manipulated ciphertext leading to application crash and denial of service.,vuln-scan,cve:CVE-2021-3580,dperson/samba:latest (alpine 3.12.0),,,"Upgrade nettle to a release that remediates CVE-2021-3580. This is a vulnerability finding, not a config-drift playbook.",2026-09-27,,2026-09-27,No,,,High,,,,,,,"default, not verified",,,CVE-2021-3580,"cpg_2_B,csf_PR_PS_02,nist80053_SI-2,nist80053_RA-5,cis_7_3,cis_7_4,cis_7_7"
EGP-14757CF59B,"SI-2, RA-5",nghttp2: nghttp2: Denial of Service via malformed HTTP/2 frames after session termination,"nghttp2 is an implementation of the Hypertext Transfer Protocol version 2 in C. Prior to version 1.68.1, the nghttp2 library stops reading the incoming data when user facing public API `nghttp2_session_terminate_session` or `nghttp2_session_terminate_session2` is called by the application. They might be called internally by the library when it detects the situation that is subject to connection error. Due to the missing internal state validation, the library keeps reading the rest of the data after one of those APIs is called. Then receiving a malformed frame that causes FRAME_SIZE_ERROR causes assertion failure. nghttp2 v1.68.1 adds missing state validation to avoid assertion failure. No known workarounds are available.",vuln-scan,cve:CVE-2026-27135,nginx:1.27-alpine (alpine 3.21.3),,,"Upgrade nghttp2-libs to a release that remediates CVE-2026-27135. This is a vulnerability finding, not a config-drift playbook.",2026-09-27,,2026-09-27,No,,,High,,,,,,,"default, not verified",,,CVE-2026-27135,"cpg_2_B,csf_PR_PS_02,nist80053_SI-2,nist80053_RA-5,cis_7_3,cis_7_4,cis_7_7"
EGP-5C9E23EBB8,"SI-2, RA-5",openldap: Assertion failure in slapd in the issuerAndThisUpdateCheck function,"In OpenLDAP through 2.4.57 and 2.5.x through 2.5.1alpha, an assertion failure in slapd can occur in the issuerAndThisUpdateCheck function via a crafted packet, resulting in a denial of service (daemon exit) via a short timestamp. This is related to schema_init.c and checkTime.",vuln-scan,cve:CVE-2021-27212,dperson/samba:latest (alpine 3.12.0),,,"Upgrade libldap to a release that remediates CVE-2021-27212. This is a vulnerability finding, not a config-drift playbook.",2026-09-27,,2026-09-27,No,,,High,,,,,,,"default, not verified",,,CVE-2021-27212,"cpg_2_B,csf_PR_PS_02,nist80053_SI-2,nist80053_RA-5,cis_7_3,cis_7_4,cis_7_7"
EGP-39E6DC3586,"SI-2, RA-5",openldap: NULL pointer dereference for unauthenticated packet in slapd,"A NULL pointer dereference was found in OpenLDAP server and was fixed in openldap 2.4.55, during a request for renaming RDNs. An unauthenticated attacker could remotely crash the slapd process by sending a specially crafted request, causing a Denial of Service.",vuln-scan,cve:CVE-2020-25692,dperson/samba:latest (alpine 3.12.0),,,"Upgrade libldap to a release that remediates CVE-2020-25692. This is a vulnerability finding, not a config-drift playbook.",2026-09-27,,2026-09-27,No,,,High,,,,,,,"default, not verified",,,CVE-2020-25692,"cpg_2_B,csf_PR_PS_02,nist80053_SI-2,nist80053_RA-5,cis_7_3,cis_7_4,cis_7_7"
EGP-7F2F160821,"SI-2, RA-5",openldap: assertion failure in CSN normalization with invalid input,A flaw was found in OpenLDAP in versions before 2.4.56. This flaw allows an attacker who sends a malicious packet processed by OpenLDAP to force a failed assertion in csnNormalize23(). The highest threat from this vulnerability is to system availability.,vuln-scan,cve:CVE-2020-25710,dperson/samba:latest (alpine 3.12.0),,,"Upgrade libldap to a release that remediates CVE-2020-25710. This is a vulnerability finding, not a config-drift playbook.",2026-09-27,,2026-09-27,No,,,High,,,,,,,"default, not verified",,,CVE-2020-25710,"cpg_2_B,csf_PR_PS_02,nist80053_SI-2,nist80053_RA-5,cis_7_3,cis_7_4,cis_7_7"
EGP-599C35AF66,"SI-2, RA-5",openldap: assertion failure in Certificate List syntax validation,"A flaw was found in OpenLDAP. This flaw allows an attacker who can send a malicious packet to be processed by OpenLDAP’s slapd server, to trigger an assertion failure. The highest threat from this vulnerability is to system availability.",vuln-scan,cve:CVE-2020-25709,dperson/samba:latest (alpine 3.12.0),,,"Upgrade libldap to a release that remediates CVE-2020-25709. This is a vulnerability finding, not a config-drift playbook.",2026-09-27,,2026-09-27,No,,,High,,,,,,,"default, not verified",,,CVE-2020-25709,"cpg_2_B,csf_PR_PS_02,nist80053_SI-2,nist80053_RA-5,cis_7_3,cis_7_4,cis_7_7"
EGP-736985E1F5,"SI-2, RA-5",openssl: CA certificate check bypass with X509_V_FLAG_X509_STRICT,"The X509_V_FLAG_X509_STRICT flag enables additional security checks of the certificates present in a certificate chain. It is not set by default. Starting from OpenSSL version 1.1.1h a check to disallow certificates in the chain that have explicitly encoded elliptic curve parameters was added as an additional strict check. An error in the implementation of this check meant that the result of a previous check to confirm that certificates in the chain are valid CA certificates was overwritten. This effectively bypasses the check that non-CA certificates must not be able to issue other certificates. If a ""purpose"" has been configured then there is a subsequent opportunity for checks that the certificate is a valid CA. All of the named ""purpose"" values implemented in libcrypto perform this check. Therefore, where a purpose is set the certificate chain will still be rejected even when the strict flag has been used. A purpose is set by default in libssl client and server certificate verification routines, but it can be overridden or removed by an application. In order to be affected, an application must explicitly set the X509_V_FLAG_X509_STRICT verification flag and either not set a purpose for the certificate verification or, in the case of TLS client or server applications, override the default purpose. OpenSSL versions 1.1.1h and newer are affected by this issue. Users of these versions should upgrade to OpenSSL 1.1.1k. OpenSSL 1.0.2 is not impacted by this issue. Fixed in OpenSSL 1.1.1k (Affected 1.1.1h-1.1.1j).",vuln-scan,cve:CVE-2021-3450,dperson/samba:latest (alpine 3.12.0),,,"Upgrade libcrypto1.1 to a release that remediates CVE-2021-3450. This is a vulnerability finding, not a config-drift playbook.",2026-09-27,,2026-09-27,No,,,High,,,,,,,"default, not verified",,,CVE-2021-3450,"cpg_2_B,csf_PR_PS_02,nist80053_SI-2,nist80053_RA-5,cis_7_3,cis_7_4,cis_7_7"
EGP-FAF20D1D2B,"SI-2, RA-5",openssl: CA certificate check bypass with X509_V_FLAG_X509_STRICT,"The X509_V_FLAG_X509_STRICT flag enables additional security checks of the certificates present in a certificate chain. It is not set by default. Starting from OpenSSL version 1.1.1h a check to disallow certificates in the chain that have explicitly encoded elliptic curve parameters was added as an additional strict check. An error in the implementation of this check meant that the result of a previous check to confirm that certificates in the chain are valid CA certificates was overwritten. This effectively bypasses the check that non-CA certificates must not be able to issue other certificates. If a ""purpose"" has been configured then there is a subsequent opportunity for checks that the certificate is a valid CA. All of the named ""purpose"" values implemented in libcrypto perform this check. Therefore, where a purpose is set the certificate chain will still be rejected even when the strict flag has been used. A purpose is set by default in libssl client and server certificate verification routines, but it can be overridden or removed by an application. In order to be affected, an application must explicitly set the X509_V_FLAG_X509_STRICT verification flag and either not set a purpose for the certificate verification or, in the case of TLS client or server applications, override the default purpose. OpenSSL versions 1.1.1h and newer are affected by this issue. Users of these versions should upgrade to OpenSSL 1.1.1k. OpenSSL 1.0.2 is not impacted by this issue. Fixed in OpenSSL 1.1.1k (Affected 1.1.1h-1.1.1j).",vuln-scan,cve:CVE-2021-3450,mailhog/mailhog:v1.0.1 (alpine 3.12.0),,,"Upgrade libcrypto1.1 to a release that remediates CVE-2021-3450. This is a vulnerability finding, not a config-drift playbook.",2026-09-27,,2026-09-27,No,,,High,,,,,,,"default, not verified",,,CVE-2021-3450,"cpg_2_B,csf_PR_PS_02,nist80053_SI-2,nist80053_RA-5,cis_7_3,cis_7_4,cis_7_7"
EGP-912C461D20,"SI-2, RA-5",openssl: CMP indefinite cache growth of ExtraCerts,"Issue summary: The OpenSSL Certificate Management Protocol (CMP) caches
additional certificates (extraCerts) sent in a CMP message, but never expunges
them (for instance if they are invalid).  If a server reuses an OSSL_CMP_CTX
frequently, this cache of extraCerts may grow unboundedly, and a malicious
client may flood a CMP server with requests driving this growth.

Impact summary: Users utilizing a CMP server that reuses a single OSSL_CMP_CTX
for the lifetime of a server process may observe unbounded memory growth in the
event a malicious client repeatedly sends requests containing unique extra
certificates, which may lead to OOM conditions.

CWE: CWE-770: Allocation of Resources Without Limits or Throttling

Description: If a remote user sends CMP messages to a server with a list of
extraCerts and the message is rejected, the extraCerts from the message remains
in the server contexts untrusted certificate stack.  This exposes servers with
long lived ctx objects to Denial of Service attacks in which an attacker sends
messages intending to be rejected with a large list of additional certificates
repeatedly, forcing the server to store them indefinitely.
   
The issue was fixed by removing the added extra certs if the message is
rejected, using the same method as when the context is configured to not do
caching at all.

FIPS impact: no
As the CMP code lives outside the FIPS module boundary, no FIPS
modules are affected by this CVE.",vuln-scan,cve:CVE-2026-63074,mysql:8.4 (oracle 9.8),,,"Upgrade openssl to a release that remediates CVE-2026-63074. This is a vulnerability finding, not a config-drift playbook.",2026-09-27,,2026-09-27,No,,,High,,,,,,,"default, not verified",,,CVE-2026-63074,"cpg_2_B,csf_PR_PS_02,nist80053_SI-2,nist80053_RA-5,cis_7_3,cis_7_4,cis_7_7"
EGP-737D585306,"SI-2, RA-5",openssl: Heap Use-After-Free in OpenSSL PKCS7_verify(),"Issue summary: A specially crafted PKCS#7 or S/MIME signed message could
trigger a use-after-free during PKCS#7 signature verification.

Impact summary: A use-after-free may result in process crashes, heap
corruption, or potentially remote code execution.

When processing a PKCS#7 or S/MIME signed message, if the SignedData
digestAlgorithms field is present as an empty ASN.1 SET, OpenSSL may
incorrectly free a caller-owned BIO during PKCS7_verify(). A subsequent
use of the BIO by the calling application results in a use-after-free
condition.

In the common case this occurs when the application later calls
BIO_free() on the BIO originally passed to PKCS7_verify(). Depending
on allocator behavior and application-specific BIO usage patterns, this
may result in a crash or other memory corruption. In some application
contexts this may potentially be exploitable for remote code execution.

Applications that process PKCS#7 or S/MIME signed messages using OpenSSL
PKCS#7 APIs may be affected. Applications using the CMS APIs for this
processing are not affected.

The FIPS modules in 4.0, 3.6, 3.5, 3.4, and 3.0 are not affected by this
issue, as the affected code is outside the OpenSSL FIPS module boundary.",vuln-scan,cve:CVE-2026-45447,nginx:1.27-alpine (alpine 3.21.3),,,"Upgrade libcrypto3 to a release that remediates CVE-2026-45447. This is a vulnerability finding, not a config-drift playbook.",2026-09-27,,2026-09-27,No,,,High,,,,,,,"default, not verified",,,CVE-2026-45447,"cpg_2_B,csf_PR_PS_02,nist80053_SI-2,nist80053_RA-5,cis_7_3,cis_7_4,cis_7_7"
EGP-452E4B564E,"SI-2, RA-5",openssl: Heap Use-After-Free in OpenSSL PKCS7_verify(),"Issue summary: A specially crafted PKCS#7 or S/MIME signed message could
trigger a use-after-free during PKCS#7 signature verification.

Impact summary: A use-after-free may result in process crashes, heap
corruption, or potentially remote code execution.

When processing a PKCS#7 or S/MIME signed message, if the SignedData
digestAlgorithms field is present as an empty ASN.1 SET, OpenSSL may
incorrectly free a caller-owned BIO during PKCS7_verify(). A subsequent
use of the BIO by the calling application results in a use-after-free
condition.

In the common case this occurs when the application later calls
BIO_free() on the BIO originally passed to PKCS7_verify(). Depending
on allocator behavior and application-specific BIO usage patterns, this
may result in a crash or other memory corruption. In some application
contexts this may potentially be exploitable for remote code execution.

Applications that process PKCS#7 or S/MIME signed messages using OpenSSL
PKCS#7 APIs may be affected. Applications using the CMS APIs for this
processing are not affected.

The FIPS modules in 4.0, 3.6, 3.5, 3.4, and 3.0 are not affected by this
issue, as the affected code is outside the OpenSSL FIPS module boundary.",vuln-scan,cve:CVE-2026-45447,redis:7-alpine (alpine 3.21.7),,,"Upgrade libcrypto3 to a release that remediates CVE-2026-45447. This is a vulnerability finding, not a config-drift playbook.",2026-09-27,,2026-09-27,No,,,High,,,,,,,"default, not verified",,,CVE-2026-45447,"cpg_2_B,csf_PR_PS_02,nist80053_SI-2,nist80053_RA-5,cis_7_3,cis_7_4,cis_7_7"
EGP-A013DED9EC,"SI-2, RA-5",openssl: Infinite loop in BN_mod_sqrt() reachable when parsing certificates,"The BN_mod_sqrt() function, which computes a modular square root, contains a bug that can cause it to loop forever for non-prime moduli. Internally this function is used when parsing certificates that contain elliptic curve public keys in compressed form or explicit elliptic curve parameters with a base point encoded in compressed form. It is possible to trigger the infinite loop by crafting a certificate that has invalid explicit curve parameters. Since certificate parsing happens prior to verification of the certificate signature, any process that parses an externally supplied certificate may thus be subject to a denial of service attack. The infinite loop can also be reached when parsing crafted private keys as they can contain explicit elliptic curve parameters. Thus vulnerable situations include: - TLS clients consuming server certificates - TLS servers consuming client certificates - Hosting providers taking certificates or private keys from customers - Certificate authorities parsing certification requests from subscribers - Anything else which parses ASN.1 elliptic curve parameters Also any other applications that use the BN_mod_sqrt() where the attacker can control the parameter values are vulnerable to this DoS issue. In the OpenSSL 1.0.2 version the public key is not parsed during initial parsing of the certificate which makes it slightly harder to trigger the infinite loop. However any operation which requires the public key from the certificate will trigger the infinite loop. In particular the attacker can use a self-signed certificate to trigger the loop during verification of the certificate signature. This issue affects OpenSSL versions 1.0.2, 1.1.1 and 3.0. It was addressed in the releases of 1.1.1n and 3.0.2 on the 15th March 2022. Fixed in OpenSSL 3.0.2 (Affected 3.0.0,3.0.1). Fixed in OpenSSL 1.1.1n (Affected 1.1.1-1.1.1m). Fixed in OpenSSL 1.0.2zd (Affected 1.0.2-1.0.2zc).",vuln-scan,cve:CVE-2022-0778,dperson/samba:latest (alpine 3.12.0),,,"Upgrade libcrypto1.1 to a release that remediates CVE-2022-0778. This is a vulnerability finding, not a config-drift playbook.",2026-09-27,,2026-09-27,No,,,High,,,,,,,"default, not verified",,,CVE-2022-0778,"cpg_2_B,csf_PR_PS_02,nist80053_SI-2,nist80053_RA-5,cis_7_3,cis_7_4,cis_7_7"
EGP-3674F764C6,"SI-2, RA-5",openssl: Infinite loop in BN_mod_sqrt() reachable when parsing certificates,"The BN_mod_sqrt() function, which computes a modular square root, contains a bug that can cause it to loop forever for non-prime moduli. Internally this function is used when parsing certificates that contain elliptic curve public keys in compressed form or explicit elliptic curve parameters with a base point encoded in compressed form. It is possible to trigger the infinite loop by crafting a certificate that has invalid explicit curve parameters. Since certificate parsing happens prior to verification of the certificate signature, any process that parses an externally supplied certificate may thus be subject to a denial of service attack. The infinite loop can also be reached when parsing crafted private keys as they can contain explicit elliptic curve parameters. Thus vulnerable situations include: - TLS clients consuming server certificates - TLS servers consuming client certificates - Hosting providers taking certificates or private keys from customers - Certificate authorities parsing certification requests from subscribers - Anything else which parses ASN.1 elliptic curve parameters Also any other applications that use the BN_mod_sqrt() where the attacker can control the parameter values are vulnerable to this DoS issue. In the OpenSSL 1.0.2 version the public key is not parsed during initial parsing of the certificate which makes it slightly harder to trigger the infinite loop. However any operation which requires the public key from the certificate will trigger the infinite loop. In particular the attacker can use a self-signed certificate to trigger the loop during verification of the certificate signature. This issue affects OpenSSL versions 1.0.2, 1.1.1 and 3.0. It was addressed in the releases of 1.1.1n and 3.0.2 on the 15th March 2022. Fixed in OpenSSL 3.0.2 (Affected 3.0.0,3.0.1). Fixed in OpenSSL 1.1.1n (Affected 1.1.1-1.1.1m). Fixed in OpenSSL 1.0.2zd (Affected 1.0.2-1.0.2zc).",vuln-scan,cve:CVE-2022-0778,mailhog/mailhog:v1.0.1 (alpine 3.12.0),,,"Upgrade libcrypto1.1 to a release that remediates CVE-2022-0778. This is a vulnerability finding, not a config-drift playbook.",2026-09-27,,2026-09-27,No,,,High,,,,,,,"default, not verified",,,CVE-2022-0778,"cpg_2_B,csf_PR_PS_02,nist80053_SI-2,nist80053_RA-5,cis_7_3,cis_7_4,cis_7_7"
EGP-8FB31DCE1E,"SI-2, RA-5",openssl: OpenSSL: Arbitrary code execution due to use-after-free in DANE TLSA authentication,"Issue summary: An uncommon configuration of clients performing DANE TLSA-based
server authentication, when paired with uncommon server DANE TLSA records, may
result in a use-after-free and/or double-free on the client side.

Impact summary: A use after free can have a range of potential consequences
such as the corruption of valid data, crashes or execution of arbitrary code.

However, the issue only affects clients that make use of TLSA records with both
the PKIX-TA(0/PKIX-EE(1) certificate usages and the DANE-TA(2) certificate
usage.

By far the most common deployment of DANE is in SMTP MTAs for which RFC7672
recommends that clients treat as 'unusable' any TLSA records that have the PKIX
certificate usages.  These SMTP (or other similar) clients are not vulnerable
to this issue.  Conversely, any clients that support only the PKIX usages, and
ignore the DANE-TA(2) usage are also not vulnerable.

The client would also need to be communicating with a server that publishes a
TLSA RRset with both types of TLSA records.

No FIPS modules are affected by this issue, the problem code is outside the
FIPS module boundary.",vuln-scan,cve:CVE-2026-28387,nginx:1.27-alpine (alpine 3.21.3),,,"Upgrade libcrypto3 to a release that remediates CVE-2026-28387. This is a vulnerability finding, not a config-drift playbook.",2026-09-27,,2026-09-27,No,,,High,,,,,,,"default, not verified",,,CVE-2026-28387,"cpg_2_B,csf_PR_PS_02,nist80053_SI-2,nist80053_RA-5,cis_7_3,cis_7_4,cis_7_7"
EGP-0ECEC7C5A3,"SI-2, RA-5",openssl: OpenSSL: Denial of Service due to NULL pointer dereference in CMS EnvelopedData processing,"Issue summary: During processing of a crafted CMS EnvelopedData message
with KeyTransportRecipientInfo a NULL pointer dereference can happen.

Impact summary: Applications that process attacker-controlled CMS data may
crash before authentication or cryptographic operations occur resulting in
Denial of Service.

When a CMS EnvelopedData message that uses KeyTransportRecipientInfo with
RSA-OAEP encryption is processed, the optional parameters field of
RSA-OAEP SourceFunc algorithm identifier is examined without checking
for its presence. This results in a NULL pointer dereference if the field
is missing.

Applications and services that call CMS_decrypt() on untrusted input
(e.g., S/MIME processing or CMS-based protocols) are vulnerable.

The FIPS modules in 3.6, 3.5, 3.4, 3.3 and 3.0 are not affected by this
issue, as the affected code is outside the OpenSSL FIPS module boundary.",vuln-scan,cve:CVE-2026-28390,nginx:1.27-alpine (alpine 3.21.3),,,"Upgrade libcrypto3 to a release that remediates CVE-2026-28390. This is a vulnerability finding, not a config-drift playbook.",2026-09-27,,2026-09-27,No,,,High,,,,,,,"default, not verified",,,CVE-2026-28390,"cpg_2_B,csf_PR_PS_02,nist80053_SI-2,nist80053_RA-5,cis_7_3,cis_7_4,cis_7_7"
EGP-FFA6551D75,"SI-2, RA-5",openssl: OpenSSL: Denial of Service due to NULL pointer dereference in delta CRL processing,"Issue summary: When a delta CRL that contains a Delta CRL Indicator extension
is processed a NULL pointer dereference might happen if the required CRL
Number extension is missing.

Impact summary: A NULL pointer dereference can trigger a crash which
leads to a Denial of Service for an application.

When CRL processing and delta CRL processing is enabled during X.509
certificate verification, the delta CRL processing does not check
whether the CRL Number extension is NULL before dereferencing it.
When a malformed delta CRL file is being processed, this parameter
can be NULL, causing a NULL pointer dereference.

Exploiting this issue requires the X509_V_FLAG_USE_DELTAS flag to be enabled in
the verification context, the certificate being verified to contain a
freshestCRL extension or the base CRL to have the EXFLAG_FRESHEST flag set, and
an attacker to provide a malformed CRL to an application that processes it.

The vulnerability is limited to Denial of Service and cannot be escalated to
achieve code execution or memory disclosure. For that reason the issue was
assessed as Low severity according to our Security Policy.

The FIPS modules in 3.6, 3.5, 3.4, 3.3 and 3.0 are not affected by this issue,
as the affected code is outside the OpenSSL FIPS module boundary.",vuln-scan,cve:CVE-2026-28388,nginx:1.27-alpine (alpine 3.21.3),,,"Upgrade libcrypto3 to a release that remediates CVE-2026-28388. This is a vulnerability finding, not a config-drift playbook.",2026-09-27,,2026-09-27,No,,,High,,,,,,,"default, not verified",,,CVE-2026-28388,"cpg_2_B,csf_PR_PS_02,nist80053_SI-2,nist80053_RA-5,cis_7_3,cis_7_4,cis_7_7"
EGP-C3EFA117AF,"SI-2, RA-5",openssl: OpenSSL: Denial of Service via malformed PKCS#12 file processing,"Issue summary: Processing a malformed PKCS#12 file can trigger a NULL pointer
dereference in the PKCS12_item_decrypt_d2i_ex() function.

Impact summary: A NULL pointer dereference can trigger a crash which leads to
Denial of Service for an application processing PKCS#12 files.

The PKCS12_item_decrypt_d2i_ex() function does not check whether the oct
parameter is NULL before dereferencing it. When called from
PKCS12_unpack_p7encdata() with a malformed PKCS#12 file, this parameter can
be NULL, causing a crash. The vulnerability is limited to Denial of Service
and cannot be escalated to achieve code execution or memory disclosure.

Exploiting this issue requires an attacker to provide a malformed PKCS#12 file
to an application that processes it. For that reason the issue was assessed as
Low severity according to our Security Policy.

The FIPS modules in 3.6, 3.5, 3.4, 3.3 and 3.0 are not affected by this issue,
as the PKCS#12 implementation is outside the OpenSSL FIPS module boundary.

OpenSSL 3.6, 3.5, 3.4, 3.3, 3.0, 1.1.1 and 1.0.2 are vulnerable to this issue.",vuln-scan,cve:CVE-2025-69421,nginx:1.27-alpine (alpine 3.21.3),,,"Upgrade libcrypto3 to a release that remediates CVE-2025-69421. This is a vulnerability finding, not a config-drift playbook.",2026-09-27,,2026-09-27,No,,,High,,,,,,,"default, not verified",,,CVE-2025-69421,"cpg_2_B,csf_PR_PS_02,nist80053_SI-2,nist80053_RA-5,cis_7_3,cis_7_4,cis_7_7"
EGP-35F0FD62D9,"SI-2, RA-5",openssl: OpenSSL: Denial of Service via unbounded memory growth in QUIC server,"Issue summary: When an OpenSSL QUIC server (Listener SSL object) processes
valid QUIC Initial packets for unknown destination connection IDs, it
can allocate and queue new incoming channels without enforcing any limit.

Impact summary: A remote peer that can make many Initial packets reach the
server listener faster than the application accepts connections, can cause the
memory allocated to store the per-channel state to grow without any limits,
potentially making the QUIC listener unavailable and causing Denial of Service.

CWE: CWE-770: Allocation of Resources Without Limits or Throttling

Description: The function that handles inbound QUIC packets uses
Connection-Id from the packet header to find an existing connection
(QUIC channel). If no existing connection is found and the packet
type is INITIAL, the function treats the packet as a new connection. It
allocates a new channel object and inserts it into a queue where it
waits to be accepted by the local application with SSL_accept(3ossl).
The memory occupied by these initial channel objects may grow
without bounds if the application is not able to call SSL_accept()
frequently enough to serve these inbound connection requests.

The issue is present since OpenSSL 3.5 when the QUIC server implementation
was added.

The fix introduces a limit for pending connections. The default limit is set
to 256 pending connections (waiting to be accepted by the local application).
Applications may change the default by calling SSL_set_value_uint(3ossl).

FIPS impact: no
The FIPS module is not affected as the QUIC implementation is outside of
the OpenSSL FIPS module boundary.",vuln-scan,cve:CVE-2026-14456,httpd:2.4-alpine (alpine 3.24.1),,,"Upgrade libcrypto3 to a release that remediates CVE-2026-14456. This is a vulnerability finding, not a config-drift playbook.",2026-09-27,,2026-09-27,No,,,High,,,,,,,"default, not verified",,,CVE-2026-14456,"cpg_2_B,csf_PR_PS_02,nist80053_SI-2,nist80053_RA-5,cis_7_3,cis_7_4,cis_7_7"
EGP-D4DF104A41,"SI-2, RA-5",openssl: OpenSSL: Denial of Service via unbounded memory growth in QUIC server,"Issue summary: When an OpenSSL QUIC server (Listener SSL object) processes
valid QUIC Initial packets for unknown destination connection IDs, it
can allocate and queue new incoming channels without enforcing any limit.

Impact summary: A remote peer that can make many Initial packets reach the
server listener faster than the application accepts connections, can cause the
memory allocated to store the per-channel state to grow without any limits,
potentially making the QUIC listener unavailable and causing Denial of Service.

CWE: CWE-770: Allocation of Resources Without Limits or Throttling

Description: The function that handles inbound QUIC packets uses
Connection-Id from the packet header to find an existing connection
(QUIC channel). If no existing connection is found and the packet
type is INITIAL, the function treats the packet as a new connection. It
allocates a new channel object and inserts it into a queue where it
waits to be accepted by the local application with SSL_accept(3ossl).
The memory occupied by these initial channel objects may grow
without bounds if the application is not able to call SSL_accept()
frequently enough to serve these inbound connection requests.

The issue is present since OpenSSL 3.5 when the QUIC server implementation
was added.

The fix introduces a limit for pending connections. The default limit is set
to 256 pending connections (waiting to be accepted by the local application).
Applications may change the default by calling SSL_set_value_uint(3ossl).

FIPS impact: no
The FIPS module is not affected as the QUIC implementation is outside of
the OpenSSL FIPS module boundary.",vuln-scan,cve:CVE-2026-14456,mysql:8.4 (oracle 9.8),,,"Upgrade openssl to a release that remediates CVE-2026-14456. This is a vulnerability finding, not a config-drift playbook.",2026-09-27,,2026-09-27,No,,,High,,,,,,,"default, not verified",,,CVE-2026-14456,"cpg_2_B,csf_PR_PS_02,nist80053_SI-2,nist80053_RA-5,cis_7_3,cis_7_4,cis_7_7"
EGP-9FE1647C58,"SI-2, RA-5",openssl: OpenSSL: Denial of Service via unbounded memory growth in QUIC server,"Issue summary: When an OpenSSL QUIC server (Listener SSL object) processes
valid QUIC Initial packets for unknown destination connection IDs, it
can allocate and queue new incoming channels without enforcing any limit.

Impact summary: A remote peer that can make many Initial packets reach the
server listener faster than the application accepts connections, can cause the
memory allocated to store the per-channel state to grow without any limits,
potentially making the QUIC listener unavailable and causing Denial of Service.

CWE: CWE-770: Allocation of Resources Without Limits or Throttling

Description: The function that handles inbound QUIC packets uses
Connection-Id from the packet header to find an existing connection
(QUIC channel). If no existing connection is found and the packet
type is INITIAL, the function treats the packet as a new connection. It
allocates a new channel object and inserts it into a queue where it
waits to be accepted by the local application with SSL_accept(3ossl).
The memory occupied by these initial channel objects may grow
without bounds if the application is not able to call SSL_accept()
frequently enough to serve these inbound connection requests.

The issue is present since OpenSSL 3.5 when the QUIC server implementation
was added.

The fix introduces a limit for pending connections. The default limit is set
to 256 pending connections (waiting to be accepted by the local application).
Applications may change the default by calling SSL_set_value_uint(3ossl).

FIPS impact: no
The FIPS module is not affected as the QUIC implementation is outside of
the OpenSSL FIPS module boundary.",vuln-scan,cve:CVE-2026-14456,postgres:16-alpine (alpine 3.24.1),,,"Upgrade libcrypto3 to a release that remediates CVE-2026-14456. This is a vulnerability finding, not a config-drift playbook.",2026-09-27,,2026-09-27,No,,,High,,,,,,,"default, not verified",,,CVE-2026-14456,"cpg_2_B,csf_PR_PS_02,nist80053_SI-2,nist80053_RA-5,cis_7_3,cis_7_4,cis_7_7"
EGP-6C2022D91D,"SI-2, RA-5",openssl: OpenSSL: Denial of Service vulnerability in CMS processing,"Issue summary: During processing of a crafted CMS EnvelopedData message
with KeyAgreeRecipientInfo a NULL pointer dereference can happen.

Impact summary: Applications that process attacker-controlled CMS data may
crash before authentication or cryptographic operations occur resulting in
Denial of Service.

When a CMS EnvelopedData message that uses KeyAgreeRecipientInfo is
processed, the optional parameters field of KeyEncryptionAlgorithmIdentifier
is examined without checking for its presence. This results in a NULL
pointer dereference if the field is missing.

Applications and services that call CMS_decrypt() on untrusted input
(e.g., S/MIME processing or CMS-based protocols) are vulnerable.

The FIPS modules in 3.6, 3.5, 3.4, 3.3 and 3.0 are not affected by this
issue, as the affected code is outside the OpenSSL FIPS module boundary.",vuln-scan,cve:CVE-2026-28389,nginx:1.27-alpine (alpine 3.21.3),,,"Upgrade libcrypto3 to a release that remediates CVE-2026-28389. This is a vulnerability finding, not a config-drift playbook.",2026-09-27,,2026-09-27,No,,,High,,,,,,,"default, not verified",,,CVE-2026-28389,"cpg_2_B,csf_PR_PS_02,nist80053_SI-2,nist80053_RA-5,cis_7_3,cis_7_4,cis_7_7"
EGP-7028D8386D,"SI-2, RA-5",openssl: OpenSSL: Remote code execution or Denial of Service via oversized Initialization Vector in CMS parsing,"Issue summary: Parsing CMS AuthEnvelopedData or EnvelopedData message with
maliciously crafted AEAD parameters can trigger a stack buffer overflow.

Impact summary: A stack buffer overflow may lead to a crash, causing Denial
of Service, or potentially remote code execution.

When parsing CMS (Auth)EnvelopedData structures that use AEAD ciphers such as
AES-GCM, the IV (Initialization Vector) encoded in the ASN.1 parameters is
copied into a fixed-size stack buffer without verifying that its length fits
the destination. An attacker can supply a crafted CMS message with an
oversized IV, causing a stack-based out-of-bounds write before any
authentication or tag verification occurs.

Applications and services that parse untrusted CMS or PKCS#7 content using
AEAD ciphers (e.g., S/MIME (Auth)EnvelopedData with AES-GCM) are vulnerable.
Because the overflow occurs prior to authentication, no valid key material
is required to trigger it. While exploitability to remote code execution
depends on platform and toolchain mitigations, the stack-based write
primitive represents a severe risk.

The FIPS modules in 3.6, 3.5, 3.4, 3.3 and 3.0 are not affected by this
issue, as the CMS implementation is outside the OpenSSL FIPS module
boundary.

OpenSSL 3.6, 3.5, 3.4, 3.3 and 3.0 are vulnerable to this issue.

OpenSSL 1.1.1 and 1.0.2 are not affected by this issue.",vuln-scan,cve:CVE-2025-15467,nginx:1.27-alpine (alpine 3.21.3),,,"Upgrade libcrypto3 to a release that remediates CVE-2025-15467. This is a vulnerability finding, not a config-drift playbook.",2026-09-27,,2026-09-27,No,,,High,,,,,,,"default, not verified",,,CVE-2025-15467,"cpg_2_B,csf_PR_PS_02,nist80053_SI-2,nist80053_RA-5,cis_7_3,cis_7_4,cis_7_7"
EGP-3AE264B09F,"SI-2, RA-5",openssl: QUIC ACK-only packet retention can cause memory exhaustion,"Issue summary: When OpenSSL processes QUIC traffic from a peer that repeatedly
sends ack-eliciting packets while not acknowledging ACK-only responses, the
QUIC stack can retain ACK-only packet metadata for the lifetime of the
connection.

Impact summary: A remote peer that can complete a QUIC handshake can
cause connection-scoped memory growth which may lead to Denial of Service
through memory exhaustion, especially with sustained traffic or many concurrent
QUIC connections.

CWE: CWE-770: Allocation of Resources Without Limits or Throttling

Description: When the OpenSSL QUIC stack sends an ACK-only packet,
there is no requirement by the QUIC protocol that the peer will acknowledge
that ACK-only packet (i.e. it is itself not ack-eliciting). However, the OpenSSL
implementation stores the metadata about the ACK frames regardless.
In and of itself that's ok, but if a malicious peer establishes a connection, and
then drives the connection such that ACK-only packets are forced from the 
OpenSSL implementation peer (i.e., by sending numerous PING frames),
and then withholding any subsequent acks for ack-eliciting data, like
legitimate data, said malicious peer can force inappropriate memory growth
on the OpenSSL peer, potentially leading to a Denial of Service.

The fix is to ensure that we account for the transmission of the ACK-only
packet in the packet histories high and low watermark without actually storing
the ACK-only packet metadata itself.

FIPS impact: no
The OpenSSL FIPS module is not affected as the QUIC code is
outside the FIPS module boundary.",vuln-scan,cve:CVE-2026-63075,mysql:8.4 (oracle 9.8),,,"Upgrade openssl to a release that remediates CVE-2026-63075. This is a vulnerability finding, not a config-drift playbook.",2026-09-27,,2026-09-27,No,,,High,,,,,,,"default, not verified",,,CVE-2026-63075,"cpg_2_B,csf_PR_PS_02,nist80053_SI-2,nist80053_RA-5,cis_7_3,cis_7_4,cis_7_7"
EGP-8B05115D10,"SI-2, RA-5",openssl: QUIC server may trigger double free when processing INITIAL packet,"Issue summary: QUIC server may double free QRX (QUIC record layer RX) object
when channel creation fails for initial packet.

Impact summary: Double free leads to heap corruption, which typically results in 
termination of QUIC server process, leading to Denial of Service. There is so
far no evidence that this double free is exploitable for remote code execution,
thus it is considered highly improbable.

CWE: CWE-415: Double Free

Description: In order to validate initial packet, OpenSSL QUIC stack default
packet handler (port_default_packet_handler()) creates a so-called QRX object.
If the initial packet validates successfully with QRX object, the default packet
handler proceeds to channel (connection object) creation. The QRX object used
for packet validation is passed to port_bind_channel(), so it becomes part of
the newly created connection. If port_bind_channel() fails, then it also frees
the QRX object. Once port_bind_channel() returns, the port_default_packet_handler()
detects the failure and proceeds to the error branch, where the same QRX object is
freed for the second time.

The failure in port_bind_channel() function can be induced with a relatively
low effort by a malformed (non RFC 9000 compliant) INITIAL packet. If the packet
carries DCID (destination connection ID) which is shorter than 8 bytes, then
port_bind_channel() jumps to the error path after ossl_quic_lcidm_enrol_odcid()
detects that the DCID has invalid length.

FIPS impact: no
The FIPS module is not affected, as the QUIC implementation is outside of
the OpenSSL FIPS module boundary.",vuln-scan,cve:CVE-2026-18798,mysql:8.4 (oracle 9.8),,,"Upgrade openssl to a release that remediates CVE-2026-18798. This is a vulnerability finding, not a config-drift playbook.",2026-09-27,,2026-09-27,No,,,High,,,,,,,"default, not verified",,,CVE-2026-18798,"cpg_2_B,csf_PR_PS_02,nist80053_SI-2,nist80053_RA-5,cis_7_3,cis_7_4,cis_7_7"
EGP-E9D740F7B8,"SI-2, RA-5",openssl: RPK server signature algorithm selection can dereference a missing certificate,"Issue summary: In a server or client configuration with RFC7250 Raw Public Keys (RPKs)
enabled, and only the private key (with no associated certificate) configured locally,
a NULL pointer dereference may occur when the remote peer solicits raw public keys and
also sends the typically omitted ""signature_algorithms_cert"" TLS extension.

Impact summary: The impact is limited to a possible Denial of Service as a result of
an application abort, no data disclosure or remote command execution are possible.

CWE: CWE-476: NULL Pointer Dereference

Description: While a passing comment in sample code in the documentation suggests
that key-only RPK configurations are supported, the best-practice RPK configuration
is to always configure a corresponding certificate (possibly self-signed or
signed by any convenient CA).

When the private key is configured along with a matching certificate, the
""signature_algorithms_cert"" extension is handled reliably even without the
fix, and peer clients or servers that don't support raw public keys may be
able to complete a TLS connection by pinning or verifying the corresponding
certificate or its public key.

Deployments that prefer to configure just a private key with no certificate
need to upgrade to an updated release as noted below.

FIPS impact: no

No FIPS modules are affected by this issue, as the SSL protocol implementation
is outside the OpenSSL FIPS module boundary.",vuln-scan,cve:CVE-2026-14457,mysql:8.4 (oracle 9.8),,,"Upgrade openssl to a release that remediates CVE-2026-14457. This is a vulnerability finding, not a config-drift playbook.",2026-09-27,,2026-09-27,No,,,High,,,,,,,"default, not verified",,,CVE-2026-14457,"cpg_2_B,csf_PR_PS_02,nist80053_SI-2,nist80053_RA-5,cis_7_3,cis_7_4,cis_7_7"
EGP-C570BCCCDD,"SI-2, RA-5",openssl: Read buffer overruns processing ASN.1 strings,"ASN.1 strings are represented internally within OpenSSL as an ASN1_STRING structure which contains a buffer holding the string data and a field holding the buffer length. This contrasts with normal C strings which are repesented as a buffer for the string data which is terminated with a NUL (0) byte. Although not a strict requirement, ASN.1 strings that are parsed using OpenSSL's own ""d2i"" functions (and other similar parsing functions) as well as any string whose value has been set with the ASN1_STRING_set() function will additionally NUL terminate the byte array in the ASN1_STRING structure. However, it is possible for applications to directly construct valid ASN1_STRING structures which do not NUL terminate the byte array by directly setting the ""data"" and ""length"" fields in the ASN1_STRING array. This can also happen by using the ASN1_STRING_set0() function. Numerous OpenSSL functions that print ASN.1 data have been found to assume that the ASN1_STRING byte array will be NUL terminated, even though this is not guaranteed for strings that have been directly constructed. Where an application requests an ASN.1 structure to be printed, and where that ASN.1 structure contains ASN1_STRINGs that have been directly constructed by the application without NUL terminating the ""data"" field, then a read buffer overrun can occur. The same thing can also occur during name constraints processing of certificates (for example if a certificate has been directly constructed by the application instead of loading it via the OpenSSL parsing functions, and the certificate contains non NUL terminated ASN1_STRING structures). It can also occur in the X509_get1_email(), X509_REQ_get1_email() and X509_get1_ocsp() functions. If a malicious actor can cause an application to directly construct an ASN1_STRING and then process it through one of the affected OpenSSL functions then this issue could be hit. This might result in a crash (causing a Denial of Service attack). It could also result in the disclosure of private memory contents (such as private keys, or sensitive plaintext). Fixed in OpenSSL 1.1.1l (Affected 1.1.1-1.1.1k). Fixed in OpenSSL 1.0.2za (Affected 1.0.2-1.0.2y).",vuln-scan,cve:CVE-2021-3712,dperson/samba:latest (alpine 3.12.0),,,"Upgrade libcrypto1.1 to a release that remediates CVE-2021-3712. This is a vulnerability finding, not a config-drift playbook.",2026-09-27,,2026-09-27,No,,,High,,,,,,,"default, not verified",,,CVE-2021-3712,"cpg_2_B,csf_PR_PS_02,nist80053_SI-2,nist80053_RA-5,cis_7_3,cis_7_4,cis_7_7"
EGP-9AFD1F4ABB,"SI-2, RA-5",openssl: Read buffer overruns processing ASN.1 strings,"ASN.1 strings are represented internally within OpenSSL as an ASN1_STRING structure which contains a buffer holding the string data and a field holding the buffer length. This contrasts with normal C strings which are repesented as a buffer for the string data which is terminated with a NUL (0) byte. Although not a strict requirement, ASN.1 strings that are parsed using OpenSSL's own ""d2i"" functions (and other similar parsing functions) as well as any string whose value has been set with the ASN1_STRING_set() function will additionally NUL terminate the byte array in the ASN1_STRING structure. However, it is possible for applications to directly construct valid ASN1_STRING structures which do not NUL terminate the byte array by directly setting the ""data"" and ""length"" fields in the ASN1_STRING array. This can also happen by using the ASN1_STRING_set0() function. Numerous OpenSSL functions that print ASN.1 data have been found to assume that the ASN1_STRING byte array will be NUL terminated, even though this is not guaranteed for strings that have been directly constructed. Where an application requests an ASN.1 structure to be printed, and where that ASN.1 structure contains ASN1_STRINGs that have been directly constructed by the application without NUL terminating the ""data"" field, then a read buffer overrun can occur. The same thing can also occur during name constraints processing of certificates (for example if a certificate has been directly constructed by the application instead of loading it via the OpenSSL parsing functions, and the certificate contains non NUL terminated ASN1_STRING structures). It can also occur in the X509_get1_email(), X509_REQ_get1_email() and X509_get1_ocsp() functions. If a malicious actor can cause an application to directly construct an ASN1_STRING and then process it through one of the affected OpenSSL functions then this issue could be hit. This might result in a crash (causing a Denial of Service attack). It could also result in the disclosure of private memory contents (such as private keys, or sensitive plaintext). Fixed in OpenSSL 1.1.1l (Affected 1.1.1-1.1.1k). Fixed in OpenSSL 1.0.2za (Affected 1.0.2-1.0.2y).",vuln-scan,cve:CVE-2021-3712,mailhog/mailhog:v1.0.1 (alpine 3.12.0),,,"Upgrade libcrypto1.1 to a release that remediates CVE-2021-3712. This is a vulnerability finding, not a config-drift playbook.",2026-09-27,,2026-09-27,No,,,High,,,,,,,"default, not verified",,,CVE-2021-3712,"cpg_2_B,csf_PR_PS_02,nist80053_SI-2,nist80053_RA-5,cis_7_3,cis_7_4,cis_7_7"
EGP-649F7A7C07,"SI-2, RA-5",openssl: excessive memory use buffering DTLS records for a future epoch,"Issue summary: Receiving a DTLS record for a future epoch while a handshake
is in progress causes OpenSSL to buffer far more memory than the record
itself requires.

Impact summary: A peer can use a small amount of network traffic to make an
OpenSSL DTLS endpoint retain a disproportionately large amount of memory,
which may lead to a Denial of Service.

CWE: CWE-405: Asymmetric Resource Consumption (Amplification)

Description: While a DTLS handshake is in progress, a peer may legitimately
have already moved on to the next epoch (for example, having sent its
ChangeCipherSpec and Finished messages) before the local endpoint has
processed the same transition, typically because of reordering on the
underlying UDP transport. OpenSSL buffers such early records so that they
can be processed once the local endpoint catches up.

Buffering a record currently retains the entire read buffer it arrived in,
which is sized to hold the largest possible DTLS record (around 16
kilobytes), rather than just the bytes that make up the record itself. Up
to 100 such records may be buffered per connection. As a result, a peer
that sends a stream of small forged records claiming to belong to the next
epoch can cause an OpenSSL DTLS endpoint to retain around 1.7 megabytes of
memory, despite sending only a small fraction of that amount of data over
the network.

An attacker therefore gains a memory amplification factor of around 1200,
and can multiply the effect across as many associations as it is able to
open, making this a remote memory exhaustion Denial of Service risk for
DTLS servers. Since the memory retained per connection remains bounded,
and any limit an application already places on the number of concurrent
associations also bounds the total exposure, this issue has been assessed
as Low severity.

FIPS impact: no

No FIPS modules are affected by this issue as the affected code is outside
the OpenSSL FIPS module boundary.

OpenSSL 4.0, 3.6, 3.5, 3.4, 3.0, 1.1.1 and 1.0.2 are vulnerable to this
issue.

OpenSSL 4.0 users should upgrade to OpenSSL 4.0.2.
OpenSSL 3.6 users should upgrade to OpenSSL 3.6.4.
OpenSSL 3.5 users should upgrade to OpenSSL 3.5.8.
OpenSSL 3.4 users should upgrade to OpenSSL 3.4.7.
OpenSSL 3.0 users should upgrade to OpenSSL 3.0.22.

Premium support customers only:
OpenSSL 1.1.1 users should upgrade to OpenSSL 1.1.1zi
OpenSSL 1.0.2 users should upgrade to OpenSSL 1.0.2zr

This issue was reported on 18 May 2026 by Amazon Web Services.
The fix has been developed by Matt Caswell.

-- cut (non-publishing metadata for internal use) --
Reported by: Amazon Web Services
Fixed by: Matt Caswell",vuln-scan,cve:CVE-2026-54874,mysql:8.4 (oracle 9.8),,,"Upgrade openssl to a release that remediates CVE-2026-54874. This is a vulnerability finding, not a config-drift playbook.",2026-09-27,,2026-09-27,No,,,High,,,,,,,"default, not verified",,,CVE-2026-54874,"cpg_2_B,csf_PR_PS_02,nist80053_SI-2,nist80053_RA-5,cis_7_3,cis_7_4,cis_7_7"
EGP-E1926D04F0,"SI-2, RA-5",openssl: heap buffer overflow in CMS key unwrapping,"Issue summary: OpenSSL CMS decryption sizes the key-unwrap output buffer based
on querying the unwrapped key size, but the AES-WRAP-PAD unwrap primitive
can write and cleanse more bytes than that query reports, causing an 8-byte
out-of-bounds heap write.

Impact summary: An attacker who supplies a crafted CMS message can trigger a
deterministic 8-byte out-of-bounds heap write when the victim decrypts it
with CMS_decrypt(), corrupting the heap and typically resulting in a Denial
of Service.

CWE: CWE-787: Out-of-bounds Write

Description: The key-wrap OID is potentially attacker-controlled on the wire.
CMS unwrapping allows both id-aesNNN-wrap-pad and id-aesNNN-wrap ciphers.
An attacker can take a legitimate message and change a single OID byte to
select the padded variant while leaving the message otherwise valid. Since
the unwrap key is derived from the recipient's private operation (ECDH key
agreement or ML-KEM decapsulation), the RFC 5649 integrity check cannot
pass, and the decryption fails with integrity failure.

The write is a fixed-size (8-byte), fixed-value (zero) heap overflow
immediately past the allocation, requires no special configuration, and is
reachable from the public CMS_decrypt() function. The consequence is
a heap corruption leading to a Denial of Service. The fix in the CMS code
sizes the unwrap output buffer for the worst case so a failed unwrap cannot
write past the allocation.

FIPS impact: no

As the CMS code lives outside the FIPS module boundary, no FIPS
modules are affected by this CVE.",vuln-scan,cve:CVE-2026-63072,mysql:8.4 (oracle 9.8),,,"Upgrade openssl to a release that remediates CVE-2026-63072. This is a vulnerability finding, not a config-drift playbook.",2026-09-27,,2026-09-27,No,,,High,,,,,,,"default, not verified",,,CVE-2026-63072,"cpg_2_B,csf_PR_PS_02,nist80053_SI-2,nist80053_RA-5,cis_7_3,cis_7_4,cis_7_7"
EGP-6C57B2F911,"SI-2, RA-5",openssl: integer overflow in CipherUpdate,"Calls to EVP_CipherUpdate, EVP_EncryptUpdate and EVP_DecryptUpdate may overflow the output length argument in some cases where the input length is close to the maximum permissable length for an integer on the platform. In such cases the return value from the function call will be 1 (indicating success), but the output length value will be negative. This could cause applications to behave incorrectly or crash. OpenSSL versions 1.1.1i and below are affected by this issue. Users of these versions should upgrade to OpenSSL 1.1.1j. OpenSSL versions 1.0.2x and below are affected by this issue. However OpenSSL 1.0.2 is out of support and no longer receiving public updates. Premium support customers of OpenSSL 1.0.2 should upgrade to 1.0.2y. Other users should upgrade to 1.1.1j. Fixed in OpenSSL 1.1.1j (Affected 1.1.1-1.1.1i). Fixed in OpenSSL 1.0.2y (Affected 1.0.2-1.0.2x).",vuln-scan,cve:CVE-2021-23840,dperson/samba:latest (alpine 3.12.0),,,"Upgrade libcrypto1.1 to a release that remediates CVE-2021-23840. This is a vulnerability finding, not a config-drift playbook.",2026-09-27,,2026-09-27,No,,,High,,,,,,,"default, not verified",,,CVE-2021-23840,"cpg_2_B,csf_PR_PS_02,nist80053_SI-2,nist80053_RA-5,cis_7_3,cis_7_4,cis_7_7"
EGP-33D8CFCFE0,"SI-2, RA-5",openssl: integer overflow in CipherUpdate,"Calls to EVP_CipherUpdate, EVP_EncryptUpdate and EVP_DecryptUpdate may overflow the output length argument in some cases where the input length is close to the maximum permissable length for an integer on the platform. In such cases the return value from the function call will be 1 (indicating success), but the output length value will be negative. This could cause applications to behave incorrectly or crash. OpenSSL versions 1.1.1i and below are affected by this issue. Users of these versions should upgrade to OpenSSL 1.1.1j. OpenSSL versions 1.0.2x and below are affected by this issue. However OpenSSL 1.0.2 is out of support and no longer receiving public updates. Premium support customers of OpenSSL 1.0.2 should upgrade to 1.0.2y. Other users should upgrade to 1.1.1j. Fixed in OpenSSL 1.1.1j (Affected 1.1.1-1.1.1i). Fixed in OpenSSL 1.0.2y (Affected 1.0.2-1.0.2x).",vuln-scan,cve:CVE-2021-23840,mailhog/mailhog:v1.0.1 (alpine 3.12.0),,,"Upgrade libcrypto1.1 to a release that remediates CVE-2021-23840. This is a vulnerability finding, not a config-drift playbook.",2026-09-27,,2026-09-27,No,,,High,,,,,,,"default, not verified",,,CVE-2021-23840,"cpg_2_B,csf_PR_PS_02,nist80053_SI-2,nist80053_RA-5,cis_7_3,cis_7_4,cis_7_7"
EGP-8CEF852D9D,"SI-2, RA-5",openssl: invalid pointer dereference in CMP server via crafted protectionAlg,"Issue summary: OpenSSL CMP password based protection verification only
checks whether the protectionAlg parameter was not NULL and not its
ASN.1 type, before treating it as a PBMParameter. A crafted message can
contain a parameter of a different type, which is then dereferenced as an
invalid pointer.

Impact summary: A remote, unauthenticated attacker can crash an application
acting as a CMP server that accepts PBM-protected messages, or a CMP client
talking to a malicious or intercepted CMP server, resulting in a Denial of
Service.

CWE: CWE-476: NULL Pointer Dereference

Description: When verifying the password-based MAC protection of a CMP
message, OpenSSL library reads the protectionAlg algorithm parameter with
X509_ALGOR_get0(), which returns both the parameter type and its value
pointer. The value is then cast to an ASN1_STRING and treated as the
expected PBMParameter after only checking that pointer is not NULL. The
parameter type returned by X509_ALGOR_get0() was never consulted.

This happens during protection verification, before any MAC is computed, so
no knowledge of the PBM shared secret is required; the only precondition is
that PBM verification is reachable. On the server side this is reached from
OSSL_CMP_SRV_process_request() for any application that stands up a CMP
server accepting PBM-protected messages, and on the client side from CMP
response validation against a malicious or on-path (MITM) server. The
reliable consequence is a denial of service; there is no memory disclosure,
no controlled memory write, and no path to code execution. CMP is a
specialized feature that an application must explicitly enable.

FIPS impact: no
As the CMP code lives outside the FIPS module boundary, no FIPS modules
are affected by this CVE.",vuln-scan,cve:CVE-2026-63076,mysql:8.4 (oracle 9.8),,,"Upgrade openssl to a release that remediates CVE-2026-63076. This is a vulnerability finding, not a config-drift playbook.",2026-09-27,,2026-09-27,No,,,High,,,,,,,"default, not verified",,,CVE-2026-63076,"cpg_2_B,csf_PR_PS_02,nist80053_SI-2,nist80053_RA-5,cis_7_3,cis_7_4,cis_7_7"
EGP-748B1DF611,"SI-2, RA-5",openssl: untrusted sender DN used as format string in CMP response validation,"Issue summary: OpenSSL CMP response validation passed an unexpected response
sender distinguished name directly as the format string to `ERR_raise_data()`.

Impact summary: A malicious or intercepted CMP endpoint can crash a CMP client
that enforces an expected sender or uses a pinned server certificate whose
subject becomes the default expected sender.

CWE: CWE-134 (Use of Externally-Controlled Format String)

Description: When validating a received CMP message, ossl_cmp_msg_check_update()
converts the peer-supplied sender distinguished name with X509_NAME_oneline()
and passes it directly as the format argument to ERR_raise_data(). Percent
characters survive the conversion, so a sender DN such as ""CN=%s%n"" reaches
BIO_vsnprintf() as an attacker-controlled format string with no matching variadic
arguments. This path is only reached when the caller configures an expected
sender or pins a server certificate, which is the normal configuration for a
CMP client validating server responses.

Since the attacker controls the format string but none of the variadic
arguments, such specifiers as %s and %n dereference or write through unrelated
stack contents and crash the client. The reliable consequence is a denial of
service, when the response comes from a malicious or intercepted CMP endpoint.
There is no controlled memory write, arbitrary-address read, or reliable path
to remote code execution.

FIPS impact: no

No FIPS modules are affected by this issue, as the CMP protocol
implementation is outside the OpenSSL FIPS module boundary.",vuln-scan,cve:CVE-2026-63073,mysql:8.4 (oracle 9.8),,,"Upgrade openssl to a release that remediates CVE-2026-63073. This is a vulnerability finding, not a config-drift playbook.",2026-09-27,,2026-09-27,No,,,High,,,,,,,"default, not verified",,,CVE-2026-63073,"cpg_2_B,csf_PR_PS_02,nist80053_SI-2,nist80053_RA-5,cis_7_3,cis_7_4,cis_7_7"
EGP-1D71EB997A,"SI-2, RA-5",p11-kit: integer overflow when allocating memory for arrays or attributes and object identifiers,"An issue was discovered in p11-kit 0.21.1 through 0.23.21. Multiple integer overflows have been discovered in the array allocations in the p11-kit library and the p11-kit list command, where overflow checks are missing before calling realloc or calloc.",vuln-scan,cve:CVE-2020-29361,dperson/samba:latest (alpine 3.12.0),,,"Upgrade p11-kit to a release that remediates CVE-2020-29361. This is a vulnerability finding, not a config-drift playbook.",2026-09-27,,2026-09-27,No,,,High,,,,,,,"default, not verified",,,CVE-2020-29361,"cpg_2_B,csf_PR_PS_02,nist80053_SI-2,nist80053_RA-5,cis_7_3,cis_7_4,cis_7_7"
EGP-763265B197,"SI-2, RA-5",p11-kit: out-of-bounds write in p11_rpc_buffer_get_byte_array_value function in rpc-message.c,"An issue was discovered in p11-kit 0.23.6 through 0.23.21. A heap-based buffer overflow has been discovered in the RPC protocol used by p11-kit server/remote commands and the client library. When the remote entity supplies a serialized byte array in a CK_ATTRIBUTE, the receiving entity may not allocate sufficient length for the buffer to store the deserialized value.",vuln-scan,cve:CVE-2020-29363,dperson/samba:latest (alpine 3.12.0),,,"Upgrade p11-kit to a release that remediates CVE-2020-29363. This is a vulnerability finding, not a config-drift playbook.",2026-09-27,,2026-09-27,No,,,High,,,,,,,"default, not verified",,,CVE-2020-29363,"cpg_2_B,csf_PR_PS_02,nist80053_SI-2,nist80053_RA-5,cis_7_3,cis_7_4,cis_7_7"
EGP-8298F077EA,"SI-2, RA-5",pcre2: PCRE2: Memory corruption vulnerability in pcre2_jit_match,"In PCRE2 before 10.48, pcre2_jit_match mishandles a previously copied subject being passed in as a context. An incorrect free operation can occur.",vuln-scan,cve:CVE-2026-89161,stilliard/pure-ftpd:latest (debian 13.6),,,"Upgrade libpcre2-8-0 to a release that remediates CVE-2026-89161. This is a vulnerability finding, not a config-drift playbook.",2026-09-27,,2026-09-27,No,,,High,,,,,,,"default, not verified",,,CVE-2026-89161,"cpg_2_B,csf_PR_PS_02,nist80053_SI-2,nist80053_RA-5,cis_7_3,cis_7_4,cis_7_7"
EGP-35ADC50489,"SI-2, RA-5",pcre2: PCRE2: Out-of-bounds write allows arbitrary code execution via crafted regular expressions,"PCRE2 before 10.48 allows a pcre2_dfa_match out-of-bounds write because reuse of a cached workspace block, in a recursive DFA matching workspace, lacks a size check (even though a newly allocated block, for the same purpose, does have a size check). This outcome requires an attacker-controlled regular expression, or a recursive pattern in conjunction with a small heap limit (this can be set through the API).",vuln-scan,cve:CVE-2026-86145,stilliard/pure-ftpd:latest (debian 13.6),,,"Upgrade libpcre2-8-0 to a release that remediates CVE-2026-86145. This is a vulnerability finding, not a config-drift playbook.",2026-09-27,,2026-09-27,No,,,High,,,,,,,"default, not verified",,,CVE-2026-86145,"cpg_2_B,csf_PR_PS_02,nist80053_SI-2,nist80053_RA-5,cis_7_3,cis_7_4,cis_7_7"
EGP-6CF72C6852,"SI-2, RA-5",pcre2: PCRE2: Out-of-bounds write via large pattern input,"PCRE2 before 10.48, on 32-bit platforms, has a pcre2_pattern_convert out-of-bounds write when an attacker can provide a large pattern.",vuln-scan,cve:CVE-2026-89157,stilliard/pure-ftpd:latest (debian 13.6),,,"Upgrade libpcre2-8-0 to a release that remediates CVE-2026-89157. This is a vulnerability finding, not a config-drift playbook.",2026-09-27,,2026-09-27,No,,,High,,,,,,,"default, not verified",,,CVE-2026-89157,"cpg_2_B,csf_PR_PS_02,nist80053_SI-2,nist80053_RA-5,cis_7_3,cis_7_4,cis_7_7"
EGP-4124B86A4F,"SI-2, RA-5",perl-Archive-Tar: perl-Archive-Tar: Denial of Service via crafted tar header with large entry size,"Archive::Tar versions before 3.10 for Perl allow memory exhaustion via attacker controlled entry size field in tar header.

_read_tar() reads each entry's payload with $handle->read($$data, $block), where $block is derived from the entry's 12-byte size field in the tar header with no upper bound on that value.

A crafted header declaring a multi-gigabyte size causes Perl to allocate a scalar of that size.",vuln-scan,cve:CVE-2026-9538,stilliard/pure-ftpd:latest (debian 13.6),,,"Upgrade libperl5.40 to a release that remediates CVE-2026-9538. This is a vulnerability finding, not a config-drift playbook.",2026-09-27,,2026-09-27,No,,,High,,,,,,,"default, not verified",,,CVE-2026-9538,"cpg_2_B,csf_PR_PS_02,nist80053_SI-2,nist80053_RA-5,cis_7_3,cis_7_4,cis_7_7"
EGP-CFAE2C1364,"SI-2, RA-5",pyOpenSSL: DTLS cookie callback buffer overflow,"pyOpenSSL is a Python wrapper around the OpenSSL library. Starting in version 22.0.0 and prior to version 26.0.0, if a user provided callback to `set_cookie_generate_callback` returned a cookie value greater than 256 bytes, pyOpenSSL would overflow an OpenSSL provided buffer. Starting in version 26.0.0, cookie values that are too long are now rejected.",vuln-scan,cve:CVE-2026-27459,Python,,,"Upgrade pyOpenSSL to a release that remediates CVE-2026-27459. This is a vulnerability finding, not a config-drift playbook.",2026-09-27,,2026-09-27,No,,,High,,,,,,,"default, not verified",,,CVE-2026-27459,"cpg_2_B,csf_PR_PS_02,nist80053_SI-2,nist80053_RA-5,cis_7_3,cis_7_4,cis_7_7"
EGP-6B2D886296,"SI-2, RA-5",python-cryptography: python-cryptography: Duplicate self-signed intermediates can cause exponential path-building,"python-cryptography is a package designed to expose cryptographic primitives and recipes to Python developers. In versions 42.0.0 through 48.0.0, when resolving invalid certificate chains that include duplicate copies of self-signed certificates, the processing recursively invokes the same candidate, leading to an exponential blowup. Although the limitation that the chain depth cannot exceed a specified maximum depth prevents unbounded recursion and guarantees termination, an attacker-controlled certificate chain can lead the processing to easily take more than 5s to reject in testing. This amplification could form the basis for a resource exhaustion denial of service attack. The core issue arises in the recursive nature of build_chain_inner, which does not de-duplicate against previously analyzed candidates. As the correctness of validation is not affected, the integrity of a system cannot be compromised through this vector, only its availability. This issue is fixed in 49.0.0.",vuln-scan,cve:CVE-2026-69249,Python,,,"Upgrade cryptography to a release that remediates CVE-2026-69249. This is a vulnerability finding, not a config-drift playbook.",2026-09-27,,2026-09-27,No,,,High,,,,,,,"default, not verified",,,CVE-2026-69249,"cpg_2_B,csf_PR_PS_02,nist80053_SI-2,nist80053_RA-5,cis_7_3,cis_7_4,cis_7_7"
EGP-A1E72A3754,"SI-2, RA-5",python-cryptography: python-cryptography: PKCS#7 EnvelopedData decryption exposes a Bleichenbacher oracle through distinguishable errors and timing,"cryptography is a package designed to expose cryptographic primitives and recipes to Python developers. From 44.0.0 until 50.0.0, pkcs7_decrypt_der, pkcs7_decrypt_pem, and pkcs7_decrypt_smime reported the outcome of decrypting a RecipientInfo's encryptedKey in several distinguishable ways, one of which disclosed the exact length recovered from the RSA operation. The same distinction was also observable by timing. An application that decrypts attacker-supplied EnvelopedData and reflects the outcome gives the attacker a Bleichenbacher oracle against the content-encryption key. Decryption ran as RSA PKCS#1 v1.5 decrypt of encryptedKey, build an AES cipher from the result, then AES-CBC decrypt and PKCS#7 unpad. Invalid RSA padding, a valid padding with a bad key length, a correct length with a wrong key, and the real key each failed or succeeded differently. Case 1 is reachable only where the linked library lacks implicit rejection: OpenSSL 3.0 and 3.1, LibreSSL, and BoringSSL. Exploitation requires a service that auto-decrypts untrusted EnvelopedData matching the victim certificate and answers adaptively at high volume, such as an S/MIME gateway or mail filter. This issue is fixed in 50.0.0.",vuln-scan,cve:CVE-2026-69247,Python,,,"Upgrade cryptography to a release that remediates CVE-2026-69247. This is a vulnerability finding, not a config-drift playbook.",2026-09-27,,2026-09-27,No,,,High,,,,,,,"default, not verified",,,CVE-2026-69247,"cpg_2_B,csf_PR_PS_02,nist80053_SI-2,nist80053_RA-5,cis_7_3,cis_7_4,cis_7_7"
EGP-E38C7C19F0,"SI-2, RA-5",samba: Empty UDP packet DoS in Samba AD DC nbtd,"A flaw was found in the AD DC NBT server in all Samba versions before 4.10.17, before 4.11.11 and before 4.12.4. A samba user could send an empty UDP packet to cause the samba server to crash.",vuln-scan,cve:CVE-2020-14303,dperson/samba:latest (alpine 3.12.0),,,"Upgrade libsmbclient to a release that remediates CVE-2020-14303. This is a vulnerability finding, not a config-drift playbook.",2026-09-27,,2026-09-27,No,,,High,,,,,,,"default, not verified",,,CVE-2020-14303,"cpg_2_B,csf_PR_PS_02,nist80053_SI-2,nist80053_RA-5,cis_7_3,cis_7_4,cis_7_7"
EGP-024C88688C,"SI-2, RA-5",samba: Heap corruption via crafted DN strings,"A flaw was found in samba. Spaces used in a string around a domain name (DN), while supposed to be ignored, can cause invalid DN strings with spaces to instead write a zero-byte into out-of-bounds memory, resulting in a crash. The highest threat from this vulnerability is to system availability.",vuln-scan,cve:CVE-2020-27840,dperson/samba:latest (alpine 3.12.0),,,"Upgrade libsmbclient to a release that remediates CVE-2020-27840. This is a vulnerability finding, not a config-drift playbook.",2026-09-27,,2026-09-27,No,,,High,,,,,,,"default, not verified",,,CVE-2020-27840,"cpg_2_B,csf_PR_PS_02,nist80053_SI-2,nist80053_RA-5,cis_7_3,cis_7_4,cis_7_7"
EGP-BED2CCC3BE,"SI-2, RA-5",samba: Out of bounds read in AD DC LDAP server,"A flaw was found in Samba's libldb. Multiple, consecutive leading spaces in an LDAP attribute can lead to an out-of-bounds memory write, leading to a crash of the LDAP server process handling the request. The highest threat from this vulnerability is to system availability.",vuln-scan,cve:CVE-2021-20277,dperson/samba:latest (alpine 3.12.0),,,"Upgrade libsmbclient to a release that remediates CVE-2021-20277. This is a vulnerability finding, not a config-drift playbook.",2026-09-27,,2026-09-27,No,,,High,,,,,,,"default, not verified",,,CVE-2021-20277,"cpg_2_B,csf_PR_PS_02,nist80053_SI-2,nist80053_RA-5,cis_7_3,cis_7_4,cis_7_7"
EGP-6A10A74DBD,"SI-2, RA-5",samba: Parsing and packing of NBT and DNS packets can consume excessive CPU,"A flaw was found in all Samba versions before 4.10.17, before 4.11.11 and before 4.12.4 in the way it processed NetBios over TCP/IP. This flaw allows a remote attacker could to cause the Samba server to consume excessive CPU use, resulting in a denial of service. This highest threat from this vulnerability is to system availability.",vuln-scan,cve:CVE-2020-10745,dperson/samba:latest (alpine 3.12.0),,,"Upgrade libsmbclient to a release that remediates CVE-2020-10745. This is a vulnerability finding, not a config-drift playbook.",2026-09-27,,2026-09-27,No,,,High,,,,,,,"default, not verified",,,CVE-2020-10745,"cpg_2_B,csf_PR_PS_02,nist80053_SI-2,nist80053_RA-5,cis_7_3,cis_7_4,cis_7_7"
EGP-2B19F67978,"SI-2, RA-5",sqlite: SQLite: Arbitrary code execution and crash via heap-based buffer overflow in FTS5,"SQLite before 3.53.2 contains a heap-based buffer overflow vulnerability in the FTS5 full-text search extension that allows attackers to cause a crash or execute arbitrary code by supplying a crafted database with malicious continuation page metadata specifying a szLeaf value smaller than 4. Attackers can trigger an integer underflow in fts5ChunkIterate() causing an inflated remaining byte count during FTS5 MATCH query processing, leading to a heap buffer overflow of attacker-controlled data in applications compiled with SQLITE_ENABLE_FTS5.",vuln-scan,cve:CVE-2026-11824,stilliard/pure-ftpd:latest (debian 13.6),,,"Upgrade libsqlite3-0 to a release that remediates CVE-2026-11824. This is a vulnerability finding, not a config-drift playbook.",2026-09-27,,2026-09-27,No,,,High,,,,,,,"default, not verified",,,CVE-2026-11824,"cpg_2_B,csf_PR_PS_02,nist80053_SI-2,nist80053_RA-5,cis_7_3,cis_7_4,cis_7_7"
EGP-496BF4F303,"SI-2, RA-5",sqlite: SQLite: Arbitrary code execution via crafted FTS5 full-text search data,"SQLite before 3.53.2 contains memory corruption vulnerabilities in the FTS5 full-text search extension that allow attackers to cause process crashes, memory exhaustion, or arbitrary code execution by supplying a crafted database with malformed FTS5 page data. Attackers can trigger an out-of-bounds read in fts5LeafSeek() via an attacker-controlled loop bound and a heap buffer overflow write in fts5ChunkIterate() through a crafted continuation page causing an integer underflow, exploitable when an FTS5 MATCH query is executed against the malicious database.",vuln-scan,cve:CVE-2026-11822,stilliard/pure-ftpd:latest (debian 13.6),,,"Upgrade libsqlite3-0 to a release that remediates CVE-2026-11822. This is a vulnerability finding, not a config-drift playbook.",2026-09-27,,2026-09-27,No,,,High,,,,,,,"default, not verified",,,CVE-2026-11822,"cpg_2_B,csf_PR_PS_02,nist80053_SI-2,nist80053_RA-5,cis_7_3,cis_7_4,cis_7_7"
EGP-9378750911,"SI-2, RA-5",systemd: systemd-homed: Local privilege escalation via missing home-record signature verification,"systemd-homed contains a local privilege escalation bug via arbitrary system group addition to a local, logged in, homed-managed user",vuln-scan,cve:CVE-2026-16742,stilliard/pure-ftpd:latest (debian 13.6),,,"Upgrade libsystemd0 to a release that remediates CVE-2026-16742. This is a vulnerability finding, not a config-drift playbook.",2026-09-27,,2026-09-27,No,,,High,,,,,,,"default, not verified",,,CVE-2026-16742,"cpg_2_B,csf_PR_PS_02,nist80053_SI-2,nist80053_RA-5,cis_7_3,cis_7_4,cis_7_7"
EGP-092E9572D7,"SI-2, RA-5",urllib3: urllib3: Denial of Service due to excessive HTTP response decompression,"urllib3 is an HTTP client library for Python. From 2.6.0 to before 2.7.0, urllib3 could decompress the whole response instead of the requested portion (1) during the second HTTPResponse.read(amt=N) call when the response was decompressed using the official Brotli library or (2) when HTTPResponse.drain_conn() was called after the response had been read and decompressed partially (compression algorithm did not matter here). These issues could cause urllib3 to fully decode a small amount of highly compressed data in a single operation. This could result in excessive resource consumption (high CPU usage and massive memory allocation for the decompressed data) on the client side. This vulnerability is fixed in 2.7.0.",vuln-scan,cve:CVE-2026-44432,Python,,,"Upgrade urllib3 to a release that remediates CVE-2026-44432. This is a vulnerability finding, not a config-drift playbook.",2026-09-27,,2026-09-27,No,,,High,,,,,,,"default, not verified",,,CVE-2026-44432,"cpg_2_B,csf_PR_PS_02,nist80053_SI-2,nist80053_RA-5,cis_7_3,cis_7_4,cis_7_7"
EGP-7B34DDA336,"SI-2, RA-5",urllib3: urllib3: Information disclosure via cross-origin redirects forwarding sensitive headers,"urllib3 is an HTTP client library for Python. From 1.23 to before 2.7.0, cross-origin redirects followed from the low-level API via ProxyManager.connection_from_url().urlopen(..., assert_same_host=False) still forward these sensitive headers. This vulnerability is fixed in 2.7.0.",vuln-scan,cve:CVE-2026-44431,Python,,,"Upgrade urllib3 to a release that remediates CVE-2026-44431. This is a vulnerability finding, not a config-drift playbook.",2026-09-27,,2026-09-27,No,,,High,,,,,,,"default, not verified",,,CVE-2026-44431,"cpg_2_B,csf_PR_PS_02,nist80053_SI-2,nist80053_RA-5,cis_7_3,cis_7_4,cis_7_7"
EGP-95C95ED1BC,"SI-2, RA-5",util-linux: util-linux: SUID mount(8) allows nosuid/noexec bypass via LIBMOUNT_FORCE_MOUNT2,"A flaw was found in util-linux. The mount(8) SUID binary does not sanitize the LIBMOUNT_FORCE_MOUNT2 environment variable before use. A local unprivileged user can set this variable to force mount(8) to use the legacy two-step mount(2) code path, which applies security restrictions such as nosuid and noexec after the mount is already active. During this window, an attacker can execute a SUID binary from the mounted filesystem, allowing local privilege escalation to root.",vuln-scan,cve:CVE-2026-53614,httpd:2.4-alpine (alpine 3.24.1),,,"Upgrade libuuid to a release that remediates CVE-2026-53614. This is a vulnerability finding, not a config-drift playbook.",2026-09-27,,2026-09-27,No,,,High,,,,,,,"default, not verified",,,CVE-2026-53614,"cpg_2_B,csf_PR_PS_02,nist80053_SI-2,nist80053_RA-5,cis_7_3,cis_7_4,cis_7_7"
EGP-E89AC39167,"SI-2, RA-5",util-linux: util-linux: SUID mount(8) allows nosuid/noexec bypass via LIBMOUNT_FORCE_MOUNT2,"A flaw was found in util-linux. The mount(8) SUID binary does not sanitize the LIBMOUNT_FORCE_MOUNT2 environment variable before use. A local unprivileged user can set this variable to force mount(8) to use the legacy two-step mount(2) code path, which applies security restrictions such as nosuid and noexec after the mount is already active. During this window, an attacker can execute a SUID binary from the mounted filesystem, allowing local privilege escalation to root.",vuln-scan,cve:CVE-2026-53614,postgres:16-alpine (alpine 3.24.1),,,"Upgrade libuuid to a release that remediates CVE-2026-53614. This is a vulnerability finding, not a config-drift playbook.",2026-09-27,,2026-09-27,No,,,High,,,,,,,"default, not verified",,,CVE-2026-53614,"cpg_2_B,csf_PR_PS_02,nist80053_SI-2,nist80053_RA-5,cis_7_3,cis_7_4,cis_7_7"
EGP-DD12688C1E,"SI-2, RA-5",util-linux: util-linux: TOCTOU in the mount program via ancestor directory swap on target path,"When an /etc/fstab entry is configured with the user or users option, mount(8) validates the target path before performing the mount syscall, creating a Time-of-Check-Time-of-Use (TOCTOU) window. A local unprivileged user with write access to an ancestor directory of the mount target can swap that directory to redirect the mount to an arbitrary root-owned location, potentially escalating privileges to root.",vuln-scan,cve:CVE-2026-53613,httpd:2.4-alpine (alpine 3.24.1),,,"Upgrade libuuid to a release that remediates CVE-2026-53613. This is a vulnerability finding, not a config-drift playbook.",2026-09-27,,2026-09-27,No,,,High,,,,,,,"default, not verified",,,CVE-2026-53613,"cpg_2_B,csf_PR_PS_02,nist80053_SI-2,nist80053_RA-5,cis_7_3,cis_7_4,cis_7_7"
EGP-BB9E818A66,"SI-2, RA-5",util-linux: util-linux: TOCTOU in the mount program via ancestor directory swap on target path,"When an /etc/fstab entry is configured with the user or users option, mount(8) validates the target path before performing the mount syscall, creating a Time-of-Check-Time-of-Use (TOCTOU) window. A local unprivileged user with write access to an ancestor directory of the mount target can swap that directory to redirect the mount to an arbitrary root-owned location, potentially escalating privileges to root.",vuln-scan,cve:CVE-2026-53613,postgres:16-alpine (alpine 3.24.1),,,"Upgrade libuuid to a release that remediates CVE-2026-53613. This is a vulnerability finding, not a config-drift playbook.",2026-09-27,,2026-09-27,No,,,High,,,,,,,"default, not verified",,,CVE-2026-53613,"cpg_2_B,csf_PR_PS_02,nist80053_SI-2,nist80053_RA-5,cis_7_3,cis_7_4,cis_7_7"
EGP-F76C0EF4F6,"SI-2, RA-5",util-linux: util-linux: TOCTOU in the mount program when applying post-mount ownership/mode changes,"A flaw was found in util-linux. When an /etc/fstab entry uses the user option together with X-mount.owner, X-mount.group, or X-mount.mode, mount(8) changes ownership or permissions on the mount target after mounting without re-verifying the path. A local unprivileged user can exploit this Time-of-Check-Time-of-Use (TOCTOU) window by swapping the target directory, redirecting the ownership/permission change to an arbitrary file and potentially escalating privileges to root.",vuln-scan,cve:CVE-2026-53612,httpd:2.4-alpine (alpine 3.24.1),,,"Upgrade libuuid to a release that remediates CVE-2026-53612. This is a vulnerability finding, not a config-drift playbook.",2026-09-27,,2026-09-27,No,,,High,,,,,,,"default, not verified",,,CVE-2026-53612,"cpg_2_B,csf_PR_PS_02,nist80053_SI-2,nist80053_RA-5,cis_7_3,cis_7_4,cis_7_7"
EGP-B78465ECAA,"SI-2, RA-5",util-linux: util-linux: TOCTOU in the mount program when applying post-mount ownership/mode changes,"A flaw was found in util-linux. When an /etc/fstab entry uses the user option together with X-mount.owner, X-mount.group, or X-mount.mode, mount(8) changes ownership or permissions on the mount target after mounting without re-verifying the path. A local unprivileged user can exploit this Time-of-Check-Time-of-Use (TOCTOU) window by swapping the target directory, redirecting the ownership/permission change to an arbitrary file and potentially escalating privileges to root.",vuln-scan,cve:CVE-2026-53612,postgres:16-alpine (alpine 3.24.1),,,"Upgrade libuuid to a release that remediates CVE-2026-53612. This is a vulnerability finding, not a config-drift playbook.",2026-09-27,,2026-09-27,No,,,High,,,,,,,"default, not verified",,,CVE-2026-53612,"cpg_2_B,csf_PR_PS_02,nist80053_SI-2,nist80053_RA-5,cis_7_3,cis_7_4,cis_7_7"
EGP-6D0863C1D3,"SI-2, RA-5",util-linux: util-linux: X-mount.subdir detached-tree resolution can escape via intermediate symlinks,The X-mount.subdir option uses a detached-tree fast path on Linux 6.15 and later and passes the configured subdirectory to open_tree() with AT_SYMLINK_NOFOLLOW. That flag does not stop intermediate symlink traversal or keep resolution inside the newly mounted filesystem. A local unprivileged user with an fstab-authorized X-mount.subdir entry can attach a host path at the intended mountpoint.,vuln-scan,cve:CVE-2026-78409,httpd:2.4-alpine (alpine 3.24.1),,,"Upgrade libuuid to a release that remediates CVE-2026-78409. This is a vulnerability finding, not a config-drift playbook.",2026-09-27,,2026-09-27,No,,,High,,,,,,,"default, not verified",,,CVE-2026-78409,"cpg_2_B,csf_PR_PS_02,nist80053_SI-2,nist80053_RA-5,cis_7_3,cis_7_4,cis_7_7"
EGP-4F23341407,"SI-2, RA-5",util-linux: util-linux: X-mount.subdir detached-tree resolution can escape via intermediate symlinks,The X-mount.subdir option uses a detached-tree fast path on Linux 6.15 and later and passes the configured subdirectory to open_tree() with AT_SYMLINK_NOFOLLOW. That flag does not stop intermediate symlink traversal or keep resolution inside the newly mounted filesystem. A local unprivileged user with an fstab-authorized X-mount.subdir entry can attach a host path at the intended mountpoint.,vuln-scan,cve:CVE-2026-78409,postgres:16-alpine (alpine 3.24.1),,,"Upgrade libuuid to a release that remediates CVE-2026-78409. This is a vulnerability finding, not a config-drift playbook.",2026-09-27,,2026-09-27,No,,,High,,,,,,,"default, not verified",,,CVE-2026-78409,"cpg_2_B,csf_PR_PS_02,nist80053_SI-2,nist80053_RA-5,cis_7_3,cis_7_4,cis_7_7"
EGP-DF85A77080,"SI-2, RA-5",util-linux: util-linux: X-mount.subdir detached-tree resolution can escape via intermediate symlinks,The X-mount.subdir option uses a detached-tree fast path on Linux 6.15 and later and passes the configured subdirectory to open_tree() with AT_SYMLINK_NOFOLLOW. That flag does not stop intermediate symlink traversal or keep resolution inside the newly mounted filesystem. A local unprivileged user with an fstab-authorized X-mount.subdir entry can attach a host path at the intended mountpoint.,vuln-scan,cve:CVE-2026-78409,stilliard/pure-ftpd:latest (debian 13.6),,,"Upgrade bsdutils to a release that remediates CVE-2026-78409. This is a vulnerability finding, not a config-drift playbook.",2026-09-27,,2026-09-27,No,,,High,,,,,,,"default, not verified",,,CVE-2026-78409,"cpg_2_B,csf_PR_PS_02,nist80053_SI-2,nist80053_RA-5,cis_7_3,cis_7_4,cis_7_7"
EGP-33E142FA0F,"SI-2, RA-5",util-linux: util-linux: failed external mount helper still runs privileged X-mount post-hooks,"util-linux versions through 2.41.5 and 2.42.2 fail to check mount helper exit status before running post-mount hooks, allowing unprivileged users to execute privileged operations on pre-existing filesystems. Attackers can exploit X-mount.idmap or X-mount.owner hooks to clone filesystems with inherited suid bits or modify target inode permissions after a helper fails, achieving privilege escalation.",vuln-scan,cve:CVE-2026-76642,httpd:2.4-alpine (alpine 3.24.1),,,"Upgrade libuuid to a release that remediates CVE-2026-76642. This is a vulnerability finding, not a config-drift playbook.",2026-09-27,,2026-09-27,No,,,High,,,,,,,"default, not verified",,,CVE-2026-76642,"cpg_2_B,csf_PR_PS_02,nist80053_SI-2,nist80053_RA-5,cis_7_3,cis_7_4,cis_7_7"
EGP-75F4C63FFB,"SI-2, RA-5",util-linux: util-linux: failed external mount helper still runs privileged X-mount post-hooks,"util-linux versions through 2.41.5 and 2.42.2 fail to check mount helper exit status before running post-mount hooks, allowing unprivileged users to execute privileged operations on pre-existing filesystems. Attackers can exploit X-mount.idmap or X-mount.owner hooks to clone filesystems with inherited suid bits or modify target inode permissions after a helper fails, achieving privilege escalation.",vuln-scan,cve:CVE-2026-76642,postgres:16-alpine (alpine 3.24.1),,,"Upgrade libuuid to a release that remediates CVE-2026-76642. This is a vulnerability finding, not a config-drift playbook.",2026-09-27,,2026-09-27,No,,,High,,,,,,,"default, not verified",,,CVE-2026-76642,"cpg_2_B,csf_PR_PS_02,nist80053_SI-2,nist80053_RA-5,cis_7_3,cis_7_4,cis_7_7"
EGP-E6F3157F74,"SI-2, RA-5",util-linux: util-linux: failed external mount helper still runs privileged X-mount post-hooks,"util-linux versions through 2.41.5 and 2.42.2 fail to check mount helper exit status before running post-mount hooks, allowing unprivileged users to execute privileged operations on pre-existing filesystems. Attackers can exploit X-mount.idmap or X-mount.owner hooks to clone filesystems with inherited suid bits or modify target inode permissions after a helper fails, achieving privilege escalation.",vuln-scan,cve:CVE-2026-76642,stilliard/pure-ftpd:latest (debian 13.6),,,"Upgrade bsdutils to a release that remediates CVE-2026-76642. This is a vulnerability finding, not a config-drift playbook.",2026-09-27,,2026-09-27,No,,,High,,,,,,,"default, not verified",,,CVE-2026-76642,"cpg_2_B,csf_PR_PS_02,nist80053_SI-2,nist80053_RA-5,cis_7_3,cis_7_4,cis_7_7"
EGP-CED16B15EC,"SI-2, RA-5",util-linux: util-linux: nsenter --join-cgroup leaks root cgroup migration authority,"The nsenter --join-cgroup option opens the target cgroup.procs file as root and leaves that file descriptor open across later namespace and credential changes and across execve(). Because the kernel checks later cgroup migrations using the credentials from the original open, a program run in an attacker-controlled target can inherit root's ability to move host processes between cgroups. After a privileged operator uses --join-cgroup against that target, an unprivileged user can migrate and terminate unrelated root processes.",vuln-scan,cve:CVE-2026-78408,httpd:2.4-alpine (alpine 3.24.1),,,"Upgrade libuuid to a release that remediates CVE-2026-78408. This is a vulnerability finding, not a config-drift playbook.",2026-09-27,,2026-09-27,No,,,High,,,,,,,"default, not verified",,,CVE-2026-78408,"cpg_2_B,csf_PR_PS_02,nist80053_SI-2,nist80053_RA-5,cis_7_3,cis_7_4,cis_7_7"
EGP-F4BB5B2465,"SI-2, RA-5",util-linux: util-linux: nsenter --join-cgroup leaks root cgroup migration authority,"The nsenter --join-cgroup option opens the target cgroup.procs file as root and leaves that file descriptor open across later namespace and credential changes and across execve(). Because the kernel checks later cgroup migrations using the credentials from the original open, a program run in an attacker-controlled target can inherit root's ability to move host processes between cgroups. After a privileged operator uses --join-cgroup against that target, an unprivileged user can migrate and terminate unrelated root processes.",vuln-scan,cve:CVE-2026-78408,postgres:16-alpine (alpine 3.24.1),,,"Upgrade libuuid to a release that remediates CVE-2026-78408. This is a vulnerability finding, not a config-drift playbook.",2026-09-27,,2026-09-27,No,,,High,,,,,,,"default, not verified",,,CVE-2026-78408,"cpg_2_B,csf_PR_PS_02,nist80053_SI-2,nist80053_RA-5,cis_7_3,cis_7_4,cis_7_7"
EGP-C7846DBE1D,"SI-2, RA-5",util-linux: util-linux: nsenter --join-cgroup leaks root cgroup migration authority,"The nsenter --join-cgroup option opens the target cgroup.procs file as root and leaves that file descriptor open across later namespace and credential changes and across execve(). Because the kernel checks later cgroup migrations using the credentials from the original open, a program run in an attacker-controlled target can inherit root's ability to move host processes between cgroups. After a privileged operator uses --join-cgroup against that target, an unprivileged user can migrate and terminate unrelated root processes.",vuln-scan,cve:CVE-2026-78408,stilliard/pure-ftpd:latest (debian 13.6),,,"Upgrade bsdutils to a release that remediates CVE-2026-78408. This is a vulnerability finding, not a config-drift playbook.",2026-09-27,,2026-09-27,No,,,High,,,,,,,"default, not verified",,,CVE-2026-78408,"cpg_2_B,csf_PR_PS_02,nist80053_SI-2,nist80053_RA-5,cis_7_3,cis_7_4,cis_7_7"
EGP-804DFEBA1E,"SI-2, RA-5","util-linux: util-linux: restricted bind mounts do not pin the source, allowing X-mount.owner/group/mode redirection","A flaw was found in util-linux. Restricted bind mounts take the source path from fstab but do not pin that source before the privileged mount. A local unprivileged user who can replace the authorized source or a writable ancestor can redirect SUID mount(8) to bind another host directory. If the fstab entry also sets X-mount.owner, X-mount.group, or X-mount.mode, root then changes ownership or mode on that redirected inode.",vuln-scan,cve:CVE-2026-78410,httpd:2.4-alpine (alpine 3.24.1),,,"Upgrade libuuid to a release that remediates CVE-2026-78410. This is a vulnerability finding, not a config-drift playbook.",2026-09-27,,2026-09-27,No,,,High,,,,,,,"default, not verified",,,CVE-2026-78410,"cpg_2_B,csf_PR_PS_02,nist80053_SI-2,nist80053_RA-5,cis_7_3,cis_7_4,cis_7_7"
EGP-83D1511353,"SI-2, RA-5","util-linux: util-linux: restricted bind mounts do not pin the source, allowing X-mount.owner/group/mode redirection","A flaw was found in util-linux. Restricted bind mounts take the source path from fstab but do not pin that source before the privileged mount. A local unprivileged user who can replace the authorized source or a writable ancestor can redirect SUID mount(8) to bind another host directory. If the fstab entry also sets X-mount.owner, X-mount.group, or X-mount.mode, root then changes ownership or mode on that redirected inode.",vuln-scan,cve:CVE-2026-78410,postgres:16-alpine (alpine 3.24.1),,,"Upgrade libuuid to a release that remediates CVE-2026-78410. This is a vulnerability finding, not a config-drift playbook.",2026-09-27,,2026-09-27,No,,,High,,,,,,,"default, not verified",,,CVE-2026-78410,"cpg_2_B,csf_PR_PS_02,nist80053_SI-2,nist80053_RA-5,cis_7_3,cis_7_4,cis_7_7"
EGP-665CEA729C,"SI-2, RA-5","util-linux: util-linux: restricted bind mounts do not pin the source, allowing X-mount.owner/group/mode redirection","A flaw was found in util-linux. Restricted bind mounts take the source path from fstab but do not pin that source before the privileged mount. A local unprivileged user who can replace the authorized source or a writable ancestor can redirect SUID mount(8) to bind another host directory. If the fstab entry also sets X-mount.owner, X-mount.group, or X-mount.mode, root then changes ownership or mode on that redirected inode.",vuln-scan,cve:CVE-2026-78410,stilliard/pure-ftpd:latest (debian 13.6),,,"Upgrade bsdutils to a release that remediates CVE-2026-78410. This is a vulnerability finding, not a config-drift playbook.",2026-09-27,,2026-09-27,No,,,High,,,,,,,"default, not verified",,,CVE-2026-78410,"cpg_2_B,csf_PR_PS_02,nist80053_SI-2,nist80053_RA-5,cis_7_3,cis_7_4,cis_7_7"
EGP-C30363A695,"SI-2, RA-5",zlib: A flaw found in zlib when compressing (not decompressing) certain inputs,"zlib before 1.2.12 allows memory corruption when deflating (i.e., when compressing) if the input has many distant matches.",vuln-scan,cve:CVE-2018-25032,dperson/samba:latest (alpine 3.12.0),,,"Upgrade zlib to a release that remediates CVE-2018-25032. This is a vulnerability finding, not a config-drift playbook.",2026-09-27,,2026-09-27,No,,,High,,,,,,,"default, not verified",,,CVE-2018-25032,"cpg_2_B,csf_PR_PS_02,nist80053_SI-2,nist80053_RA-5,cis_7_3,cis_7_4,cis_7_7"
EGP-F046FAE9BE,"SI-2, RA-5",zlib: A flaw found in zlib when compressing (not decompressing) certain inputs,"zlib before 1.2.12 allows memory corruption when deflating (i.e., when compressing) if the input has many distant matches.",vuln-scan,cve:CVE-2018-25032,mailhog/mailhog:v1.0.1 (alpine 3.12.0),,,"Upgrade zlib to a release that remediates CVE-2018-25032. This is a vulnerability finding, not a config-drift playbook.",2026-09-27,,2026-09-27,No,,,High,,,,,,,"default, not verified",,,CVE-2018-25032,"cpg_2_B,csf_PR_PS_02,nist80053_SI-2,nist80053_RA-5,cis_7_3,cis_7_4,cis_7_7"
EGP-A322CC1A20,"SI-2, RA-5",zlib: zlib: Arbitrary code execution via buffer overflow in untgz utility,"zlib versions up to and including 1.3.1.2 include a global buffer overflow in the untgz utility located under contrib/untgz. The vulnerability is limited to the standalone demonstration utility and does not affect the core zlib compression library. The flaw occurs when a user executes the untgz command with an excessively long archive name supplied via the command line, leading to an out-of-bounds write in a fixed-size global buffer.",vuln-scan,cve:CVE-2026-22184,nginx:1.27-alpine (alpine 3.21.3),,,"Upgrade zlib to a release that remediates CVE-2026-22184. This is a vulnerability finding, not a config-drift playbook.",2026-09-27,,2026-09-27,No,,,High,,,,,,,"default, not verified",,,CVE-2026-22184,"cpg_2_B,csf_PR_PS_02,nist80053_SI-2,nist80053_RA-5,cis_7_3,cis_7_4,cis_7_7"
EGP-FB98EB7205,"AC-3, AC-6, CM-7",Administrative share exposed on evergreen-lab-samba-1.evergreen-lab_labnet (C$/ADMIN$),evergreen-lab-samba-1.evergreen-lab_labnet has SMB open; C$/ADMIN$ administrative shares should be restricted.,inventory-nmap,nmap:name:administrative share exposed (c$/admin$):service:admin-share,evergreen-lab-samba-1.evergreen-lab_labnet,,,"Disable or ACL C$/ADMIN$/IPC$ so they are not reachable off the admin network. Restrict TCP/445 (SMB) to the admin network. Confirm SMBv1 is disabled. This is a share-exposure finding, not a dialect or CVE.",not recorded,,2026-09-27,No,,,Moderate,,,,,,,"default, not verified",,,,"cpg_3_I,csf_PR_AA_05,nist80053_AC-3,nist80053_AC-6,nist80053_CM-7"
EGP-3DA4BA51CF,"AC-3, AC-6, CM-7",Administrative share exposed on evergreen-lab-samba2-1.evergreen-lab_labnet2 (C$/ADMIN$),evergreen-lab-samba2-1.evergreen-lab_labnet2 has SMB open; C$/ADMIN$ administrative shares should be restricted.,inventory-nmap,nmap:name:administrative share exposed (c$/admin$):service:admin-share,evergreen-lab-samba2-1.evergreen-lab_labnet2,,,"Disable or ACL C$/ADMIN$/IPC$ so they are not reachable off the admin network. Restrict TCP/445 (SMB) to the admin network. Confirm SMBv1 is disabled. This is a share-exposure finding, not a dialect or CVE.",not recorded,,2026-09-27,No,,,Moderate,,,,,,,"default, not verified",,,,"cpg_3_I,csf_PR_AA_05,nist80053_AC-3,nist80053_AC-6,nist80053_CM-7"
EGP-1BE36AA9E6,"SI-2, RA-5",CVE-2026-92709,rsyslog,vuln-scan,cve:CVE-2026-92709,stilliard/pure-ftpd:latest (debian 13.6),,,"Upgrade rsyslog to a release that remediates CVE-2026-92709. This is a vulnerability finding, not a config-drift playbook.",2026-09-27,,2026-09-27,No,,,Moderate,,,,,,,"default, not verified",,,CVE-2026-92709,"cpg_2_B,csf_PR_PS_02,nist80053_SI-2,nist80053_RA-5,cis_7_3,cis_7_4,cis_7_7"
EGP-7886D5DB61,"SI-2, RA-5",Cipherlist STRONG FS,not offered,vuln-scan,testssl:cipherlist_STRONG_FS,172.28.10.10,,,"Identify the affected package or service and upgrade or isolate it so the reported vulnerability is not present. This is a vulnerability finding, not a config-drift playbook.",not recorded,,2026-09-27,No,,,Moderate,,,,,,,"default, not verified",,,,"cpg_2_B,csf_PR_PS_02,nist80053_SI-2,nist80053_RA-5,cis_7_3,cis_7_4,cis_7_7"
EGP-C3D147D417,"SI-2, RA-5",FS,No ciphers supporting Forward Secrecy offered,vuln-scan,testssl:FS,172.28.10.10,,,"Identify the affected package or service and upgrade or isolate it so the reported vulnerability is not present. This is a vulnerability finding, not a config-drift playbook.",not recorded,,2026-09-27,No,,,Moderate,,,,,,,"default, not verified",,,,"cpg_2_B,csf_PR_PS_02,nist80053_SI-2,nist80053_RA-5,cis_7_3,cis_7_4,cis_7_7"
EGP-EEF22FE875,"SI-2, RA-5","In musl libc through 1.2.1, wcsnrtombs mishandles particular combinati ...","In musl libc through 1.2.1, wcsnrtombs mishandles particular combinations of destination buffer size and source character limit, as demonstrated by an invalid write access (buffer overflow).",vuln-scan,cve:CVE-2020-28928,dperson/samba:latest (alpine 3.12.0),,,"Upgrade musl to a release that remediates CVE-2020-28928. This is a vulnerability finding, not a config-drift playbook.",2026-09-27,,2026-09-27,No,,,Moderate,,,,,,,"default, not verified",,,CVE-2020-28928,"cpg_2_B,csf_PR_PS_02,nist80053_SI-2,nist80053_RA-5,cis_7_3,cis_7_4,cis_7_7"
EGP-58D00210CC,"SI-2, RA-5","In musl libc through 1.2.1, wcsnrtombs mishandles particular combinati ...","In musl libc through 1.2.1, wcsnrtombs mishandles particular combinations of destination buffer size and source character limit, as demonstrated by an invalid write access (buffer overflow).",vuln-scan,cve:CVE-2020-28928,mailhog/mailhog:v1.0.1 (alpine 3.12.0),,,"Upgrade musl to a release that remediates CVE-2020-28928. This is a vulnerability finding, not a config-drift playbook.",2026-09-27,,2026-09-27,No,,,Moderate,,,,,,,"default, not verified",,,CVE-2020-28928,"cpg_2_B,csf_PR_PS_02,nist80053_SI-2,nist80053_RA-5,cis_7_3,cis_7_4,cis_7_7"
EGP-D59C3F7F7A,"SI-2, RA-5","In netstat in BusyBox through 1.37.0, local users can launch of networ ...","In netstat in BusyBox through 1.37.0, local users can launch of network application with an argv[0] containing an ANSI terminal escape sequence, leading to a denial of service (terminal locked up) when netstat is used by a victim.",vuln-scan,cve:CVE-2024-58251,nginx:1.27-alpine (alpine 3.21.3),,,"Upgrade busybox to a release that remediates CVE-2024-58251. This is a vulnerability finding, not a config-drift playbook.",2026-09-27,,2026-09-27,No,,,Moderate,,,,,,,"default, not verified",,,CVE-2024-58251,"cpg_2_B,csf_PR_PS_02,nist80053_SI-2,nist80053_RA-5,cis_7_3,cis_7_4,cis_7_7"
EGP-3950CA6F50,"SI-2, RA-5",Inconsistent handling of O_CREATE|O_EXCL on Unix and Windows in os in syscall,"os.OpenFile(path, os.O_CREATE|O_EXCL) behaved differently on Unix and Windows systems when the target path was a dangling symlink. On Unix systems, OpenFile with O_CREATE and O_EXCL flags never follows symlinks. On Windows, when the target path was a symlink to a nonexistent location, OpenFile would create a file in that location. OpenFile now always returns an error when the O_CREATE and O_EXCL flags are both set and the target path is a symlink.",vuln-scan,cve:CVE-2025-0913,usr/local/go/pkg/tool/linux_amd64/vet,,,"Upgrade stdlib to a release that remediates CVE-2025-0913. This is a vulnerability finding, not a config-drift playbook.",2026-09-27,,2026-09-27,No,,,Moderate,,,,,,,"default, not verified",,,CVE-2025-0913,"cpg_2_B,csf_PR_PS_02,nist80053_SI-2,nist80053_RA-5,cis_7_3,cis_7_4,cis_7_7"
EGP-C7CE96A382,"SI-2, RA-5",Inconsistent handling of O_CREATE|O_EXCL on Unix and Windows in os in syscall,"os.OpenFile(path, os.O_CREATE|O_EXCL) behaved differently on Unix and Windows systems when the target path was a dangling symlink. On Unix systems, OpenFile with O_CREATE and O_EXCL flags never follows symlinks. On Windows, when the target path was a symlink to a nonexistent location, OpenFile would create a file in that location. OpenFile now always returns an error when the O_CREATE and O_EXCL flags are both set and the target path is a symlink.",vuln-scan,cve:CVE-2025-0913,whoami,,,"Upgrade stdlib to a release that remediates CVE-2025-0913. This is a vulnerability finding, not a config-drift playbook.",2026-09-27,,2026-09-27,No,,,Moderate,,,,,,,"default, not verified",,,CVE-2025-0913,"cpg_2_B,csf_PR_PS_02,nist80053_SI-2,nist80053_RA-5,cis_7_3,cis_7_4,cis_7_7"
EGP-905B977F97,"SI-2, RA-5",Invoking integer overflow in NewNTUnicodeString in golang.org/x/sys/windows,"NewNTUnicodeString does not check for string length overflow. When provided with a string that overflows the maximum size of a NTUnicodeString (a 16-bit number of bytes), it returns a truncated string rather than an error.",vuln-scan,cve:CVE-2026-39824,usr/local/bin/gosu,,,"Upgrade golang.org/x/sys to a release that remediates CVE-2026-39824. This is a vulnerability finding, not a config-drift playbook.",2026-09-27,,2026-09-27,No,,,Moderate,,,,,,,"default, not verified",,,CVE-2026-39824,"cpg_2_B,csf_PR_PS_02,nist80053_SI-2,nist80053_RA-5,cis_7_3,cis_7_4,cis_7_7"
EGP-B212BCD5C5,"SI-2, RA-5","On Windows, The IsLocal function does not correctly detect reserved de ...","On Windows, The IsLocal function does not correctly detect reserved device names in some cases. Reserved names followed by spaces, such as ""COM1 "", and reserved names ""COM"" and ""LPT"" followed by superscript 1, 2, or 3, are incorrectly reported as local. With fix, IsLocal now correctly reports these names as non-local.",vuln-scan,cve:CVE-2023-45284,usr/local/go/pkg/tool/linux_amd64/vet,,,"Upgrade stdlib to a release that remediates CVE-2023-45284. This is a vulnerability finding, not a config-drift playbook.",2026-09-27,,2026-09-27,No,,,Moderate,,,,,,,"default, not verified",,,CVE-2023-45284,"cpg_2_B,csf_PR_PS_02,nist80053_SI-2,nist80053_RA-5,cis_7_3,cis_7_4,cis_7_7"
EGP-57C2897438,"SI-2, RA-5",Overall grade,C,vuln-scan,testssl:overall_grade,172.28.10.10,,,"Identify the affected package or service and upgrade or isolate it so the reported vulnerability is not present. This is a vulnerability finding, not a config-drift playbook.",not recorded,,2026-09-27,No,,,Moderate,,,,,,,"default, not verified",,,,"cpg_2_B,csf_PR_PS_02,nist80053_SI-2,nist80053_RA-5,cis_7_3,cis_7_4,cis_7_7"
EGP-82A20C10AA,"SI-2, RA-5",PCRE2: PCRE2: Out-of-bounds read via invalid UTF data during JIT fallback,PCRE2 before 10.48 has a pcre2_match out-of-bounds read after a JIT fallback when an attacker can provide invalid UTF data.,vuln-scan,cve:CVE-2026-89156,stilliard/pure-ftpd:latest (debian 13.6),,,"Upgrade libpcre2-8-0 to a release that remediates CVE-2026-89156. This is a vulnerability finding, not a config-drift playbook.",2026-09-27,,2026-09-27,No,,,Moderate,,,,,,,"default, not verified",,,CVE-2026-89156,"cpg_2_B,csf_PR_PS_02,nist80053_SI-2,nist80053_RA-5,cis_7_3,cis_7_4,cis_7_7"
EGP-12F21B03AE,"SI-2, RA-5",PCRE2: PCRE2: Out-of-bounds write via integer overflow on 32-bit platforms,"PCRE2 before 10.48, on 32-bit platforms, has a pcre2_compile_32 integer overflow and resultant out-of-bounds write.",vuln-scan,cve:CVE-2026-89158,stilliard/pure-ftpd:latest (debian 13.6),,,"Upgrade libpcre2-8-0 to a release that remediates CVE-2026-89158. This is a vulnerability finding, not a config-drift playbook.",2026-09-27,,2026-09-27,No,,,Moderate,,,,,,,"default, not verified",,,CVE-2026-89158,"cpg_2_B,csf_PR_PS_02,nist80053_SI-2,nist80053_RA-5,cis_7_3,cis_7_4,cis_7_7"
EGP-3C712FBF2D,"SI-2, RA-5",Pod::Text versions before 6.1.1 for Perl allow CPU and memory exhausti ...,"Pod::Text versions before 6.1.1 for Perl allow CPU and memory exhaustion formatting a POD document whose =over nesting drives the margin to the output width.

Each =over adds its indent to the margin, which wrap() subtracts from the output width to get the space available for text. When that space reaches zero, the line-splitting substitution matches the empty string, and the loop consumes no input while appending the margin padding on every pass.

Formatting an attacker-supplied POD document never returns, and the output grows until memory is exhausted.",vuln-scan,cve:CVE-2026-82560,stilliard/pure-ftpd:latest (debian 13.6),,,"Upgrade libperl5.40 to a release that remediates CVE-2026-82560. This is a vulnerability finding, not a config-drift playbook.",2026-09-27,,2026-09-27,No,,,Moderate,,,,,,,"default, not verified",,,CVE-2026-82560,"cpg_2_B,csf_PR_PS_02,nist80053_SI-2,nist80053_RA-5,cis_7_3,cis_7_4,cis_7_7"
EGP-BF9AFB079C,"SC-8, SC-8(1), SC-23, CM-6",SMB message signing not required,"evergreen-lab-samba-1.evergreen-lab_labnet TCP/139 does not require SMB message signing (nmap smb2-security-mode), enabling NTLM relay.",inventory-nmap,nmap:nse-smb-signing-not-required:evidence:3.1.1: message signing enabled but not required,evergreen-lab-samba-1.evergreen-lab_labnet (139/TCP),,,"Require SMB signing: Windows GPO 'Microsoft network server: Digitally sign communications (always)' = Enabled (and client), or Samba 'server signing = mandatory'. Disable SMBv1 and restrict TCP/445 to required hosts. Unsigned SMB enables NTLM relay. Rescan with nmap smb2-security-mode to verify 'enabled and required'.",2026-09-27,,2026-09-27,No,,,Moderate,,,,,,,"default, not verified",,,,"cpg_3_K,csf_PR_DS_02,nist80053_SC-8,nist80053_SC-8(1),nist80053_SC-23,nist80053_CM-6,cis_4_1,cis_3_10"
EGP-952E2F294D,"SC-8, SC-8(1), SC-23, CM-6",SMB message signing not required,"evergreen-lab-samba2-1.evergreen-lab_labnet2 TCP/139 does not require SMB message signing (nmap smb2-security-mode), enabling NTLM relay.",inventory-nmap,nmap:nse-smb-signing-not-required:evidence:3.1.1: message signing enabled but not required,evergreen-lab-samba2-1.evergreen-lab_labnet2 (139/TCP),,,"Require SMB signing: Windows GPO 'Microsoft network server: Digitally sign communications (always)' = Enabled (and client), or Samba 'server signing = mandatory'. Disable SMBv1 and restrict TCP/445 to required hosts. Unsigned SMB enables NTLM relay. Rescan with nmap smb2-security-mode to verify 'enabled and required'.",2026-09-27,,2026-09-27,No,,,Moderate,,,,,,,"default, not verified",,,,"cpg_3_K,csf_PR_DS_02,nist80053_SC-8,nist80053_SC-8(1),nist80053_SC-23,nist80053_CM-6,cis_4_1,cis_3_10"
EGP-32682B40C8,"SC-8, SC-8(1), SC-13",TLS 1.2 is not offered,not offered,vuln-scan,testssl:TLS1_2,172.28.10.10,,,"Require TLS 1.2 or newer, disable weak ciphers, and use a valid certificate. This is a posture finding, not a specific TLS CVE.",not recorded,,2026-09-27,No,,,Moderate,,,,,,,"default, not verified",,,,"cpg_3_K,csf_PR_DS_02,nist80053_SC-8,nist80053_SC-8(1),nist80053_SC-13"
EGP-C50A660A96,"SI-2, RA-5","The golang.org/x/crypto/openpgp package is unmaintained, unsafe by design, and has known security issues","The golang.org/x/crypto/openpgp package is unsafe by design, has numerous known security issues, is not maintained, and should not be used.

If you are required to interoperate with OpenPGP systems and need a maintained package, consider github.com/ProtonMail/go-crypto/openpgp which is a maintained fork that aims to be a drop-in replacement for this package.",vuln-scan,trivy:GO-2026-5932,usr/bin/mongotop,,,"Identify the affected package or service and upgrade or isolate it so the reported vulnerability is not present. This is a vulnerability finding, not a config-drift playbook.",2026-09-27,,2026-09-27,No,,,Moderate,,,,,,,"default, not verified",,,,"cpg_2_B,csf_PR_PS_02,nist80053_SI-2,nist80053_RA-5,cis_7_3,cis_7_4,cis_7_7"
EGP-6221A43965,"SI-2, RA-5",Title Not Available,Description Not Available,vuln-scan,cve:CVE-2026-80256,httpd:2.4-alpine (alpine 3.24.1),,,"Upgrade libcurl to a release that remediates CVE-2026-80256. This is a vulnerability finding, not a config-drift playbook.",2026-09-27,,2026-09-27,No,,,Moderate,,,,,,,"default, not verified",,,CVE-2026-80256,"cpg_2_B,csf_PR_PS_02,nist80053_SI-2,nist80053_RA-5,cis_7_3,cis_7_4,cis_7_7"
EGP-356A31BC36,"SI-2, RA-5","When performing transfers via libcurl\u2019s multi interface, pooled T ...","When performing transfers via libcurl’s multi interface, pooled TLS
connections can outlive their originating easy handles. In OpenSSL 3 provider
configurations, libcurl attaches an allocated library context to the easy
handle's state and passes it to OpenSSL without acquiring an ownership
reference; destroying the easy handle prematurely frees this context while the
active connection retains a dangling pointer, leading to a heap-use-after-free
upon subsequent I/O or post-handshake operations.",vuln-scan,cve:CVE-2026-80229,httpd:2.4-alpine (alpine 3.24.1),,,"Upgrade libcurl to a release that remediates CVE-2026-80229. This is a vulnerability finding, not a config-drift playbook.",2026-09-27,,2026-09-27,No,,,Moderate,,,,,,,"default, not verified",,,CVE-2026-80229,"cpg_2_B,csf_PR_PS_02,nist80053_SI-2,nist80053_RA-5,cis_7_3,cis_7_4,cis_7_7"
EGP-1390DC9439,"SI-2, RA-5",[GHSA-5qpq-xqfv-j9pg: Invalid write if a decoder is reinitialized after allocation failure],liblzma5,vuln-scan,trivy:TEMP-1147318-639065,stilliard/pure-ftpd:latest (debian 13.6),,,"Identify the affected package or service and upgrade or isolate it so the reported vulnerability is not present. This is a vulnerability finding, not a config-drift playbook.",2026-09-27,,2026-09-27,No,,,Moderate,,,,,,,"default, not verified",,,,"cpg_2_B,csf_PR_PS_02,nist80053_SI-2,nist80053_RA-5,cis_7_3,cis_7_4,cis_7_7"
EGP-7C34E0BDCC,"SI-2, RA-5",[mdtls discards the peer-identity verification result],rsyslog,vuln-scan,cve:CVE-2026-93402,stilliard/pure-ftpd:latest (debian 13.6),,,"Upgrade rsyslog to a release that remediates CVE-2026-93402. This is a vulnerability finding, not a config-drift playbook.",2026-09-27,,2026-09-27,No,,,Moderate,,,,,,,"default, not verified",,,CVE-2026-93402,"cpg_2_B,csf_PR_PS_02,nist80053_SI-2,nist80053_RA-5,cis_7_3,cis_7_4,cis_7_7"
EGP-5141BF0D49,"SI-2, RA-5",acl: TOCTOU Symlink Traversal via getfacl/setfacl,"acl before version 2.4.0 contains a time-of-check to time-of-use (TOCTOU) race condition vulnerability that allows local attackers to escalate privileges by replacing a pathname component with a symbolic link between an lstat() check and subsequent symlink-following operations such as stat(), chown(), chmod(), acl_get_file(), and acl_set_file(). Attackers who control a pathname component can redirect file access control list operations to arbitrary files when getfacl, setfacl, or chacl is invoked by a privileged process over an attacker-controlled path, resulting in local privilege escalation.",vuln-scan,cve:CVE-2026-54370,stilliard/pure-ftpd:latest (debian 13.6),,,"Upgrade libacl1 to a release that remediates CVE-2026-54370. This is a vulnerability finding, not a config-drift playbook.",2026-09-27,,2026-09-27,No,,,Moderate,,,,,,,"default, not verified",,,CVE-2026-54370,"cpg_2_B,csf_PR_PS_02,nist80053_SI-2,nist80053_RA-5,cis_7_3,cis_7_4,cis_7_7"
EGP-5EB1AE16B8,"SI-2, RA-5",apr-util: Apache Portable Runtime Utility: Denial of Service via XML stack recursion attack,"A bug in APR-util version 1.6.3 (and earlier) allows a stack recursion attack against any library consumer which parses XML from untrusted sources and uses the apr_xml_quote_elem() function.

Users are recommended to upgrade to version 1.6.4, which fixes this issue.",vuln-scan,cve:CVE-2026-32327,httpd:2.4-alpine (alpine 3.24.1),,,"Upgrade apr-util to a release that remediates CVE-2026-32327. This is a vulnerability finding, not a config-drift playbook.",2026-09-27,,2026-09-27,No,,,Moderate,,,,,,,"default, not verified",,,CVE-2026-32327,"cpg_2_B,csf_PR_PS_02,nist80053_SI-2,nist80053_RA-5,cis_7_3,cis_7_4,cis_7_7"
EGP-4156E15390,"SI-2, RA-5",apr-util: Apache Portable Runtime Utility: Heap buffer overflow in APR memcached client,"Heap-based Buffer Overflow vulnerability in Apache Portable Runtime Utility memcached client

This issue affects Apache Portable Runtime Utility: from 1.3.0 through 1.6.3.",vuln-scan,cve:CVE-2026-34502,httpd:2.4-alpine (alpine 3.24.1),,,"Upgrade apr-util to a release that remediates CVE-2026-34502. This is a vulnerability finding, not a config-drift playbook.",2026-09-27,,2026-09-27,No,,,Moderate,,,,,,,"default, not verified",,,CVE-2026-34502,"cpg_2_B,csf_PR_PS_02,nist80053_SI-2,nist80053_RA-5,cis_7_3,cis_7_4,cis_7_7"
EGP-34C890366F,"SI-2, RA-5",apr-util: Apache Portable Runtime Utility: Heap buffer overflow in redis client,"Heap-based Buffer Overflow vulnerability in Apache Portable Runtime Utility redis client.

This issue affects Apache Portable Runtime Utility: from 1.6.0 through 1.6.3.

Users are recommended to upgrade to version 1.6.4, which fixes the issue.",vuln-scan,cve:CVE-2026-34501,httpd:2.4-alpine (alpine 3.24.1),,,"Upgrade apr-util to a release that remediates CVE-2026-34501. This is a vulnerability finding, not a config-drift playbook.",2026-09-27,,2026-09-27,No,,,Moderate,,,,,,,"default, not verified",,,CVE-2026-34501,"cpg_2_B,csf_PR_PS_02,nist80053_SI-2,nist80053_RA-5,cis_7_3,cis_7_4,cis_7_7"
EGP-080064AE78,"SI-2, RA-5",archive/tar: golang: Go's archive/tar package: Denial of Service via maliciously-crafted archive,"tar.Reader can allocate an unbounded amount of memory when reading a maliciously-crafted archive containing a large number of sparse regions encoded in the ""old GNU sparse map"" format.",vuln-scan,cve:CVE-2026-32288,usr/local/bin/gosu,,,"Upgrade stdlib to a release that remediates CVE-2026-32288. This is a vulnerability finding, not a config-drift playbook.",2026-09-27,,2026-09-27,No,,,Moderate,,,,,,,"default, not verified",,,CVE-2026-32288,"cpg_2_B,csf_PR_PS_02,nist80053_SI-2,nist80053_RA-5,cis_7_3,cis_7_4,cis_7_7"
EGP-0163639A66,"SI-2, RA-5",archive/tar: golang: Go's archive/tar package: Denial of Service via maliciously-crafted archive,"tar.Reader can allocate an unbounded amount of memory when reading a maliciously-crafted archive containing a large number of sparse regions encoded in the ""old GNU sparse map"" format.",vuln-scan,cve:CVE-2026-32288,usr/local/go/pkg/tool/linux_amd64/vet,,,"Upgrade stdlib to a release that remediates CVE-2026-32288. This is a vulnerability finding, not a config-drift playbook.",2026-09-27,,2026-09-27,No,,,Moderate,,,,,,,"default, not verified",,,CVE-2026-32288,"cpg_2_B,csf_PR_PS_02,nist80053_SI-2,nist80053_RA-5,cis_7_3,cis_7_4,cis_7_7"
EGP-67684289D9,"SI-2, RA-5",archive/tar: golang: Go's archive/tar package: Denial of Service via maliciously-crafted archive,"tar.Reader can allocate an unbounded amount of memory when reading a maliciously-crafted archive containing a large number of sparse regions encoded in the ""old GNU sparse map"" format.",vuln-scan,cve:CVE-2026-32288,whoami,,,"Upgrade stdlib to a release that remediates CVE-2026-32288. This is a vulnerability finding, not a config-drift playbook.",2026-09-27,,2026-09-27,No,,,Moderate,,,,,,,"default, not verified",,,CVE-2026-32288,"cpg_2_B,csf_PR_PS_02,nist80053_SI-2,nist80053_RA-5,cis_7_3,cis_7_4,cis_7_7"
EGP-EE1549FD19,"SI-2, RA-5",attr: attr: Symlink Traversal Privilege Escalation via getfattr and setfattr,"attr before version 2.6.0 contains a symlink traversal vulnerability in the getfattr and setfattr utilities that allows local attackers to escalate privileges by replacing a pathname component with a symbolic link during directory hierarchy traversal. Attackers who control a pathname component can redirect getfattr and setfattr operations to arbitrary files by substituting a symlink, leading to local privilege escalation when getfattr or setfattr is invoked by a privileged process over an attacker-controlled path.",vuln-scan,cve:CVE-2026-54371,stilliard/pure-ftpd:latest (debian 13.6),,,"Upgrade libattr1 to a release that remediates CVE-2026-54371. This is a vulnerability finding, not a config-drift playbook.",2026-09-27,,2026-09-27,No,,,Moderate,,,,,,,"default, not verified",,,CVE-2026-54371,"cpg_2_B,csf_PR_PS_02,nist80053_SI-2,nist80053_RA-5,cis_7_3,cis_7_4,cis_7_7"
EGP-BE74E11221,"SI-2, RA-5",avahi: Local DoS by event-busy-loop from writing long lines to /run/avahi-daemon/socket,"A flaw was found in avahi in versions 0.6 up to 0.8. The event used to signal the termination of the client connection on the avahi Unix socket is not correctly handled in the client_work function, allowing a local attacker to trigger an infinite loop. The highest threat from this vulnerability is to the availability of the avahi service, which becomes unresponsive after this flaw is triggered.",vuln-scan,cve:CVE-2021-3468,dperson/samba:latest (alpine 3.12.0),,,"Upgrade avahi-libs to a release that remediates CVE-2021-3468. This is a vulnerability finding, not a config-drift playbook.",2026-09-27,,2026-09-27,No,,,Moderate,,,,,,,"default, not verified",,,CVE-2021-3468,"cpg_2_B,csf_PR_PS_02,nist80053_SI-2,nist80053_RA-5,cis_7_3,cis_7_4,cis_7_7"
EGP-E9BEFDF253,"SI-2, RA-5",busybox: out-of-bounds read in unlzma applet leads to information leak and denial of service when crafted LZMA-compressed input is decompressed,An out-of-bounds heap read in Busybox's unlzma applet leads to information leak and denial of service when crafted LZMA-compressed input is decompressed. This can be triggered by any applet/format that,vuln-scan,cve:CVE-2021-42374,dperson/samba:latest (alpine 3.12.0),,,"Upgrade busybox to a release that remediates CVE-2021-42374. This is a vulnerability finding, not a config-drift playbook.",2026-09-27,,2026-09-27,No,,,Moderate,,,,,,,"default, not verified",,,CVE-2021-42374,"cpg_2_B,csf_PR_PS_02,nist80053_SI-2,nist80053_RA-5,cis_7_3,cis_7_4,cis_7_7"
EGP-F4A57BDE3B,"SI-2, RA-5",busybox: out-of-bounds read in unlzma applet leads to information leak and denial of service when crafted LZMA-compressed input is decompressed,An out-of-bounds heap read in Busybox's unlzma applet leads to information leak and denial of service when crafted LZMA-compressed input is decompressed. This can be triggered by any applet/format that,vuln-scan,cve:CVE-2021-42374,mailhog/mailhog:v1.0.1 (alpine 3.12.0),,,"Upgrade busybox to a release that remediates CVE-2021-42374. This is a vulnerability finding, not a config-drift playbook.",2026-09-27,,2026-09-27,No,,,Moderate,,,,,,,"default, not verified",,,CVE-2021-42374,"cpg_2_B,csf_PR_PS_02,nist80053_SI-2,nist80053_RA-5,cis_7_3,cis_7_4,cis_7_7"
EGP-C609106850,"SI-2, RA-5",bzip2: bzip2: Denial of Service in bzip2recover via a specially crafted file,"bzip2 contains an off‑by‑one error in the bzip2recover utility. When processing a specially crafted file, the application performs an out‑of‑bounds write to a global buffer, resulting in memory corruption and a crash (denial of service).

This issue was fixed in bzip2 patch 35d122a3df8b0cc4082a4d89fdc6ee99f375fe67",vuln-scan,cve:CVE-2026-42250,stilliard/pure-ftpd:latest (debian 13.6),,,"Upgrade libbz2-1.0 to a release that remediates CVE-2026-42250. This is a vulnerability finding, not a config-drift playbook.",2026-09-27,,2026-09-27,No,,,Moderate,,,,,,,"default, not verified",,,CVE-2026-42250,"cpg_2_B,csf_PR_PS_02,nist80053_SI-2,nist80053_RA-5,cis_7_3,cis_7_4,cis_7_7"
EGP-50C36C693A,"SI-2, RA-5",c-ares: c-ares: Denial of Service due to query termination after maximum attempts,"c-ares is an asynchronous resolver library. Versions 1.32.3 through 1.34.5  terminate a query after maximum attempts when using read_answer() and process_answer(), which can cause a Denial of Service. This issue is fixed in version 1.34.6.",vuln-scan,cve:CVE-2025-62408,nginx:1.27-alpine (alpine 3.21.3),,,"Upgrade c-ares to a release that remediates CVE-2025-62408. This is a vulnerability finding, not a config-drift playbook.",2026-09-27,,2026-09-27,No,,,Moderate,,,,,,,"default, not verified",,,CVE-2025-62408,"cpg_2_B,csf_PR_PS_02,nist80053_SI-2,nist80053_RA-5,cis_7_3,cis_7_4,cis_7_7"
EGP-A59CB6489E,"SI-2, RA-5",coreutils: GNU coreutils unexpand: Denial of Service via crafted tab stop values,"GNU coreutils unexpand is vulnerable to a heap-based buffer overflow due to an integer overflow during buffer allocation when processing large tab stop (-t) values. The multiplication used to calculate the allocation size can wrap around, resulting in an undersized buffer.
When processing crafted input, subsequent writes exceed the allocated memory, leading to an out‑of‑bounds heap write.

When running GNU coreutils unexpand with attacker-provided large tab stop (-t) arguments, this behavior leads to a crash and potentially achieve a heap write primitive depending on memory layout.










This issue has been fixed in the commit b60a159fdc5bfcf9988d3a4cb6f53abe8ad5d35d",vuln-scan,cve:CVE-2026-56392,mysql:8.4 (oracle 9.8),,,"Upgrade coreutils-single to a release that remediates CVE-2026-56392. This is a vulnerability finding, not a config-drift playbook.",2026-09-27,,2026-09-27,No,,,Moderate,,,,,,,"default, not verified",,,CVE-2026-56392,"cpg_2_B,csf_PR_PS_02,nist80053_SI-2,nist80053_RA-5,cis_7_3,cis_7_4,cis_7_7"
EGP-A46F73D37A,"SI-2, RA-5",crypto/internal/nistec: golang: Timing sidechannel for P-256 on ppc64le in crypto/internal/nistec,"Due to the usage of a variable time instruction in the assembly implementation of an internal function, a small number of bits of secret scalars are leaked on the ppc64le architecture. Due to the way this function is used, we do not believe this leakage is enough to allow recovery of the private key when P-256 is used in any well known protocols.",vuln-scan,cve:CVE-2025-22866,usr/local/go/pkg/tool/linux_amd64/vet,,,"Upgrade stdlib to a release that remediates CVE-2025-22866. This is a vulnerability finding, not a config-drift playbook.",2026-09-27,,2026-09-27,No,,,Moderate,,,,,,,"default, not verified",,,CVE-2025-22866,"cpg_2_B,csf_PR_PS_02,nist80053_SI-2,nist80053_RA-5,cis_7_3,cis_7_4,cis_7_7"
EGP-BCFDBD112D,"SI-2, RA-5",crypto/internal/nistec: golang: Timing sidechannel for P-256 on ppc64le in crypto/internal/nistec,"Due to the usage of a variable time instruction in the assembly implementation of an internal function, a small number of bits of secret scalars are leaked on the ppc64le architecture. Due to the way this function is used, we do not believe this leakage is enough to allow recovery of the private key when P-256 is used in any well known protocols.",vuln-scan,cve:CVE-2025-22866,whoami,,,"Upgrade stdlib to a release that remediates CVE-2025-22866. This is a vulnerability finding, not a config-drift playbook.",2026-09-27,,2026-09-27,No,,,Moderate,,,,,,,"default, not verified",,,CVE-2025-22866,"cpg_2_B,csf_PR_PS_02,nist80053_SI-2,nist80053_RA-5,cis_7_3,cis_7_4,cis_7_7"
EGP-500D71A23F,"SI-2, RA-5",crypto/tls: Handshake messages may be processed at the incorrect encryption level in crypto/tls,"During the TLS 1.3 handshake if multiple messages are sent in records that span encryption level boundaries (for instance the Client Hello and Encrypted Extensions messages), the subsequent messages may be processed before the encryption level changes. This can cause some minor information disclosure if a network-local attacker can inject messages during the handshake.",vuln-scan,cve:CVE-2025-61730,usr/local/bin/gosu,,,"Upgrade stdlib to a release that remediates CVE-2025-61730. This is a vulnerability finding, not a config-drift playbook.",2026-09-27,,2026-09-27,No,,,Moderate,,,,,,,"default, not verified",,,CVE-2025-61730,"cpg_2_B,csf_PR_PS_02,nist80053_SI-2,nist80053_RA-5,cis_7_3,cis_7_4,cis_7_7"
EGP-C7130E3A50,"SI-2, RA-5",crypto/tls: Handshake messages may be processed at the incorrect encryption level in crypto/tls,"During the TLS 1.3 handshake if multiple messages are sent in records that span encryption level boundaries (for instance the Client Hello and Encrypted Extensions messages), the subsequent messages may be processed before the encryption level changes. This can cause some minor information disclosure if a network-local attacker can inject messages during the handshake.",vuln-scan,cve:CVE-2025-61730,usr/local/go/pkg/tool/linux_amd64/vet,,,"Upgrade stdlib to a release that remediates CVE-2025-61730. This is a vulnerability finding, not a config-drift playbook.",2026-09-27,,2026-09-27,No,,,Moderate,,,,,,,"default, not verified",,,CVE-2025-61730,"cpg_2_B,csf_PR_PS_02,nist80053_SI-2,nist80053_RA-5,cis_7_3,cis_7_4,cis_7_7"
EGP-802444036F,"SI-2, RA-5",crypto/tls: Handshake messages may be processed at the incorrect encryption level in crypto/tls,"During the TLS 1.3 handshake if multiple messages are sent in records that span encryption level boundaries (for instance the Client Hello and Encrypted Extensions messages), the subsequent messages may be processed before the encryption level changes. This can cause some minor information disclosure if a network-local attacker can inject messages during the handshake.",vuln-scan,cve:CVE-2025-61730,whoami,,,"Upgrade stdlib to a release that remediates CVE-2025-61730. This is a vulnerability finding, not a config-drift playbook.",2026-09-27,,2026-09-27,No,,,Moderate,,,,,,,"default, not verified",,,CVE-2025-61730,"cpg_2_B,csf_PR_PS_02,nist80053_SI-2,nist80053_RA-5,cis_7_3,cis_7_4,cis_7_7"
EGP-C6EC1CC6C3,"SI-2, RA-5",crypto/tls: go crypto/tls ALPN negotiation error contains attacker controlled information,When Conn.Handshake fails during ALPN negotiation the error contains attacker controlled information (the ALPN protocols sent by the client) which is not escaped.,vuln-scan,cve:CVE-2025-58189,usr/local/bin/gosu,,,"Upgrade stdlib to a release that remediates CVE-2025-58189. This is a vulnerability finding, not a config-drift playbook.",2026-09-27,,2026-09-27,No,,,Moderate,,,,,,,"default, not verified",,,CVE-2025-58189,"cpg_2_B,csf_PR_PS_02,nist80053_SI-2,nist80053_RA-5,cis_7_3,cis_7_4,cis_7_7"
EGP-C65D56662F,"SI-2, RA-5",crypto/tls: go crypto/tls ALPN negotiation error contains attacker controlled information,When Conn.Handshake fails during ALPN negotiation the error contains attacker controlled information (the ALPN protocols sent by the client) which is not escaped.,vuln-scan,cve:CVE-2025-58189,usr/local/go/pkg/tool/linux_amd64/vet,,,"Upgrade stdlib to a release that remediates CVE-2025-58189. This is a vulnerability finding, not a config-drift playbook.",2026-09-27,,2026-09-27,No,,,Moderate,,,,,,,"default, not verified",,,CVE-2025-58189,"cpg_2_B,csf_PR_PS_02,nist80053_SI-2,nist80053_RA-5,cis_7_3,cis_7_4,cis_7_7"
EGP-C72557133C,"SI-2, RA-5",crypto/tls: go crypto/tls ALPN negotiation error contains attacker controlled information,When Conn.Handshake fails during ALPN negotiation the error contains attacker controlled information (the ALPN protocols sent by the client) which is not escaped.,vuln-scan,cve:CVE-2025-58189,whoami,,,"Upgrade stdlib to a release that remediates CVE-2025-58189. This is a vulnerability finding, not a config-drift playbook.",2026-09-27,,2026-09-27,No,,,Moderate,,,,,,,"default, not verified",,,CVE-2025-58189,"cpg_2_B,csf_PR_PS_02,nist80053_SI-2,nist80053_RA-5,cis_7_3,cis_7_4,cis_7_7"
EGP-7FB49F93C3,"SI-2, RA-5",crypto/tls: golang: Go crypto/tls: Information disclosure in Encrypted Client Hello,Handshakes which used Encrypted Client Hello could be de-anonymized by a passive network observer due to a disclosure of pre-shared key identities in the unencrypted client hello.,vuln-scan,cve:CVE-2026-42505,usr/local/bin/gosu,,,"Upgrade stdlib to a release that remediates CVE-2026-42505. This is a vulnerability finding, not a config-drift playbook.",2026-09-27,,2026-09-27,No,,,Moderate,,,,,,,"default, not verified",,,CVE-2026-42505,"cpg_2_B,csf_PR_PS_02,nist80053_SI-2,nist80053_RA-5,cis_7_3,cis_7_4,cis_7_7"
EGP-ACDA6E41C7,"SI-2, RA-5",crypto/tls: golang: Go crypto/tls: Information disclosure in Encrypted Client Hello,Handshakes which used Encrypted Client Hello could be de-anonymized by a passive network observer due to a disclosure of pre-shared key identities in the unencrypted client hello.,vuln-scan,cve:CVE-2026-42505,usr/local/go/pkg/tool/linux_amd64/vet,,,"Upgrade stdlib to a release that remediates CVE-2026-42505. This is a vulnerability finding, not a config-drift playbook.",2026-09-27,,2026-09-27,No,,,Moderate,,,,,,,"default, not verified",,,CVE-2026-42505,"cpg_2_B,csf_PR_PS_02,nist80053_SI-2,nist80053_RA-5,cis_7_3,cis_7_4,cis_7_7"
EGP-EBDB7C7011,"SI-2, RA-5",crypto/tls: golang: Go crypto/tls: Information disclosure in Encrypted Client Hello,Handshakes which used Encrypted Client Hello could be de-anonymized by a passive network observer due to a disclosure of pre-shared key identities in the unencrypted client hello.,vuln-scan,cve:CVE-2026-42505,whoami,,,"Upgrade stdlib to a release that remediates CVE-2026-42505. This is a vulnerability finding, not a config-drift playbook.",2026-09-27,,2026-09-27,No,,,Moderate,,,,,,,"default, not verified",,,CVE-2026-42505,"cpg_2_B,csf_PR_PS_02,nist80053_SI-2,nist80053_RA-5,cis_7_3,cis_7_4,cis_7_7"
EGP-7501224BD2,"SI-2, RA-5",crypto/x509: Quadratic complexity when checking name constraints in crypto/x509,"Due to the design of the name constraint checking algorithm, the processing time of some inputs scale non-linearly with respect to the size of the certificate. This affects programs which validate arbitrary certificate chains.",vuln-scan,cve:CVE-2025-58187,usr/local/bin/gosu,,,"Upgrade stdlib to a release that remediates CVE-2025-58187. This is a vulnerability finding, not a config-drift playbook.",2026-09-27,,2026-09-27,No,,,Moderate,,,,,,,"default, not verified",,,CVE-2025-58187,"cpg_2_B,csf_PR_PS_02,nist80053_SI-2,nist80053_RA-5,cis_7_3,cis_7_4,cis_7_7"
EGP-51DCDE8222,"SI-2, RA-5",crypto/x509: Quadratic complexity when checking name constraints in crypto/x509,"Due to the design of the name constraint checking algorithm, the processing time of some inputs scale non-linearly with respect to the size of the certificate. This affects programs which validate arbitrary certificate chains.",vuln-scan,cve:CVE-2025-58187,usr/local/go/pkg/tool/linux_amd64/vet,,,"Upgrade stdlib to a release that remediates CVE-2025-58187. This is a vulnerability finding, not a config-drift playbook.",2026-09-27,,2026-09-27,No,,,Moderate,,,,,,,"default, not verified",,,CVE-2025-58187,"cpg_2_B,csf_PR_PS_02,nist80053_SI-2,nist80053_RA-5,cis_7_3,cis_7_4,cis_7_7"
EGP-7EB77F6168,"SI-2, RA-5",crypto/x509: Quadratic complexity when checking name constraints in crypto/x509,"Due to the design of the name constraint checking algorithm, the processing time of some inputs scale non-linearly with respect to the size of the certificate. This affects programs which validate arbitrary certificate chains.",vuln-scan,cve:CVE-2025-58187,whoami,,,"Upgrade stdlib to a release that remediates CVE-2025-58187. This is a vulnerability finding, not a config-drift playbook.",2026-09-27,,2026-09-27,No,,,Moderate,,,,,,,"default, not verified",,,CVE-2025-58187,"cpg_2_B,csf_PR_PS_02,nist80053_SI-2,nist80053_RA-5,cis_7_3,cis_7_4,cis_7_7"
EGP-044C02C630,"SI-2, RA-5",crypto/x509: golang: Panic when validating certificates with DSA public keys in crypto/x509,"Validating certificate chains which contain DSA public keys can cause programs to panic, due to a interface cast that assumes they implement the Equal method. This affects programs which validate arbitrary certificate chains.",vuln-scan,cve:CVE-2025-58188,usr/local/bin/gosu,,,"Upgrade stdlib to a release that remediates CVE-2025-58188. This is a vulnerability finding, not a config-drift playbook.",2026-09-27,,2026-09-27,No,,,Moderate,,,,,,,"default, not verified",,,CVE-2025-58188,"cpg_2_B,csf_PR_PS_02,nist80053_SI-2,nist80053_RA-5,cis_7_3,cis_7_4,cis_7_7"
EGP-48D9BD6901,"SI-2, RA-5",crypto/x509: golang: Panic when validating certificates with DSA public keys in crypto/x509,"Validating certificate chains which contain DSA public keys can cause programs to panic, due to a interface cast that assumes they implement the Equal method. This affects programs which validate arbitrary certificate chains.",vuln-scan,cve:CVE-2025-58188,usr/local/go/pkg/tool/linux_amd64/vet,,,"Upgrade stdlib to a release that remediates CVE-2025-58188. This is a vulnerability finding, not a config-drift playbook.",2026-09-27,,2026-09-27,No,,,Moderate,,,,,,,"default, not verified",,,CVE-2025-58188,"cpg_2_B,csf_PR_PS_02,nist80053_SI-2,nist80053_RA-5,cis_7_3,cis_7_4,cis_7_7"
EGP-F4AFB2FB85,"SI-2, RA-5",crypto/x509: golang: Panic when validating certificates with DSA public keys in crypto/x509,"Validating certificate chains which contain DSA public keys can cause programs to panic, due to a interface cast that assumes they implement the Equal method. This affects programs which validate arbitrary certificate chains.",vuln-scan,cve:CVE-2025-58188,whoami,,,"Upgrade stdlib to a release that remediates CVE-2025-58188. This is a vulnerability finding, not a config-drift playbook.",2026-09-27,,2026-09-27,No,,,Moderate,,,,,,,"default, not verified",,,CVE-2025-58188,"cpg_2_B,csf_PR_PS_02,nist80053_SI-2,nist80053_RA-5,cis_7_3,cis_7_4,cis_7_7"
EGP-CD08E2DC1E,"SI-2, RA-5",cryptography: Cryptography: Buffer overflow via non-contiguous buffer in API,"cryptography is a package designed to expose cryptographic primitives and recipes to Python developers. From 45.0.0 to before 46.0.7, if a non-contiguous buffer was passed to APIs which accepted Python buffers (e.g. Hash.update()), this could lead to buffer overflows. This vulnerability is fixed in 46.0.7.",vuln-scan,cve:CVE-2026-39892,Python,,,"Upgrade cryptography to a release that remediates CVE-2026-39892. This is a vulnerability finding, not a config-drift playbook.",2026-09-27,,2026-09-27,No,,,Moderate,,,,,,,"default, not verified",,,CVE-2026-39892,"cpg_2_B,csf_PR_PS_02,nist80053_SI-2,nist80053_RA-5,cis_7_3,cis_7_4,cis_7_7"
EGP-AE9A8BC415,"SI-2, RA-5",curl: curl: Cookie injection via malicious HTTP server using super cookies,"A flaw in curl’s cookie parsing logic allows a malicious HTTP server to set
""super cookies"" that bypass the Public Suffix List check. This enables an
attacker-controlled origin to inject cookies that curl subsequently scopes and
transmits to unrelated third-party domains.",vuln-scan,cve:CVE-2026-8924,httpd:2.4-alpine (alpine 3.24.1),,,"Upgrade libcurl to a release that remediates CVE-2026-8924. This is a vulnerability finding, not a config-drift playbook.",2026-09-27,,2026-09-27,No,,,Moderate,,,,,,,"default, not verified",,,CVE-2026-8924,"cpg_2_B,csf_PR_PS_02,nist80053_SI-2,nist80053_RA-5,cis_7_3,cis_7_4,cis_7_7"
EGP-A0DFEE5EE0,"SI-2, RA-5",curl: curl: Information disclosure via incorrect .netrc password lookup,"When asking curl to use a `.netrc` file to find credentials and at the same
time specifying a URL with a username (without a password), like
`https://user@example.com/`, curl could wrongly get and use the password for
*another* user set in the `.netrc` file for that host if such a one exists and
there is no match for the specified user.",vuln-scan,cve:CVE-2026-8926,httpd:2.4-alpine (alpine 3.24.1),,,"Upgrade libcurl to a release that remediates CVE-2026-8926. This is a vulnerability finding, not a config-drift playbook.",2026-09-27,,2026-09-27,No,,,Moderate,,,,,,,"default, not verified",,,CVE-2026-8926,"cpg_2_B,csf_PR_PS_02,nist80053_SI-2,nist80053_RA-5,cis_7_3,cis_7_4,cis_7_7"
EGP-8922211061,"SI-2, RA-5",curl: curl: Information disclosure via incorrect Digest authentication header reuse,"Successfully using libcurl to do a transfer to a specific HTTP origin
(`hostA`) with **Digest** authentication and then changing the origin to a
different one (`hostB`) for a second transfer, reusing the same handle, makes
libcurl wrongly pass on the `[REDACTED] header field meant for `hostA`,
to `hostB`.",vuln-scan,cve:CVE-2026-11856,httpd:2.4-alpine (alpine 3.24.1),,,"Upgrade libcurl to a release that remediates CVE-2026-11856. This is a vulnerability finding, not a config-drift playbook.",2026-09-27,,2026-09-27,No,,,Moderate,,,,,,,"default, not verified",,,CVE-2026-11856,"cpg_2_B,csf_PR_PS_02,nist80053_SI-2,nist80053_RA-5,cis_7_3,cis_7_4,cis_7_7"
EGP-ECC680DBF2,"SI-2, RA-5",curl: curl: Public key pinning bypass allows unauthenticated connections,"When `CURLOPT_PINNEDPUBLICKEY` is configured alongside options that disable
standard peer verification (`CURLOPT_SSL_VERIFYPEER = 0` and
`CURLOPT_SSL_VERIFYHOST = 0`), libcurl fails to enforce public key pinning on
connections established without a presented server certificate. Bypassing the
pinning check under these disabled-verification conditions allows
unauthenticated connections to succeed when they should be rejected.",vuln-scan,cve:CVE-2026-80230,mongo:7 (ubuntu 22.04),,,"Upgrade libcurl4 to a release that remediates CVE-2026-80230. This is a vulnerability finding, not a config-drift playbook.",2026-09-27,,2026-09-27,No,,,Moderate,,,,,,,"default, not verified",,,CVE-2026-80230,"cpg_2_B,csf_PR_PS_02,nist80053_SI-2,nist80053_RA-5,cis_7_3,cis_7_4,cis_7_7"
EGP-F3C5855E76,"SI-2, RA-5",curl: libcurl: Curl out of bounds read for cookie path,"1. A cookie is set using the `secure` keyword for `https://target`
2. curl is redirected to or otherwise made to speak with `http://target` (same
   hostname, but using clear text HTTP) using the same cookie set
3. The same cookie name is set - but with only a slash as path (`path=""/""`).
   Since this site is not secure, the cookie *should* be ignored.
4. A bug in the path comparison logic makes curl read outside a heap buffer
   boundary

The bug either causes a crash or it potentially makes the comparison come to
the wrong conclusion and lets the clear-text site override the contents of the
secure cookie, contrary to expectations and depending on the memory contents
immediately following the single-byte allocation that holds the path.

The presumed and correct behavior would be to plainly ignore the second set of
the cookie since it was already set as secure on a secure host so overriding
it on an insecure host should not be okay.",vuln-scan,cve:CVE-2025-9086,nginx:1.27-alpine (alpine 3.21.3),,,"Upgrade curl to a release that remediates CVE-2025-9086. This is a vulnerability finding, not a config-drift playbook.",2026-09-27,,2026-09-27,No,,,Moderate,,,,,,,"default, not verified",,,CVE-2025-9086,"cpg_2_B,csf_PR_PS_02,nist80053_SI-2,nist80053_RA-5,cis_7_3,cis_7_4,cis_7_7"
EGP-7ACB1F15FE,"SI-2, RA-5",curl: libcurl: Improper certificate validation when using wolfSSL CA cache,"With the wolfSSL backend, when CA caching is enabled and an
`CURLOPT_SSL_CTX_FUNCTION` callback replaces the trust store, libcurl can
silently reinstall the cached store after the callback returns. A certificate
trusted by the cached store but rejected by the callback-selected store is
then incorrectly accepted.",vuln-scan,cve:CVE-2026-82208,httpd:2.4-alpine (alpine 3.24.1),,,"Upgrade libcurl to a release that remediates CVE-2026-82208. This is a vulnerability finding, not a config-drift playbook.",2026-09-27,,2026-09-27,No,,,Moderate,,,,,,,"default, not verified",,,CVE-2026-82208,"cpg_2_B,csf_PR_PS_02,nist80053_SI-2,nist80053_RA-5,cis_7_3,cis_7_4,cis_7_7"
EGP-44A43A9B7B,"SI-2, RA-5",curl: libcurl: Information disclosure via improper Public Suffix List boundary check,"When libpsl support is enabled, libcurl fails to enforce the Public Suffix
List boundary check when processing a `Set-Cookie` header where the `Domain`
attribute explicitly matches an origin host that is itself a public suffix
(e.g., `Domain=co.uk` set by `co.uk`).

Instead of coercing it into a strict host-only cookie, libcurl saves the
cookie with wildcard domain scope (`.co.uk`). Consequently, the cookie is
inappropriately included in subsequent outbound requests or HTTP redirects to
arbitrary sibling subdomains under the same public suffix (e.g.,
`attacker.co.uk`).",vuln-scan,cve:CVE-2026-82209,mongo:7 (ubuntu 22.04),,,"Upgrade libcurl4 to a release that remediates CVE-2026-82209. This is a vulnerability finding, not a config-drift playbook.",2026-09-27,,2026-09-27,No,,,Moderate,,,,,,,"default, not verified",,,CVE-2026-82209,"cpg_2_B,csf_PR_PS_02,nist80053_SI-2,nist80053_RA-5,cis_7_3,cis_7_4,cis_7_7"
EGP-758C7001C7,"SI-2, RA-5",curl: libcurl: Information disclosure via incorrect connection reuse with Negotiate authentication,"A flaw in libcurl makes it wrongly reuse an HTTP connection setup for a given
hostname using Negotiate authentication, when the initial request is done
using empty credentials. This can make user B's request get sent over user A's
previously authenticated connection.",vuln-scan,cve:CVE-2026-19931,httpd:2.4-alpine (alpine 3.24.1),,,"Upgrade libcurl to a release that remediates CVE-2026-19931. This is a vulnerability finding, not a config-drift playbook.",2026-09-27,,2026-09-27,No,,,Moderate,,,,,,,"default, not verified",,,CVE-2026-19931,"cpg_2_B,csf_PR_PS_02,nist80053_SI-2,nist80053_RA-5,cis_7_3,cis_7_4,cis_7_7"
EGP-C5438AE883,"SI-2, RA-5",curl: libcurl: QUIC Certificate Pinning Bypass,"libcurl supports *pinning* of the server certificate public key for HTTPS transfers. Due to an omission, this check is not performed when connecting with QUIC for HTTP/3, when the TLS backend is wolfSSL. Documentation says the option works with wolfSSL, failing to specify that it does not for QUIC and HTTP/3. Since pinning makes the transfer succeed if the pin is fine, users could unwittingly connect to an impostor server without noticing.",vuln-scan,cve:CVE-2025-5025,nginx:1.27-alpine (alpine 3.21.3),,,"Upgrade curl to a release that remediates CVE-2025-5025. This is a vulnerability finding, not a config-drift playbook.",2026-09-27,,2026-09-27,No,,,Moderate,,,,,,,"default, not verified",,,CVE-2025-5025,"cpg_2_B,csf_PR_PS_02,nist80053_SI-2,nist80053_RA-5,cis_7_3,cis_7_4,cis_7_7"
EGP-5C616AE558,"SI-2, RA-5",curl: libcurl: Use-after-free in HTTP/2 Server Push with shared connections,"A flaw in libcurl's handling of HTTP/2 Server Push streams, when the parent
handle is set to share connections with other handles, can lead to
use-after-free in the cleanup process.",vuln-scan,cve:CVE-2026-18924,mongo:7 (ubuntu 22.04),,,"Upgrade libcurl4 to a release that remediates CVE-2026-18924. This is a vulnerability finding, not a config-drift playbook.",2026-09-27,,2026-09-27,No,,,Moderate,,,,,,,"default, not verified",,,CVE-2026-18924,"cpg_2_B,csf_PR_PS_02,nist80053_SI-2,nist80053_RA-5,cis_7_3,cis_7_4,cis_7_7"
EGP-99C9D594F2,"SI-2, RA-5",curl: libcurl: WebSocket endless loop,"Due to a mistake in libcurl's WebSocket code, a malicious server can send a
particularly crafted packet which makes libcurl get trapped in an endless
busy-loop.

There is no other way for the application to escape or exit this loop other
than killing the thread/process.

This might be used to DoS libcurl-using application.",vuln-scan,cve:CVE-2025-5399,nginx:1.27-alpine (alpine 3.21.3),,,"Upgrade curl to a release that remediates CVE-2025-5399. This is a vulnerability finding, not a config-drift playbook.",2026-09-27,,2026-09-27,No,,,Moderate,,,,,,,"default, not verified",,,CVE-2025-5399,"cpg_2_B,csf_PR_PS_02,nist80053_SI-2,nist80053_RA-5,cis_7_3,cis_7_4,cis_7_7"
EGP-1D8967A66C,"SI-2, RA-5",database/sql: Postgres Scan Race Condition,"Cancelling a query (e.g. by cancelling the context passed to one of the query methods) during a call to the Scan method of the returned Rows can result in unexpected results if other queries are being made in parallel. This can result in a race condition that may overwrite the expected results with those of another query, causing the call to Scan to return either unexpected results from the other query or an error.",vuln-scan,cve:CVE-2025-47907,usr/local/go/pkg/tool/linux_amd64/vet,,,"Upgrade stdlib to a release that remediates CVE-2025-47907. This is a vulnerability finding, not a config-drift playbook.",2026-09-27,,2026-09-27,No,,,Moderate,,,,,,,"default, not verified",,,CVE-2025-47907,"cpg_2_B,csf_PR_PS_02,nist80053_SI-2,nist80053_RA-5,cis_7_3,cis_7_4,cis_7_7"
EGP-03ED3D1325,"SI-2, RA-5",database/sql: Postgres Scan Race Condition,"Cancelling a query (e.g. by cancelling the context passed to one of the query methods) during a call to the Scan method of the returned Rows can result in unexpected results if other queries are being made in parallel. This can result in a race condition that may overwrite the expected results with those of another query, causing the call to Scan to return either unexpected results from the other query or an error.",vuln-scan,cve:CVE-2025-47907,whoami,,,"Upgrade stdlib to a release that remediates CVE-2025-47907. This is a vulnerability finding, not a config-drift playbook.",2026-09-27,,2026-09-27,No,,,Moderate,,,,,,,"default, not verified",,,CVE-2025-47907,"cpg_2_B,csf_PR_PS_02,nist80053_SI-2,nist80053_RA-5,cis_7_3,cis_7_4,cis_7_7"
EGP-BEFC89CE9A,"SI-2, RA-5",encoding/asn1: Parsing DER payload can cause memory exhaustion in encoding/asn1,"Parsing a maliciously crafted DER payload could allocate large amounts of memory, causing memory exhaustion.",vuln-scan,cve:CVE-2025-58185,usr/local/bin/gosu,,,"Upgrade stdlib to a release that remediates CVE-2025-58185. This is a vulnerability finding, not a config-drift playbook.",2026-09-27,,2026-09-27,No,,,Moderate,,,,,,,"default, not verified",,,CVE-2025-58185,"cpg_2_B,csf_PR_PS_02,nist80053_SI-2,nist80053_RA-5,cis_7_3,cis_7_4,cis_7_7"
EGP-9AEFA1A923,"SI-2, RA-5",encoding/asn1: Parsing DER payload can cause memory exhaustion in encoding/asn1,"Parsing a maliciously crafted DER payload could allocate large amounts of memory, causing memory exhaustion.",vuln-scan,cve:CVE-2025-58185,usr/local/go/pkg/tool/linux_amd64/vet,,,"Upgrade stdlib to a release that remediates CVE-2025-58185. This is a vulnerability finding, not a config-drift playbook.",2026-09-27,,2026-09-27,No,,,Moderate,,,,,,,"default, not verified",,,CVE-2025-58185,"cpg_2_B,csf_PR_PS_02,nist80053_SI-2,nist80053_RA-5,cis_7_3,cis_7_4,cis_7_7"
EGP-0BFA7836A6,"SI-2, RA-5",encoding/asn1: Parsing DER payload can cause memory exhaustion in encoding/asn1,"Parsing a maliciously crafted DER payload could allocate large amounts of memory, causing memory exhaustion.",vuln-scan,cve:CVE-2025-58185,whoami,,,"Upgrade stdlib to a release that remediates CVE-2025-58185. This is a vulnerability finding, not a config-drift playbook.",2026-09-27,,2026-09-27,No,,,Moderate,,,,,,,"default, not verified",,,CVE-2025-58185,"cpg_2_B,csf_PR_PS_02,nist80053_SI-2,nist80053_RA-5,cis_7_3,cis_7_4,cis_7_7"
EGP-33DC16B513,"SI-2, RA-5",encoding/pem: Quadratic complexity when parsing some invalid inputs in encoding/pem,The processing time for parsing some invalid inputs scales non-linearly with respect to the size of the input. This affects programs which parse untrusted PEM inputs.,vuln-scan,cve:CVE-2025-61723,usr/local/bin/gosu,,,"Upgrade stdlib to a release that remediates CVE-2025-61723. This is a vulnerability finding, not a config-drift playbook.",2026-09-27,,2026-09-27,No,,,Moderate,,,,,,,"default, not verified",,,CVE-2025-61723,"cpg_2_B,csf_PR_PS_02,nist80053_SI-2,nist80053_RA-5,cis_7_3,cis_7_4,cis_7_7"
EGP-3A93F5B512,"SI-2, RA-5",encoding/pem: Quadratic complexity when parsing some invalid inputs in encoding/pem,The processing time for parsing some invalid inputs scales non-linearly with respect to the size of the input. This affects programs which parse untrusted PEM inputs.,vuln-scan,cve:CVE-2025-61723,usr/local/go/pkg/tool/linux_amd64/vet,,,"Upgrade stdlib to a release that remediates CVE-2025-61723. This is a vulnerability finding, not a config-drift playbook.",2026-09-27,,2026-09-27,No,,,Moderate,,,,,,,"default, not verified",,,CVE-2025-61723,"cpg_2_B,csf_PR_PS_02,nist80053_SI-2,nist80053_RA-5,cis_7_3,cis_7_4,cis_7_7"
EGP-66C26BC202,"SI-2, RA-5",encoding/pem: Quadratic complexity when parsing some invalid inputs in encoding/pem,The processing time for parsing some invalid inputs scales non-linearly with respect to the size of the input. This affects programs which parse untrusted PEM inputs.,vuln-scan,cve:CVE-2025-61723,whoami,,,"Upgrade stdlib to a release that remediates CVE-2025-61723. This is a vulnerability finding, not a config-drift playbook.",2026-09-27,,2026-09-27,No,,,Moderate,,,,,,,"default, not verified",,,CVE-2025-61723,"cpg_2_B,csf_PR_PS_02,nist80053_SI-2,nist80053_RA-5,cis_7_3,cis_7_4,cis_7_7"
EGP-97AF8CF9C8,"SI-2, RA-5",expat: Stack exhaustion in doctype parsing,"In Expat (aka libexpat) before 2.4.5, an attacker can trigger stack exhaustion in build_model via a large nesting depth in the DTD element.",vuln-scan,cve:CVE-2022-25313,dperson/samba:latest (alpine 3.12.0),,,"Upgrade expat to a release that remediates CVE-2022-25313. This is a vulnerability finding, not a config-drift playbook.",2026-09-27,,2026-09-27,No,,,Moderate,,,,,,,"default, not verified",,,CVE-2022-25313,"cpg_2_B,csf_PR_PS_02,nist80053_SI-2,nist80053_RA-5,cis_7_3,cis_7_4,cis_7_7"
EGP-03F9CAE7A1,"SI-2, RA-5",expat: libexpat: Arbitrary Code Execution via Heap-based Buffer Overflow,"In libexpat before 2.8.2, there is a heap-based buffer overflow in doProlog in xmlparse.c because scaffold backing array reallocation is mishandled when there is data-structure sharing across parsers.",vuln-scan,cve:CVE-2026-56132,httpd:2.4-alpine (alpine 3.24.1),,,"Upgrade libexpat to a release that remediates CVE-2026-56132. This is a vulnerability finding, not a config-drift playbook.",2026-09-27,,2026-09-27,No,,,Moderate,,,,,,,"default, not verified",,,CVE-2026-56132,"cpg_2_B,csf_PR_PS_02,nist80053_SI-2,nist80053_RA-5,cis_7_3,cis_7_4,cis_7_7"
EGP-0C62973795,"SI-2, RA-5",expat: libexpat: Arbitrary Code Execution via Heap-based Buffer Overflow,"In libexpat before 2.8.2, there is a heap-based buffer overflow in doProlog in xmlparse.c because scaffold backing array reallocation is mishandled when there is data-structure sharing across parsers.",vuln-scan,cve:CVE-2026-56132,nginx:1.27-alpine (alpine 3.21.3),,,"Upgrade libexpat to a release that remediates CVE-2026-56132. This is a vulnerability finding, not a config-drift playbook.",2026-09-27,,2026-09-27,No,,,Moderate,,,,,,,"default, not verified",,,CVE-2026-56132,"cpg_2_B,csf_PR_PS_02,nist80053_SI-2,nist80053_RA-5,cis_7_3,cis_7_4,cis_7_7"
EGP-C810CE1A9A,"SI-2, RA-5",expat: libexpat: Integer Overflow Vulnerability Leading to Information Disclosure or Code Execution,xmlwf in libexpat before 2.8.2 has an integer overflow in endDoctypeDecl via NOTATION declarations.,vuln-scan,cve:CVE-2026-56411,httpd:2.4-alpine (alpine 3.24.1),,,"Upgrade libexpat to a release that remediates CVE-2026-56411. This is a vulnerability finding, not a config-drift playbook.",2026-09-27,,2026-09-27,No,,,Moderate,,,,,,,"default, not verified",,,CVE-2026-56411,"cpg_2_B,csf_PR_PS_02,nist80053_SI-2,nist80053_RA-5,cis_7_3,cis_7_4,cis_7_7"
EGP-AD060B0213,"SI-2, RA-5",expat: libexpat: Integer Overflow Vulnerability Leading to Information Disclosure or Code Execution,xmlwf in libexpat before 2.8.2 has an integer overflow in endDoctypeDecl via NOTATION declarations.,vuln-scan,cve:CVE-2026-56411,nginx:1.27-alpine (alpine 3.21.3),,,"Upgrade libexpat to a release that remediates CVE-2026-56411. This is a vulnerability finding, not a config-drift playbook.",2026-09-27,,2026-09-27,No,,,Moderate,,,,,,,"default, not verified",,,CVE-2026-56411,"cpg_2_B,csf_PR_PS_02,nist80053_SI-2,nist80053_RA-5,cis_7_3,cis_7_4,cis_7_7"
EGP-6A11284B59,"SI-2, RA-5",expat: libexpat: Use-after-free vulnerability due to improper handler call depth tracking,"libexpat before 2.8.2 lacks handler call depth tracking for calls to XML_GetBuffer, XML_Parse, XML_ParseBuffer, XML_ParserFree, or XML_ParserReset from within handlers in cases of a policy violation. Thus, a use-after-free can occur,",vuln-scan,cve:CVE-2026-50219,httpd:2.4-alpine (alpine 3.24.1),,,"Upgrade libexpat to a release that remediates CVE-2026-50219. This is a vulnerability finding, not a config-drift playbook.",2026-09-27,,2026-09-27,No,,,Moderate,,,,,,,"default, not verified",,,CVE-2026-50219,"cpg_2_B,csf_PR_PS_02,nist80053_SI-2,nist80053_RA-5,cis_7_3,cis_7_4,cis_7_7"
EGP-2FB0F22D16,"SI-2, RA-5",expat: libexpat: Use-after-free vulnerability due to improper handler call depth tracking,"libexpat before 2.8.2 lacks handler call depth tracking for calls to XML_GetBuffer, XML_Parse, XML_ParseBuffer, XML_ParserFree, or XML_ParserReset from within handlers in cases of a policy violation. Thus, a use-after-free can occur,",vuln-scan,cve:CVE-2026-50219,nginx:1.27-alpine (alpine 3.21.3),,,"Upgrade libexpat to a release that remediates CVE-2026-50219. This is a vulnerability finding, not a config-drift playbook.",2026-09-27,,2026-09-27,No,,,Moderate,,,,,,,"default, not verified",,,CVE-2026-50219,"cpg_2_B,csf_PR_PS_02,nist80053_SI-2,nist80053_RA-5,cis_7_3,cis_7_4,cis_7_7"
EGP-D640044F84,"SI-2, RA-5",glibc: Buffer Overflow in strfmon right-justification padding,"Calling strfmon and strfmon_l in the GNU C Library version 2.38 to 2.44 can write past the end of the caller-supplied output buffer when a conversion uses right-justified width padding.

Exploitation requires an application code path that calls strfmon or strfmon_l with right-justified width padding into a destination buffer that is large enough for the padding to succeed but too small for the internal memmove call. The field width or format may be attacker-influenced or a fixed susceptible pattern in the caller.

At the time of publication, no network-facing application impact is known.",vuln-scan,cve:CVE-2026-19499,stilliard/pure-ftpd:latest (debian 13.6),,,"Upgrade libc-bin to a release that remediates CVE-2026-19499. This is a vulnerability finding, not a config-drift playbook.",2026-09-27,,2026-09-27,No,,,Moderate,,,,,,,"default, not verified",,,CVE-2026-19499,"cpg_2_B,csf_PR_PS_02,nist80053_SI-2,nist80053_RA-5,cis_7_3,cis_7_4,cis_7_7"
EGP-2CFF265482,"SI-2, RA-5",glibc: Fix out-of-bounds array write in tdelete,"Calling tdelete on a sufficiently deep tree in the GNU C Library version 2.1 to 2.44 may write one pointer past the end of an alloca-allocated array on the stack, which may crash the application.

The tdelete implementation keeps an explicit stack of parent nodes for rebalancing, which is grown as needed while descending the tree.  Two rebalancing branches push an additional entry without checking the capacity, and write past the array when the stack is exactly full. Triggering this requires a node at a depth of exactly 40 (or 40 plus a multiple of 20), which implies a tree with at least a million nodes, so an attacker must drive a large number of insertions and deletions through an application that uses tsearch and tdelete.  The written value is a pointer into a tree node and is not directly attacker controlled.  No affected application in common distributions has been identified.",vuln-scan,cve:CVE-2026-19542,mongo:7 (ubuntu 22.04),,,"Upgrade libc-bin to a release that remediates CVE-2026-19542. This is a vulnerability finding, not a config-drift playbook.",2026-09-27,,2026-09-27,No,,,Moderate,,,,,,,"default, not verified",,,CVE-2026-19542,"cpg_2_B,csf_PR_PS_02,nist80053_SI-2,nist80053_RA-5,cis_7_3,cis_7_4,cis_7_7"
EGP-F4DDBDA664,"SI-2, RA-5",glibc: Fix out-of-bounds array write in tdelete,"Calling tdelete on a sufficiently deep tree in the GNU C Library version 2.1 to 2.44 may write one pointer past the end of an alloca-allocated array on the stack, which may crash the application.

The tdelete implementation keeps an explicit stack of parent nodes for rebalancing, which is grown as needed while descending the tree.  Two rebalancing branches push an additional entry without checking the capacity, and write past the array when the stack is exactly full. Triggering this requires a node at a depth of exactly 40 (or 40 plus a multiple of 20), which implies a tree with at least a million nodes, so an attacker must drive a large number of insertions and deletions through an application that uses tsearch and tdelete.  The written value is a pointer into a tree node and is not directly attacker controlled.  No affected application in common distributions has been identified.",vuln-scan,cve:CVE-2026-19542,stilliard/pure-ftpd:latest (debian 13.6),,,"Upgrade libc-bin to a release that remediates CVE-2026-19542. This is a vulnerability finding, not a config-drift playbook.",2026-09-27,,2026-09-27,No,,,Moderate,,,,,,,"default, not verified",,,CVE-2026-19542,"cpg_2_B,csf_PR_PS_02,nist80053_SI-2,nist80053_RA-5,cis_7_3,cis_7_4,cis_7_7"
EGP-4D5E75FFB7,"SI-2, RA-5",glibc: Glibc: Denial of Service via stack exhaustion during tilde expansion,"When expanding paths that begin with a tilde (~) followed by a username, the internal parse_tilde function extracts the username to determine the user's home directory.  The implementation allocates memory for this username directly on the stack using the strndupa macro. Because the size of this allocation was determined by the length of the user-supplied input without any bounds checks, passing an excessively long username e.g. thousands of characters, forces the thread to exhaust its stack space. Thus if an application passes untrusted, attacker-controlled input to the wordexp function, an attacker can trigger a stack clash.",vuln-scan,cve:CVE-2026-6791,mongo:7 (ubuntu 22.04),,,"Upgrade libc-bin to a release that remediates CVE-2026-6791. This is a vulnerability finding, not a config-drift playbook.",2026-09-27,,2026-09-27,No,,,Moderate,,,,,,,"default, not verified",,,CVE-2026-6791,"cpg_2_B,csf_PR_PS_02,nist80053_SI-2,nist80053_RA-5,cis_7_3,cis_7_4,cis_7_7"
EGP-D0F02B0EBA,"SI-2, RA-5",glibc: Glibc: Denial of Service via stack exhaustion during tilde expansion,"When expanding paths that begin with a tilde (~) followed by a username, the internal parse_tilde function extracts the username to determine the user's home directory.  The implementation allocates memory for this username directly on the stack using the strndupa macro. Because the size of this allocation was determined by the length of the user-supplied input without any bounds checks, passing an excessively long username e.g. thousands of characters, forces the thread to exhaust its stack space. Thus if an application passes untrusted, attacker-controlled input to the wordexp function, an attacker can trigger a stack clash.",vuln-scan,cve:CVE-2026-6791,stilliard/pure-ftpd:latest (debian 13.6),,,"Upgrade libc-bin to a release that remediates CVE-2026-6791. This is a vulnerability finding, not a config-drift playbook.",2026-09-27,,2026-09-27,No,,,Moderate,,,,,,,"default, not verified",,,CVE-2026-6791,"cpg_2_B,csf_PR_PS_02,nist80053_SI-2,nist80053_RA-5,cis_7_3,cis_7_4,cis_7_7"
EGP-76C8281D26,"SI-2, RA-5",glibc: Non-progress DoS in EUC_JISX0213 -> UCS-4 conversion state,"Converting crafted EUC_JISX0213 input to UCS-4 or the internal wide character encoding, for example with iconv, in the GNU C Library version 2.3 to 2.44 may result in the converter making no progress, causing the calling application to hang.

Some EUC_JISX0213 sequences decode to two code points.  If the output buffer has room for only the first one, the converter stores the second in the conversion state and returns E2BIG, but it never clears that pending character after emitting it on the next call.  The converter then keeps emitting the pending character without consuming further input, so an application that retries the conversion loops forever. The input must be attacker controlled and the application must convert it with an output buffer small enough to split the two code points. Only the EUC_JISX0213 character set is affected, which is not commonly used.  The related defect in SHIFT_JISX0213 converter is tracked separately as CVE-2026-77117.",vuln-scan,cve:CVE-2026-80489,mongo:7 (ubuntu 22.04),,,"Upgrade libc-bin to a release that remediates CVE-2026-80489. This is a vulnerability finding, not a config-drift playbook.",2026-09-27,,2026-09-27,No,,,Moderate,,,,,,,"default, not verified",,,CVE-2026-80489,"cpg_2_B,csf_PR_PS_02,nist80053_SI-2,nist80053_RA-5,cis_7_3,cis_7_4,cis_7_7"
EGP-EF6F683AA8,"SI-2, RA-5",glibc: Non-progress DoS in EUC_JISX0213 -> UCS-4 conversion state,"Converting crafted EUC_JISX0213 input to UCS-4 or the internal wide character encoding, for example with iconv, in the GNU C Library version 2.3 to 2.44 may result in the converter making no progress, causing the calling application to hang.

Some EUC_JISX0213 sequences decode to two code points.  If the output buffer has room for only the first one, the converter stores the second in the conversion state and returns E2BIG, but it never clears that pending character after emitting it on the next call.  The converter then keeps emitting the pending character without consuming further input, so an application that retries the conversion loops forever. The input must be attacker controlled and the application must convert it with an output buffer small enough to split the two code points. Only the EUC_JISX0213 character set is affected, which is not commonly used.  The related defect in SHIFT_JISX0213 converter is tracked separately as CVE-2026-77117.",vuln-scan,cve:CVE-2026-80489,stilliard/pure-ftpd:latest (debian 13.6),,,"Upgrade libc-bin to a release that remediates CVE-2026-80489. This is a vulnerability finding, not a config-drift playbook.",2026-09-27,,2026-09-27,No,,,Moderate,,,,,,,"default, not verified",,,CVE-2026-80489,"cpg_2_B,csf_PR_PS_02,nist80053_SI-2,nist80053_RA-5,cis_7_3,cis_7_4,cis_7_7"
EGP-7315296E9A,"SI-2, RA-5",glibc: Non-progress DoS in SHIFT_JISX0213 -&gt,"Converting crafted SHIFT_JISX0213 input to UCS-4 or the internal wide character encoding, for example with iconv, in the GNU C Library version 2.3 to 2.44 may result in the converter making no progress, causing the calling application to hang.

Some SHIFT_JISX0213 sequences decode to two code points.  If the output buffer has room for only the first one, the converter stores the second in the conversion state and returns E2BIG, but it never clears that pending character after emitting it on the next call.  The converter then keeps emitting the pending character without consuming further input, so an application that retries the conversion loops forever. The input must be attacker controlled and the application must convert it with an output buffer small enough to split the two code points. Only the SHIFT_JISX0213 character set is affected, which is not commonly used.  The related defect in the EUC_JISX0213 converter is tracked separately as CVE-2026-80489.",vuln-scan,cve:CVE-2026-77117,mongo:7 (ubuntu 22.04),,,"Upgrade libc-bin to a release that remediates CVE-2026-77117. This is a vulnerability finding, not a config-drift playbook.",2026-09-27,,2026-09-27,No,,,Moderate,,,,,,,"default, not verified",,,CVE-2026-77117,"cpg_2_B,csf_PR_PS_02,nist80053_SI-2,nist80053_RA-5,cis_7_3,cis_7_4,cis_7_7"
EGP-BF017AC6CA,"SI-2, RA-5",glibc: Non-progress DoS in SHIFT_JISX0213 -&gt,"Converting crafted SHIFT_JISX0213 input to UCS-4 or the internal wide character encoding, for example with iconv, in the GNU C Library version 2.3 to 2.44 may result in the converter making no progress, causing the calling application to hang.

Some SHIFT_JISX0213 sequences decode to two code points.  If the output buffer has room for only the first one, the converter stores the second in the conversion state and returns E2BIG, but it never clears that pending character after emitting it on the next call.  The converter then keeps emitting the pending character without consuming further input, so an application that retries the conversion loops forever. The input must be attacker controlled and the application must convert it with an output buffer small enough to split the two code points. Only the SHIFT_JISX0213 character set is affected, which is not commonly used.  The related defect in the EUC_JISX0213 converter is tracked separately as CVE-2026-80489.",vuln-scan,cve:CVE-2026-77117,stilliard/pure-ftpd:latest (debian 13.6),,,"Upgrade libc-bin to a release that remediates CVE-2026-77117. This is a vulnerability finding, not a config-drift playbook.",2026-09-27,,2026-09-27,No,,,Moderate,,,,,,,"default, not verified",,,CVE-2026-77117,"cpg_2_B,csf_PR_PS_02,nist80053_SI-2,nist80053_RA-5,cis_7_3,cis_7_4,cis_7_7"
EGP-9553B05328,"SI-2, RA-5",glibc: glibc DNS stub resolver: Denial of Service via long search domain in configuration,"Initializing the DNS stub resolver from an /etc/resolv.conf file, or a LOCALDOMAIN environment variable, whose search list contains a domain of roughly 200 characters or more in the GNU C Library version 2.26 to 2.44 results in an assertion failure which aborts the process.

The resolver truncates the search list when copying it into the fixed-size _res.defdname buffer, then asserts that the copy is consistent with the full configuration.  The consistency check compared against the wrong size and did not handle a first entry that does not fit, so a correctly truncated list failed the assertion.  Any process that resolves names through the library is affected, including long-running processes that reload /etc/resolv.conf on the next query after it changes.  Search domains are commonly written to /etc/resolv.conf from data received over DHCP or from a VPN server, so an attacker on the local network may be able to trigger this without privileges on the target system, subject to validation by the network configuration software.",vuln-scan,cve:CVE-2026-8674,stilliard/pure-ftpd:latest (debian 13.6),,,"Upgrade libc-bin to a release that remediates CVE-2026-8674. This is a vulnerability finding, not a config-drift playbook.",2026-09-27,,2026-09-27,No,,,Moderate,,,,,,,"default, not verified",,,CVE-2026-8674,"cpg_2_B,csf_PR_PS_02,nist80053_SI-2,nist80053_RA-5,cis_7_3,cis_7_4,cis_7_7"
EGP-41400480F9,"SI-2, RA-5",glibc: glibc: Application crash or uninitialized memory read via crafted DNS response,"The deprecated functions ns_printrrf, ns_printrr and fp_nquery in the GNU C Library version 2.0.1 to version 2.43 fail to validate the RDATA content against the RDATA length in a DNS response when processing A6, CERT, LOC, TKEY or TSIG records, which may allow an attacker to craft a DNS response, causing a target application to crash or read uninitialized memory.

These functions are for application debugging only and hence not in the path of code executed by the DNS resolver.  Further, they have been deprecated since version 2.34 and should not be used by any new applications.  Applications should consider porting away from these interfaces since they may be removed in future versions.",vuln-scan,cve:CVE-2026-6238,stilliard/pure-ftpd:latest (debian 13.6),,,"Upgrade libc-bin to a release that remediates CVE-2026-6238. This is a vulnerability finding, not a config-drift playbook.",2026-09-27,,2026-09-27,No,,,Moderate,,,,,,,"default, not verified",,,CVE-2026-6238,"cpg_2_B,csf_PR_PS_02,nist80053_SI-2,nist80053_RA-5,cis_7_3,cis_7_4,cis_7_7"
EGP-4F16DD621A,"SI-2, RA-5",glibc: glibc: Heap buffer overflow via attacker-controlled fopen mode string,"Passing an effectively empty string to the `,ccs=` syntax extension of the mode argument in the `fopen` function in the GNU C Library version 2.45 or earlier may result in a heap buffer overflow when the mode string input to the function is attacker controlled.



This usage pattern is not seen in applications in common GNU/Linux distributions and applications that process user-supplied values for `ccs` should not pass them through without validation.",vuln-scan,cve:CVE-2026-18374,mongo:7 (ubuntu 22.04),,,"Upgrade libc-bin to a release that remediates CVE-2026-18374. This is a vulnerability finding, not a config-drift playbook.",2026-09-27,,2026-09-27,No,,,Moderate,,,,,,,"default, not verified",,,CVE-2026-18374,"cpg_2_B,csf_PR_PS_02,nist80053_SI-2,nist80053_RA-5,cis_7_3,cis_7_4,cis_7_7"
EGP-862EB8ABF9,"SI-2, RA-5",glibc: glibc: Heap buffer overflow via attacker-controlled fopen mode string,"Passing an effectively empty string to the `,ccs=` syntax extension of the mode argument in the `fopen` function in the GNU C Library version 2.45 or earlier may result in a heap buffer overflow when the mode string input to the function is attacker controlled.



This usage pattern is not seen in applications in common GNU/Linux distributions and applications that process user-supplied values for `ccs` should not pass them through without validation.",vuln-scan,cve:CVE-2026-18374,stilliard/pure-ftpd:latest (debian 13.6),,,"Upgrade libc-bin to a release that remediates CVE-2026-18374. This is a vulnerability finding, not a config-drift playbook.",2026-09-27,,2026-09-27,No,,,Moderate,,,,,,,"default, not verified",,,CVE-2026-18374,"cpg_2_B,csf_PR_PS_02,nist80053_SI-2,nist80053_RA-5,cis_7_3,cis_7_4,cis_7_7"
EGP-78ABA5359B,"SI-2, RA-5",glibc: glibc: Local attacker can cause denial of service and information disclosure via stack-based buffer overflow.,"A stack-based buffer overflow in the dynamic loader (ld.so) of the GNU C Library (glibc) versions 2.14 through 2.44 allows a local attacker to crash or corrupt the memory of setuid/setgid (AT_SECURE) programs.

When such a program's DT_RPATH or DT_RUNPATH begins with $ORIGIN and is followed by NUL or '/' the loader both reads past the end of the path buffer and writes past the end of a stack-allocated internal buffer. The corrupted loader stack can lead to a loader crash (denial of service) and limited disclosure of process memory.",vuln-scan,cve:CVE-2026-95818,stilliard/pure-ftpd:latest (debian 13.6),,,"Upgrade libc-bin to a release that remediates CVE-2026-95818. This is a vulnerability finding, not a config-drift playbook.",2026-09-27,,2026-09-27,No,,,Moderate,,,,,,,"default, not verified",,,CVE-2026-95818,"cpg_2_B,csf_PR_PS_02,nist80053_SI-2,nist80053_RA-5,cis_7_3,cis_7_4,cis_7_7"
EGP-FAC059E26C,"SI-2, RA-5",glibc: glibc: Out-of-bounds write via TSIG record processing,"The deprecated functions ns_printrrf, ns_printrr and fp_nquery in the GNU C Library version 2.2 and newer fail to enforce the caller-supplied buffer length, and can result in an out-of-bounds write when printing TSIG records.",vuln-scan,cve:CVE-2026-5435,stilliard/pure-ftpd:latest (debian 13.6),,,"Upgrade libc-bin to a release that remediates CVE-2026-5435. This is a vulnerability finding, not a config-drift playbook.",2026-09-27,,2026-09-27,No,,,Moderate,,,,,,,"default, not verified",,,CVE-2026-5435,"cpg_2_B,csf_PR_PS_02,nist80053_SI-2,nist80053_RA-5,cis_7_3,cis_7_4,cis_7_7"
EGP-5D9DF65EE3,"SI-2, RA-5",glibc: glibc: Privilege escalation and arbitrary code execution via TOCTOU race condition in dynamic loader,"A time-of-check to time-of-use (TOCTOU) race condition in the dynamic loader (ld.so) of the GNU C Library (glibc) versions 2.14 through 2.44 allows a local attacker to escalate privileges. When expanding $ORIGIN in DT_RPATH for setuid/setgid (AT_SECURE) programs, glibc validates the lexically normalized search path against the trusted directories but then opens the raw, un-normalized path. On systems where the Linux fs.protected_hardlinks sysctl is disabled, a local attacker who hard-links such a program into an attacker-controlled directory and wins a race to replace an intermediate path component with a symbolic link can direct the loader outside the trusted directory, causing it to load an attacker-controlled shared object and execute arbitrary code with the elevated privileges of the program.

Exploitation requires an installed setuid or setgid binary whose DT_RPATH uses $ORIGIN followed by "".."" traversal that normalizes into a trusted directory, and the ability to hard-link that binary and win the race by swapping a path component for a symbolic link. Major Linux-based OS distributions ship with fs.protected_hardlinks enabled by default and mitigate the vulnerability.",vuln-scan,cve:CVE-2026-86805,stilliard/pure-ftpd:latest (debian 13.6),,,"Upgrade libc-bin to a release that remediates CVE-2026-86805. This is a vulnerability finding, not a config-drift playbook.",2026-09-27,,2026-09-27,No,,,Moderate,,,,,,,"default, not verified",,,CVE-2026-86805,"cpg_2_B,csf_PR_PS_02,nist80053_SI-2,nist80053_RA-5,cis_7_3,cis_7_4,cis_7_7"
EGP-D0950AD4D9,"SI-2, RA-5",glibc: glibc: Process abort due to invalid memory in wordexp,"Calling wordexp with WRDE_APPEND in the GNU C Library version 2.0 to version 2.43 can cause the interface to return invalid memory in the we_wordv member, which on subsequent calls to wordfree may abort the process.",vuln-scan,cve:CVE-2026-6368,mongo:7 (ubuntu 22.04),,,"Upgrade libc-bin to a release that remediates CVE-2026-6368. This is a vulnerability finding, not a config-drift playbook.",2026-09-27,,2026-09-27,No,,,Moderate,,,,,,,"default, not verified",,,CVE-2026-6368,"cpg_2_B,csf_PR_PS_02,nist80053_SI-2,nist80053_RA-5,cis_7_3,cis_7_4,cis_7_7"
EGP-A15EA8B67A,"SI-2, RA-5",glibc: glibc: Process abort due to invalid memory in wordexp,"Calling wordexp with WRDE_APPEND in the GNU C Library version 2.0 to version 2.43 can cause the interface to return invalid memory in the we_wordv member, which on subsequent calls to wordfree may abort the process.",vuln-scan,cve:CVE-2026-6368,stilliard/pure-ftpd:latest (debian 13.6),,,"Upgrade libc-bin to a release that remediates CVE-2026-6368. This is a vulnerability finding, not a config-drift playbook.",2026-09-27,,2026-09-27,No,,,Moderate,,,,,,,"default, not verified",,,CVE-2026-6368,"cpg_2_B,csf_PR_PS_02,nist80053_SI-2,nist80053_RA-5,cis_7_3,cis_7_4,cis_7_7"
EGP-5CECF34913,"SI-2, RA-5",glibc: nscd stack overflow leads to degraded DNS resolution,"The nscd service in the GNU C Library 2.3.4 onwards may crash due to a 
stack overflow when a malicious DNS server returns too large a response 
for a DNS query, resulting in degraded DNS resolution for the system.



Exploitation of this bug needs a system that has nscd enabled and using 
an untrusted DNS server for name resolution, with the compromised DNS 
server being capable of processing records large enough to result in a 
stack overflow in an nscd thread stack.  During experimentation, bind 9 
was unable to handle large records, but that could change in future or 
with a different name server.  In typical installations, nscd is 
executed in an isolated context as its own user without a shell, due to 
which any compromise of that service is isolated.



There is a remote possibility of nscd cache corruption if an attacker 
manages to get the stack pointer into a desired point in the heap, 
potentially resulting in other caches in nscd being overwritten with 
corrupt data through the stack overflow, until the buggy code path 
eventually results in a crash.



Finally, a crash in nscd may result in performance degradation when 
resolving names, but it does not result in a denial of service.",vuln-scan,cve:CVE-2026-89092,mongo:7 (ubuntu 22.04),,,"Upgrade libc-bin to a release that remediates CVE-2026-89092. This is a vulnerability finding, not a config-drift playbook.",2026-09-27,,2026-09-27,No,,,Moderate,,,,,,,"default, not verified",,,CVE-2026-89092,"cpg_2_B,csf_PR_PS_02,nist80053_SI-2,nist80053_RA-5,cis_7_3,cis_7_4,cis_7_7"
EGP-D787A1EEAD,"SI-2, RA-5",glibc: nscd stack overflow leads to degraded DNS resolution,"The nscd service in the GNU C Library 2.3.4 onwards may crash due to a 
stack overflow when a malicious DNS server returns too large a response 
for a DNS query, resulting in degraded DNS resolution for the system.



Exploitation of this bug needs a system that has nscd enabled and using 
an untrusted DNS server for name resolution, with the compromised DNS 
server being capable of processing records large enough to result in a 
stack overflow in an nscd thread stack.  During experimentation, bind 9 
was unable to handle large records, but that could change in future or 
with a different name server.  In typical installations, nscd is 
executed in an isolated context as its own user without a shell, due to 
which any compromise of that service is isolated.



There is a remote possibility of nscd cache corruption if an attacker 
manages to get the stack pointer into a desired point in the heap, 
potentially resulting in other caches in nscd being overwritten with 
corrupt data through the stack overflow, until the buggy code path 
eventually results in a crash.



Finally, a crash in nscd may result in performance degradation when 
resolving names, but it does not result in a denial of service.",vuln-scan,cve:CVE-2026-89092,stilliard/pure-ftpd:latest (debian 13.6),,,"Upgrade libc-bin to a release that remediates CVE-2026-89092. This is a vulnerability finding, not a config-drift playbook.",2026-09-27,,2026-09-27,No,,,Moderate,,,,,,,"default, not verified",,,CVE-2026-89092,"cpg_2_B,csf_PR_PS_02,nist80053_SI-2,nist80053_RA-5,cis_7_3,cis_7_4,cis_7_7"
EGP-83CA1D0AF1,"SI-2, RA-5","go/build/constraint: golang: Calling Parse on a ""// +build"" build tag line with deeply nested expressions can cause a panic due to stack exhaustion","Calling Parse on a ""// +build"" build tag line with deeply nested expressions can cause a panic due to stack exhaustion.",vuln-scan,cve:CVE-2024-34158,usr/local/go/pkg/tool/linux_amd64/vet,,,"Upgrade stdlib to a release that remediates CVE-2024-34158. This is a vulnerability finding, not a config-drift playbook.",2026-09-27,,2026-09-27,No,,,Moderate,,,,,,,"default, not verified",,,CVE-2024-34158,"cpg_2_B,csf_PR_PS_02,nist80053_SI-2,nist80053_RA-5,cis_7_3,cis_7_4,cis_7_7"
EGP-55BE42833A,"SI-2, RA-5",go/parser: golang: Calling any of the Parse functions containing deeply nested literals can cause a panic/stack exhaustion,Calling any of the Parse functions on Go source code which contains deeply nested literals can cause a panic due to stack exhaustion.,vuln-scan,cve:CVE-2024-34155,usr/local/go/pkg/tool/linux_amd64/vet,,,"Upgrade stdlib to a release that remediates CVE-2024-34155. This is a vulnerability finding, not a config-drift playbook.",2026-09-27,,2026-09-27,No,,,Moderate,,,,,,,"default, not verified",,,CVE-2024-34155,"cpg_2_B,csf_PR_PS_02,nist80053_SI-2,nist80053_RA-5,cis_7_3,cis_7_4,cis_7_7"
EGP-B03C3C92B8,"SI-2, RA-5",golang.org/x/crypto/ssh: golang.org/x/crypto/ssh: Denial of Service via channel request flooding,"Previously, a channel registered in the mux's chanList is not usable until it is established. A malicious peer was able flood the channel's incomingRequests, deadlocking the entire connection. Now, we add an atomic established state, set when a channel becomes usable. Until such a time, handlePacket drops every packet other than the open confirmation/failure, without blocking and without tearing down the connection.",vuln-scan,cve:CVE-2026-78662,usr/bin/mongotop,,,"Upgrade golang.org/x/crypto to a release that remediates CVE-2026-78662. This is a vulnerability finding, not a config-drift playbook.",2026-09-27,,2026-09-27,No,,,Moderate,,,,,,,"default, not verified",,,CVE-2026-78662,"cpg_2_B,csf_PR_PS_02,nist80053_SI-2,nist80053_RA-5,cis_7_3,cis_7_4,cis_7_7"
EGP-B37F08D6F5,"SI-2, RA-5",golang.org/x/crypto/ssh: golang.org/x/crypto/ssh: Denial of Service via crafted messages,"Previously, after a channel has been established, a malicious peer could send crafted messages that would deadlock the entire connection. Now, we handle all RFC 4254 channel messages; global requests are handled explicitly. Then, treat all other messages as a protocol error and tear the connection down instead of buffering and blocking.",vuln-scan,cve:CVE-2026-56855,usr/bin/mongotop,,,"Upgrade golang.org/x/crypto to a release that remediates CVE-2026-56855. This is a vulnerability finding, not a config-drift playbook.",2026-09-27,,2026-09-27,No,,,Moderate,,,,,,,"default, not verified",,,CVE-2026-56855,"cpg_2_B,csf_PR_PS_02,nist80053_SI-2,nist80053_RA-5,cis_7_3,cis_7_4,cis_7_7"
EGP-9F7921B9DB,"SI-2, RA-5",golang.org/x/net/proxy: golang.org/x/net/http/httpproxy: HTTP Proxy bypass using IPv6 Zone IDs in golang.org/x/net,"Matching of hosts against proxy patterns can improperly treat an IPv6 zone ID as a hostname component. For example, when the NO_PROXY environment variable is set to ""*.example.com"", a request to ""[::1%25.example.com]:80` will incorrectly match and not be proxied.",vuln-scan,cve:CVE-2025-22870,usr/local/go/pkg/tool/linux_amd64/vet,,,"Upgrade stdlib to a release that remediates CVE-2025-22870. This is a vulnerability finding, not a config-drift playbook.",2026-09-27,,2026-09-27,No,,,Moderate,,,,,,,"default, not verified",,,CVE-2025-22870,"cpg_2_B,csf_PR_PS_02,nist80053_SI-2,nist80053_RA-5,cis_7_3,cis_7_4,cis_7_7"
EGP-4AE7D515DE,"SI-2, RA-5",golang.org/x/net/proxy: golang.org/x/net/http/httpproxy: HTTP Proxy bypass using IPv6 Zone IDs in golang.org/x/net,"Matching of hosts against proxy patterns can improperly treat an IPv6 zone ID as a hostname component. For example, when the NO_PROXY environment variable is set to ""*.example.com"", a request to ""[::1%25.example.com]:80` will incorrectly match and not be proxied.",vuln-scan,cve:CVE-2025-22870,whoami,,,"Upgrade stdlib to a release that remediates CVE-2025-22870. This is a vulnerability finding, not a config-drift playbook.",2026-09-27,,2026-09-27,No,,,Moderate,,,,,,,"default, not verified",,,CVE-2025-22870,"cpg_2_B,csf_PR_PS_02,nist80053_SI-2,nist80053_RA-5,cis_7_3,cis_7_4,cis_7_7"
EGP-CBC64EAE37,"SI-2, RA-5",golang: archive/tar: Unbounded allocation when parsing GNU sparse map,"tar.Reader does not set a maximum size on the number of sparse region data blocks in GNU tar pax 1.0 sparse files. A maliciously-crafted archive containing a large number of sparse regions can cause a Reader to read an unbounded amount of data from the archive into memory. When reading from a compressed source, a small compressed input can result in large allocations.",vuln-scan,cve:CVE-2025-58183,usr/local/bin/gosu,,,"Upgrade stdlib to a release that remediates CVE-2025-58183. This is a vulnerability finding, not a config-drift playbook.",2026-09-27,,2026-09-27,No,,,Moderate,,,,,,,"default, not verified",,,CVE-2025-58183,"cpg_2_B,csf_PR_PS_02,nist80053_SI-2,nist80053_RA-5,cis_7_3,cis_7_4,cis_7_7"
EGP-715580CE02,"SI-2, RA-5",golang: archive/tar: Unbounded allocation when parsing GNU sparse map,"tar.Reader does not set a maximum size on the number of sparse region data blocks in GNU tar pax 1.0 sparse files. A maliciously-crafted archive containing a large number of sparse regions can cause a Reader to read an unbounded amount of data from the archive into memory. When reading from a compressed source, a small compressed input can result in large allocations.",vuln-scan,cve:CVE-2025-58183,usr/local/go/pkg/tool/linux_amd64/vet,,,"Upgrade stdlib to a release that remediates CVE-2025-58183. This is a vulnerability finding, not a config-drift playbook.",2026-09-27,,2026-09-27,No,,,Moderate,,,,,,,"default, not verified",,,CVE-2025-58183,"cpg_2_B,csf_PR_PS_02,nist80053_SI-2,nist80053_RA-5,cis_7_3,cis_7_4,cis_7_7"
EGP-BCB0A8747F,"SI-2, RA-5",golang: archive/tar: Unbounded allocation when parsing GNU sparse map,"tar.Reader does not set a maximum size on the number of sparse region data blocks in GNU tar pax 1.0 sparse files. A maliciously-crafted archive containing a large number of sparse regions can cause a Reader to read an unbounded amount of data from the archive into memory. When reading from a compressed source, a small compressed input can result in large allocations.",vuln-scan,cve:CVE-2025-58183,whoami,,,"Upgrade stdlib to a release that remediates CVE-2025-58183. This is a vulnerability finding, not a config-drift playbook.",2026-09-27,,2026-09-27,No,,,Moderate,,,,,,,"default, not verified",,,CVE-2025-58183,"cpg_2_B,csf_PR_PS_02,nist80053_SI-2,nist80053_RA-5,cis_7_3,cis_7_4,cis_7_7"
EGP-C975D2B425,"SI-2, RA-5",golang: archive/zip: Excessive CPU consumption when building archive index in archive/zip,archive/zip uses a super-linear file name indexing algorithm that is invoked the first time a file in an archive is opened. This can lead to a denial of service when consuming a maliciously constructed ZIP archive.,vuln-scan,cve:CVE-2025-61728,usr/local/bin/gosu,,,"Upgrade stdlib to a release that remediates CVE-2025-61728. This is a vulnerability finding, not a config-drift playbook.",2026-09-27,,2026-09-27,No,,,Moderate,,,,,,,"default, not verified",,,CVE-2025-61728,"cpg_2_B,csf_PR_PS_02,nist80053_SI-2,nist80053_RA-5,cis_7_3,cis_7_4,cis_7_7"
EGP-73EFA3F930,"SI-2, RA-5",golang: archive/zip: Excessive CPU consumption when building archive index in archive/zip,archive/zip uses a super-linear file name indexing algorithm that is invoked the first time a file in an archive is opened. This can lead to a denial of service when consuming a maliciously constructed ZIP archive.,vuln-scan,cve:CVE-2025-61728,usr/local/go/pkg/tool/linux_amd64/vet,,,"Upgrade stdlib to a release that remediates CVE-2025-61728. This is a vulnerability finding, not a config-drift playbook.",2026-09-27,,2026-09-27,No,,,Moderate,,,,,,,"default, not verified",,,CVE-2025-61728,"cpg_2_B,csf_PR_PS_02,nist80053_SI-2,nist80053_RA-5,cis_7_3,cis_7_4,cis_7_7"
EGP-D3E3B5EC03,"SI-2, RA-5",golang: archive/zip: Excessive CPU consumption when building archive index in archive/zip,archive/zip uses a super-linear file name indexing algorithm that is invoked the first time a file in an archive is opened. This can lead to a denial of service when consuming a maliciously constructed ZIP archive.,vuln-scan,cve:CVE-2025-61728,whoami,,,"Upgrade stdlib to a release that remediates CVE-2025-61728. This is a vulnerability finding, not a config-drift playbook.",2026-09-27,,2026-09-27,No,,,Moderate,,,,,,,"default, not verified",,,CVE-2025-61728,"cpg_2_B,csf_PR_PS_02,nist80053_SI-2,nist80053_RA-5,cis_7_3,cis_7_4,cis_7_7"
EGP-3B28B48B33,"SI-2, RA-5",golang: archive/zip: Incorrect handling of certain ZIP files,The archive/zip package's handling of certain types of invalid zip files differs from the behavior of most zip implementations. This misalignment could be exploited to create an zip file with contents that vary depending on the implementation reading the file. The archive/zip package now rejects files containing these errors.,vuln-scan,cve:CVE-2024-24789,usr/local/go/pkg/tool/linux_amd64/vet,,,"Upgrade stdlib to a release that remediates CVE-2024-24789. This is a vulnerability finding, not a config-drift playbook.",2026-09-27,,2026-09-27,No,,,Moderate,,,,,,,"default, not verified",,,CVE-2024-24789,"cpg_2_B,csf_PR_PS_02,nist80053_SI-2,nist80053_RA-5,cis_7_3,cis_7_4,cis_7_7"
EGP-3894F16D76,"SI-2, RA-5",golang: crypto/elliptic: incorrect operations on the P-224 curve,"In Go before 1.14.14 and 1.15.x before 1.15.7, crypto/elliptic/p224.go can generate incorrect outputs, related to an underflow of the lowest limb during the final complete reduction in the P-224 field.",vuln-scan,cve:CVE-2021-3114,usr/local/go/pkg/tool/linux_amd64/vet,,,"Upgrade stdlib to a release that remediates CVE-2021-3114. This is a vulnerability finding, not a config-drift playbook.",2026-09-27,,2026-09-27,No,,,Moderate,,,,,,,"default, not verified",,,CVE-2021-3114,"cpg_2_B,csf_PR_PS_02,nist80053_SI-2,nist80053_RA-5,cis_7_3,cis_7_4,cis_7_7"
EGP-FC893BB13C,"SI-2, RA-5",golang: crypto/internal/nistec: specific unreduced P-256 scalars produce incorrect results,The ScalarMult and ScalarBaseMult methods of the P256 Curve may return an incorrect result if called with some specific unreduced scalars (a scalar larger than the order of the curve). This does not impact usages of crypto/ecdsa or crypto/ecdh.,vuln-scan,cve:CVE-2023-24532,usr/local/go/pkg/tool/linux_amd64/vet,,,"Upgrade stdlib to a release that remediates CVE-2023-24532. This is a vulnerability finding, not a config-drift playbook.",2026-09-27,,2026-09-27,No,,,Moderate,,,,,,,"default, not verified",,,CVE-2023-24532,"cpg_2_B,csf_PR_PS_02,nist80053_SI-2,nist80053_RA-5,cis_7_3,cis_7_4,cis_7_7"
EGP-63592EE34F,"SI-2, RA-5",golang: crypto/tls: certificate of wrong type is causing TLS client to panic,"The crypto/tls package of Go through 1.16.5 does not properly assert that the type of public key in an X.509 certificate matches the expected type when doing a RSA based key exchange, allowing a malicious TLS server to cause a TLS client to panic.",vuln-scan,cve:CVE-2021-34558,usr/local/go/pkg/tool/linux_amd64/vet,,,"Upgrade stdlib to a release that remediates CVE-2021-34558. This is a vulnerability finding, not a config-drift playbook.",2026-09-27,,2026-09-27,No,,,Moderate,,,,,,,"default, not verified",,,CVE-2021-34558,"cpg_2_B,csf_PR_PS_02,nist80053_SI-2,nist80053_RA-5,cis_7_3,cis_7_4,cis_7_7"
EGP-21009D3D33,"SI-2, RA-5",golang: crypto/tls: slow verification of certificate chains containing large RSA keys,"Extremely large RSA keys in certificate chains can cause a client/server to expend significant CPU time verifying signatures. With fix, the size of RSA keys transmitted during handshakes is restricted to <= 8192 bits. Based on a survey of publicly trusted RSA keys, there are currently only three certificates in circulation with keys larger than this, and all three appear to be test certificates that are not actively deployed. It is possible there are larger keys in use in private PKIs, but we target the web PKI, so causing breakage here in the interests of increasing the default safety of users of crypto/tls seems reasonable.",vuln-scan,cve:CVE-2023-29409,usr/local/go/pkg/tool/linux_amd64/vet,,,"Upgrade stdlib to a release that remediates CVE-2023-29409. This is a vulnerability finding, not a config-drift playbook.",2026-09-27,,2026-09-27,No,,,Moderate,,,,,,,"default, not verified",,,CVE-2023-29409,"cpg_2_B,csf_PR_PS_02,nist80053_SI-2,nist80053_RA-5,cis_7_3,cis_7_4,cis_7_7"
EGP-29340D95F6,"SI-2, RA-5",golang: crypto/x509: Verify panics on certificates with an unknown public key algorithm,"Verifying a certificate chain which contains a certificate with an unknown public key algorithm will cause Certificate.Verify to panic. This affects all crypto/tls clients, and servers that set Config.ClientAuth to VerifyClientCertIfGiven or RequireAndVerifyClientCert. The default behavior is for TLS servers to not verify client certificates.",vuln-scan,cve:CVE-2024-24783,usr/local/go/pkg/tool/linux_amd64/vet,,,"Upgrade stdlib to a release that remediates CVE-2024-24783. This is a vulnerability finding, not a config-drift playbook.",2026-09-27,,2026-09-27,No,,,Moderate,,,,,,,"default, not verified",,,CVE-2024-24783,"cpg_2_B,csf_PR_PS_02,nist80053_SI-2,nist80053_RA-5,cis_7_3,cis_7_4,cis_7_7"
EGP-DC1DD36ABB,"SI-2, RA-5",golang: crypto/x509: excluded subdomain constraint does not restrict wildcard SANs,An excluded subdomain constraint in a certificate chain does not restrict the usage of wildcard SANs in the leaf certificate. For example a constraint that excludes the subdomain test.example.com does not prevent a leaf certificate from claiming the SAN *.example.com.,vuln-scan,cve:CVE-2025-61727,usr/local/bin/gosu,,,"Upgrade stdlib to a release that remediates CVE-2025-61727. This is a vulnerability finding, not a config-drift playbook.",2026-09-27,,2026-09-27,No,,,Moderate,,,,,,,"default, not verified",,,CVE-2025-61727,"cpg_2_B,csf_PR_PS_02,nist80053_SI-2,nist80053_RA-5,cis_7_3,cis_7_4,cis_7_7"
EGP-9CBF4278EB,"SI-2, RA-5",golang: crypto/x509: excluded subdomain constraint does not restrict wildcard SANs,An excluded subdomain constraint in a certificate chain does not restrict the usage of wildcard SANs in the leaf certificate. For example a constraint that excludes the subdomain test.example.com does not prevent a leaf certificate from claiming the SAN *.example.com.,vuln-scan,cve:CVE-2025-61727,usr/local/go/pkg/tool/linux_amd64/vet,,,"Upgrade stdlib to a release that remediates CVE-2025-61727. This is a vulnerability finding, not a config-drift playbook.",2026-09-27,,2026-09-27,No,,,Moderate,,,,,,,"default, not verified",,,CVE-2025-61727,"cpg_2_B,csf_PR_PS_02,nist80053_SI-2,nist80053_RA-5,cis_7_3,cis_7_4,cis_7_7"
EGP-0811BB8085,"SI-2, RA-5",golang: crypto/x509: excluded subdomain constraint does not restrict wildcard SANs,An excluded subdomain constraint in a certificate chain does not restrict the usage of wildcard SANs in the leaf certificate. For example a constraint that excludes the subdomain test.example.com does not prevent a leaf certificate from claiming the SAN *.example.com.,vuln-scan,cve:CVE-2025-61727,whoami,,,"Upgrade stdlib to a release that remediates CVE-2025-61727. This is a vulnerability finding, not a config-drift playbook.",2026-09-27,,2026-09-27,No,,,Moderate,,,,,,,"default, not verified",,,CVE-2025-61727,"cpg_2_B,csf_PR_PS_02,nist80053_SI-2,nist80053_RA-5,cis_7_3,cis_7_4,cis_7_7"
EGP-E61CCC1101,"SI-2, RA-5",golang: go/parser: stack exhaustion in all Parse* functions,Uncontrolled recursion in the Parse functions in go/parser before Go 1.17.12 and Go 1.18.4 allow an attacker to cause a panic due to stack exhaustion via deeply nested types or declarations.,vuln-scan,cve:CVE-2022-1962,usr/local/go/pkg/tool/linux_amd64/vet,,,"Upgrade stdlib to a release that remediates CVE-2022-1962. This is a vulnerability finding, not a config-drift playbook.",2026-09-27,,2026-09-27,No,,,Moderate,,,,,,,"default, not verified",,,CVE-2022-1962,"cpg_2_B,csf_PR_PS_02,nist80053_SI-2,nist80053_RA-5,cis_7_3,cis_7_4,cis_7_7"
EGP-6B76318FF1,"SI-2, RA-5",golang: html/template: errors returned from MarshalJSON methods may break template escaping,"If errors returned from MarshalJSON methods contain user controlled data, they may be used to break the contextual auto-escaping behavior of the html/template package, allowing for subsequent actions to inject unexpected content into templates.",vuln-scan,cve:CVE-2024-24785,usr/local/go/pkg/tool/linux_amd64/vet,,,"Upgrade stdlib to a release that remediates CVE-2024-24785. This is a vulnerability finding, not a config-drift playbook.",2026-09-27,,2026-09-27,No,,,Moderate,,,,,,,"default, not verified",,,CVE-2024-24785,"cpg_2_B,csf_PR_PS_02,nist80053_SI-2,nist80053_RA-5,cis_7_3,cis_7_4,cis_7_7"
EGP-9F5185756F,"SI-2, RA-5",golang: html/template: improper handling of HTML-like comments within script contexts,"The html/template package does not properly handle HTML-like """" comment tokens, nor hashbang ""#!"" comment tokens, in <script> contexts. This may cause the template parser to improperly interpret the contents of <script> contexts, causing actions to be improperly escaped. This may be leveraged to perform an XSS attack.",vuln-scan,cve:CVE-2023-39318,usr/local/go/pkg/tool/linux_amd64/vet,,,"Upgrade stdlib to a release that remediates CVE-2023-39318. This is a vulnerability finding, not a config-drift playbook.",2026-09-27,,2026-09-27,No,,,Moderate,,,,,,,"default, not verified",,,CVE-2023-39318,"cpg_2_B,csf_PR_PS_02,nist80053_SI-2,nist80053_RA-5,cis_7_3,cis_7_4,cis_7_7"
EGP-478DAF4E92,"SI-2, RA-5",golang: html/template: improper handling of special tags within script contexts,"The html/template package does not apply the proper rules for handling occurrences of ""<script"", ""<!--"", and ""</script"" within JS literals in <script> contexts. This may cause the template parser to improperly consider script contexts to be terminated early, causing actions to be improperly escaped. This could be leveraged to perform an XSS attack.",vuln-scan,cve:CVE-2023-39319,usr/local/go/pkg/tool/linux_amd64/vet,,,"Upgrade stdlib to a release that remediates CVE-2023-39319. This is a vulnerability finding, not a config-drift playbook.",2026-09-27,,2026-09-27,No,,,Moderate,,,,,,,"default, not verified",,,CVE-2023-39319,"cpg_2_B,csf_PR_PS_02,nist80053_SI-2,nist80053_RA-5,cis_7_3,cis_7_4,cis_7_7"
EGP-E22BC591FB,"SI-2, RA-5",golang: internal/syscall/unix: Root.Chmod can follow symlinks out of the root,"On Linux, if the target of Root.Chmod is replaced with a symlink while the chmod operation is in progress, Chmod can operate on the target of the symlink, even when the target lies outside the root. The Linux fchmodat syscall silently ignores the AT_SYMLINK_NOFOLLOW flag, which Root.Chmod uses to avoid symlink traversal. Root.Chmod checks its target before acting and returns an error if the target is a symlink lying outside the root, so the impact is limited to cases where the target is replaced with a symlink between the check and operation.",vuln-scan,cve:CVE-2026-32282,usr/local/bin/gosu,,,"Upgrade stdlib to a release that remediates CVE-2026-32282. This is a vulnerability finding, not a config-drift playbook.",2026-09-27,,2026-09-27,No,,,Moderate,,,,,,,"default, not verified",,,CVE-2026-32282,"cpg_2_B,csf_PR_PS_02,nist80053_SI-2,nist80053_RA-5,cis_7_3,cis_7_4,cis_7_7"
EGP-C3695E705C,"SI-2, RA-5",golang: internal/syscall/unix: Root.Chmod can follow symlinks out of the root,"On Linux, if the target of Root.Chmod is replaced with a symlink while the chmod operation is in progress, Chmod can operate on the target of the symlink, even when the target lies outside the root. The Linux fchmodat syscall silently ignores the AT_SYMLINK_NOFOLLOW flag, which Root.Chmod uses to avoid symlink traversal. Root.Chmod checks its target before acting and returns an error if the target is a symlink lying outside the root, so the impact is limited to cases where the target is replaced with a symlink between the check and operation.",vuln-scan,cve:CVE-2026-32282,usr/local/go/pkg/tool/linux_amd64/vet,,,"Upgrade stdlib to a release that remediates CVE-2026-32282. This is a vulnerability finding, not a config-drift playbook.",2026-09-27,,2026-09-27,No,,,Moderate,,,,,,,"default, not verified",,,CVE-2026-32282,"cpg_2_B,csf_PR_PS_02,nist80053_SI-2,nist80053_RA-5,cis_7_3,cis_7_4,cis_7_7"
EGP-8CD87951F5,"SI-2, RA-5",golang: internal/syscall/unix: Root.Chmod can follow symlinks out of the root,"On Linux, if the target of Root.Chmod is replaced with a symlink while the chmod operation is in progress, Chmod can operate on the target of the symlink, even when the target lies outside the root. The Linux fchmodat syscall silently ignores the AT_SYMLINK_NOFOLLOW flag, which Root.Chmod uses to avoid symlink traversal. Root.Chmod checks its target before acting and returns an error if the target is a symlink lying outside the root, so the impact is limited to cases where the target is replaced with a symlink between the check and operation.",vuln-scan,cve:CVE-2026-32282,whoami,,,"Upgrade stdlib to a release that remediates CVE-2026-32282. This is a vulnerability finding, not a config-drift playbook.",2026-09-27,,2026-09-27,No,,,Moderate,,,,,,,"default, not verified",,,CVE-2026-32282,"cpg_2_B,csf_PR_PS_02,nist80053_SI-2,nist80053_RA-5,cis_7_3,cis_7_4,cis_7_7"
EGP-78E4A999CC,"SI-2, RA-5",golang: net/http/cookiejar: incorrect forwarding of sensitive headers and cookies on HTTP redirect,"When following an HTTP redirect to a domain which is not a subdomain match or exact match of the initial domain, an http.Client does not forward sensitive headers such as ""Authorization"" or ""Cookie"". For example, a redirect from foo.com to www.foo.com will forward the Authorization header, but a redirect to bar.com will not. A maliciously crafted HTTP redirect could cause sensitive headers to be unexpectedly forwarded.",vuln-scan,cve:CVE-2023-45289,usr/local/go/pkg/tool/linux_amd64/vet,,,"Upgrade stdlib to a release that remediates CVE-2023-45289. This is a vulnerability finding, not a config-drift playbook.",2026-09-27,,2026-09-27,No,,,Moderate,,,,,,,"default, not verified",,,CVE-2023-45289,"cpg_2_B,csf_PR_PS_02,nist80053_SI-2,nist80053_RA-5,cis_7_3,cis_7_4,cis_7_7"
EGP-35398AA2D2,"SI-2, RA-5",golang: net/http/httputil: NewSingleHostReverseProxy - omit X-Forwarded-For not working,"Improper exposure of client IP addresses in net/http before Go 1.17.12 and Go 1.18.4 can be triggered by calling httputil.ReverseProxy.ServeHTTP with a Request.Header map containing a nil value for the X-Forwarded-For header, which causes ReverseProxy to set the client IP as the value of the X-Forwarded-For header.",vuln-scan,cve:CVE-2022-32148,usr/local/go/pkg/tool/linux_amd64/vet,,,"Upgrade stdlib to a release that remediates CVE-2022-32148. This is a vulnerability finding, not a config-drift playbook.",2026-09-27,,2026-09-27,No,,,Moderate,,,,,,,"default, not verified",,,CVE-2022-32148,"cpg_2_B,csf_PR_PS_02,nist80053_SI-2,nist80053_RA-5,cis_7_3,cis_7_4,cis_7_7"
EGP-37C1281D4F,"SI-2, RA-5",golang: net/http/httputil: ReverseProxy forwards connection headers if first one is empty,"In Go before 1.15.13 and 1.16.x before 1.16.5, some configurations of ReverseProxy (from net/http/httputil) result in a situation where an attacker is able to drop arbitrary headers.",vuln-scan,cve:CVE-2021-33197,usr/local/go/pkg/tool/linux_amd64/vet,,,"Upgrade stdlib to a release that remediates CVE-2021-33197. This is a vulnerability finding, not a config-drift playbook.",2026-09-27,,2026-09-27,No,,,Moderate,,,,,,,"default, not verified",,,CVE-2021-33197,"cpg_2_B,csf_PR_PS_02,nist80053_SI-2,nist80053_RA-5,cis_7_3,cis_7_4,cis_7_7"
EGP-26780CE95C,"SI-2, RA-5",golang: net/http/httputil: panic due to racy read of persistConn after handler panic,Go before 1.15.15 and 1.16.x before 1.16.7 has a race condition that can lead to a net/http/httputil ReverseProxy panic upon an ErrAbortHandler abort.,vuln-scan,cve:CVE-2021-36221,usr/local/go/pkg/tool/linux_amd64/vet,,,"Upgrade stdlib to a release that remediates CVE-2021-36221. This is a vulnerability finding, not a config-drift playbook.",2026-09-27,,2026-09-27,No,,,Moderate,,,,,,,"default, not verified",,,CVE-2021-36221,"cpg_2_B,csf_PR_PS_02,nist80053_SI-2,nist80053_RA-5,cis_7_3,cis_7_4,cis_7_7"
EGP-BDB86DB68C,"SI-2, RA-5",golang: net/http/internal: Denial of Service (DoS) via Resource Consumption via HTTP requests,A malicious HTTP sender can use chunk extensions to cause a receiver reading from a request or response body to read many more bytes from the network than are in the body. A malicious HTTP client can further exploit this to cause a server to automatically read a large amount of data (up to about 1GiB) when a handler fails to read the entire body of a request. Chunk extensions are a little-used HTTP feature which permit including additional metadata in a request or response body sent using the chunked encoding. The net/http chunked encoding reader discards this metadata. A sender can exploit this by inserting a large metadata segment with each byte transferred. The chunk reader now produces an error if the ratio of real body to encoded bytes grows too small.,vuln-scan,cve:CVE-2023-39326,usr/local/go/pkg/tool/linux_amd64/vet,,,"Upgrade stdlib to a release that remediates CVE-2023-39326. This is a vulnerability finding, not a config-drift playbook.",2026-09-27,,2026-09-27,No,,,Moderate,,,,,,,"default, not verified",,,CVE-2023-39326,"cpg_2_B,csf_PR_PS_02,nist80053_SI-2,nist80053_RA-5,cis_7_3,cis_7_4,cis_7_7"
EGP-A633AD4FAA,"SI-2, RA-5",golang: net/http: excessive memory growth in a Go server accepting HTTP/2 requests,"An attacker can cause excessive memory growth in a Go server accepting HTTP/2 requests. HTTP/2 server connections contain a cache of HTTP header keys sent by the client. While the total number of entries in this cache is capped, an attacker sending very large keys can cause the server to allocate approximately 64 MiB per open connection.",vuln-scan,cve:CVE-2022-41717,usr/local/go/pkg/tool/linux_amd64/vet,,,"Upgrade stdlib to a release that remediates CVE-2022-41717. This is a vulnerability finding, not a config-drift playbook.",2026-09-27,,2026-09-27,No,,,Moderate,,,,,,,"default, not verified",,,CVE-2022-41717,"cpg_2_B,csf_PR_PS_02,nist80053_SI-2,nist80053_RA-5,cis_7_3,cis_7_4,cis_7_7"
EGP-30708A764F,"SI-2, RA-5",golang: net/http: golang: mime/multipart: golang: net/textproto: memory exhaustion in Request.ParseMultipartForm,"When parsing a multipart form (either explicitly with Request.ParseMultipartForm or implicitly with Request.FormValue, Request.PostFormValue, or Request.FormFile), limits on the total size of the parsed form were not applied to the memory consumed while reading a single form line. This permits a maliciously crafted input containing very long lines to cause allocation of arbitrarily large amounts of memory, potentially leading to memory exhaustion. With fix, the ParseMultipartForm function now correctly limits the maximum size of form lines.",vuln-scan,cve:CVE-2023-45290,usr/local/go/pkg/tool/linux_amd64/vet,,,"Upgrade stdlib to a release that remediates CVE-2023-45290. This is a vulnerability finding, not a config-drift playbook.",2026-09-27,,2026-09-27,No,,,Moderate,,,,,,,"default, not verified",,,CVE-2023-45290,"cpg_2_B,csf_PR_PS_02,nist80053_SI-2,nist80053_RA-5,cis_7_3,cis_7_4,cis_7_7"
EGP-3D8022C9E1,"SI-2, RA-5",golang: net/http: improper sanitization of Transfer-Encoding header,Acceptance of some invalid Transfer-Encoding headers in the HTTP/1 client in net/http before Go 1.17.12 and Go 1.18.4 allows HTTP request smuggling if combined with an intermediate server that also improperly fails to reject the header as invalid.,vuln-scan,cve:CVE-2022-1705,usr/local/go/pkg/tool/linux_amd64/vet,,,"Upgrade stdlib to a release that remediates CVE-2022-1705. This is a vulnerability finding, not a config-drift playbook.",2026-09-27,,2026-09-27,No,,,Moderate,,,,,,,"default, not verified",,,CVE-2022-1705,"cpg_2_B,csf_PR_PS_02,nist80053_SI-2,nist80053_RA-5,cis_7_3,cis_7_4,cis_7_7"
EGP-6E8ED33173,"SI-2, RA-5",golang: net/http: insufficient sanitization of Host header,"The HTTP/1 client does not fully validate the contents of the Host header. A maliciously crafted Host header can inject additional headers or entire requests. With fix, the HTTP/1 client now refuses to send requests containing an invalid Request.Host or Request.URL.Host value.",vuln-scan,cve:CVE-2023-29406,usr/local/go/pkg/tool/linux_amd64/vet,,,"Upgrade stdlib to a release that remediates CVE-2023-29406. This is a vulnerability finding, not a config-drift playbook.",2026-09-27,,2026-09-27,No,,,Moderate,,,,,,,"default, not verified",,,CVE-2023-29406,"cpg_2_B,csf_PR_PS_02,nist80053_SI-2,nist80053_RA-5,cis_7_3,cis_7_4,cis_7_7"
EGP-88EB233559,"SI-2, RA-5",golang: net/http: net/http: sensitive headers incorrectly sent after cross-domain redirect,"The HTTP client drops sensitive headers after following a cross-domain redirect. For example, a request to a.com/ containing an Authorization header which is redirected to b.com/ will not send that header to b.com. In the event that the client received a subsequent same-domain redirect, however, the sensitive headers would be restored. For example, a chain of redirects from a.com/, to b.com/1, and finally to b.com/2 would incorrectly send the Authorization header to b.com/2.",vuln-scan,cve:CVE-2024-45336,usr/local/go/pkg/tool/linux_amd64/vet,,,"Upgrade stdlib to a release that remediates CVE-2024-45336. This is a vulnerability finding, not a config-drift playbook.",2026-09-27,,2026-09-27,No,,,Moderate,,,,,,,"default, not verified",,,CVE-2024-45336,"cpg_2_B,csf_PR_PS_02,nist80053_SI-2,nist80053_RA-5,cis_7_3,cis_7_4,cis_7_7"
EGP-705F9EB042,"SI-2, RA-5",golang: net/http: panic in ReadRequest and ReadResponse when reading a very large header,"net/http in Go before 1.15.12 and 1.16.x before 1.16.4 allows remote attackers to cause a denial of service (panic) via a large header to ReadRequest or ReadResponse. Server, Transport, and Client can each be affected in some configurations.",vuln-scan,cve:CVE-2021-31525,usr/local/go/pkg/tool/linux_amd64/vet,,,"Upgrade stdlib to a release that remediates CVE-2021-31525. This is a vulnerability finding, not a config-drift playbook.",2026-09-27,,2026-09-27,No,,,Moderate,,,,,,,"default, not verified",,,CVE-2021-31525,"cpg_2_B,csf_PR_PS_02,nist80053_SI-2,nist80053_RA-5,cis_7_3,cis_7_4,cis_7_7"
EGP-22A99C49A9,"SI-2, RA-5",golang: net/mail: comments in display names are incorrectly handled,"The ParseAddressList function incorrectly handles comments (text within parentheses) within display names. Since this is a misalignment with conforming address parsers, it can result in different trust decisions being made by programs using different parsers.",vuln-scan,cve:CVE-2024-24784,usr/local/go/pkg/tool/linux_amd64/vet,,,"Upgrade stdlib to a release that remediates CVE-2024-24784. This is a vulnerability finding, not a config-drift playbook.",2026-09-27,,2026-09-27,No,,,Moderate,,,,,,,"default, not verified",,,CVE-2024-24784,"cpg_2_B,csf_PR_PS_02,nist80053_SI-2,nist80053_RA-5,cis_7_3,cis_7_4,cis_7_7"
EGP-AA2AAB1412,"SI-2, RA-5",golang: syscall: don't close fd 0 on ForkExec error,Go before 1.16.12 and 1.17.x before 1.17.5 on UNIX allows write operations to an unintended file or unintended network connection as a consequence of erroneous closing of file descriptor 0 after file-descriptor exhaustion.,vuln-scan,cve:CVE-2021-44717,usr/local/go/pkg/tool/linux_amd64/vet,,,"Upgrade stdlib to a release that remediates CVE-2021-44717. This is a vulnerability finding, not a config-drift playbook.",2026-09-27,,2026-09-27,No,,,Moderate,,,,,,,"default, not verified",,,CVE-2021-44717,"cpg_2_B,csf_PR_PS_02,nist80053_SI-2,nist80053_RA-5,cis_7_3,cis_7_4,cis_7_7"
EGP-F81378022C,"SI-2, RA-5",golang: syscall: faccessat checks wrong group,"Go before 1.17.10 and 1.18.x before 1.18.2 has Incorrect Privilege Assignment. When called with a non-zero flags parameter, the Faccessat function could incorrectly report that a file is accessible.",vuln-scan,cve:CVE-2022-29526,usr/local/go/pkg/tool/linux_amd64/vet,,,"Upgrade stdlib to a release that remediates CVE-2022-29526. This is a vulnerability finding, not a config-drift playbook.",2026-09-27,,2026-09-27,No,,,Moderate,,,,,,,"default, not verified",,,CVE-2022-29526,"cpg_2_B,csf_PR_PS_02,nist80053_SI-2,nist80053_RA-5,cis_7_3,cis_7_4,cis_7_7"
EGP-277ADAFF68,"SI-2, RA-5",gzip: gzip: Arbitrary file overwrite via insecure temporary file handling in gzexe utility,"GNU gzip contains a vulnerability in the gzexe utility related to insecure temporary file handling. When the mktemp utility is not available in the user’s PATH, gzexe falls back to constructing a temporary file path based solely on the process ID (PID). This predictable filename is created without exclusive access or existence checks.
A local attacker can pre‑create the predicted temporary file path as a symbolic link pointing to an arbitrary file writable by the victim. When gzexe runs, it follows the symlink and overwrites the target file, resulting in a time‑of‑check to time‑of‑use (TOCTOU) condition that allows arbitrary file overwrite.

This issue has been fixed in the commit 4e6f8b24ab823146ab8776f0b7fe486ab34d4269",vuln-scan,cve:CVE-2026-41991,stilliard/pure-ftpd:latest (debian 13.6),,,"Upgrade gzip to a release that remediates CVE-2026-41991. This is a vulnerability finding, not a config-drift playbook.",2026-09-27,,2026-09-27,No,,,Moderate,,,,,,,"default, not verified",,,CVE-2026-41991,"cpg_2_B,csf_PR_PS_02,nist80053_SI-2,nist80053_RA-5,cis_7_3,cis_7_4,cis_7_7"
EGP-C7D6D4D62A,"SI-2, RA-5",html/template: URLs in meta content attribute actions are not escaped in html/template,"Actions which insert URLs into the content attribute of HTML meta tags are not escaped. This can allow XSS if the meta tag also has an http-equiv attribute with the value ""refresh"". A new GODEBUG setting has been added, htmlmetacontenturlescape, which can be used to disable escaping URLs in actions in the meta content attribute which follow ""url="" by setting htmlmetacontenturlescape=0.",vuln-scan,cve:CVE-2026-27142,usr/local/bin/gosu,,,"Upgrade stdlib to a release that remediates CVE-2026-27142. This is a vulnerability finding, not a config-drift playbook.",2026-09-27,,2026-09-27,No,,,Moderate,,,,,,,"default, not verified",,,CVE-2026-27142,"cpg_2_B,csf_PR_PS_02,nist80053_SI-2,nist80053_RA-5,cis_7_3,cis_7_4,cis_7_7"
EGP-292F5B68E9,"SI-2, RA-5",html/template: URLs in meta content attribute actions are not escaped in html/template,"Actions which insert URLs into the content attribute of HTML meta tags are not escaped. This can allow XSS if the meta tag also has an http-equiv attribute with the value ""refresh"". A new GODEBUG setting has been added, htmlmetacontenturlescape, which can be used to disable escaping URLs in actions in the meta content attribute which follow ""url="" by setting htmlmetacontenturlescape=0.",vuln-scan,cve:CVE-2026-27142,usr/local/go/pkg/tool/linux_amd64/vet,,,"Upgrade stdlib to a release that remediates CVE-2026-27142. This is a vulnerability finding, not a config-drift playbook.",2026-09-27,,2026-09-27,No,,,Moderate,,,,,,,"default, not verified",,,CVE-2026-27142,"cpg_2_B,csf_PR_PS_02,nist80053_SI-2,nist80053_RA-5,cis_7_3,cis_7_4,cis_7_7"
EGP-F4182428F5,"SI-2, RA-5",html/template: URLs in meta content attribute actions are not escaped in html/template,"Actions which insert URLs into the content attribute of HTML meta tags are not escaped. This can allow XSS if the meta tag also has an http-equiv attribute with the value ""refresh"". A new GODEBUG setting has been added, htmlmetacontenturlescape, which can be used to disable escaping URLs in actions in the meta content attribute which follow ""url="" by setting htmlmetacontenturlescape=0.",vuln-scan,cve:CVE-2026-27142,whoami,,,"Upgrade stdlib to a release that remediates CVE-2026-27142. This is a vulnerability finding, not a config-drift playbook.",2026-09-27,,2026-09-27,No,,,Moderate,,,,,,,"default, not verified",,,CVE-2026-27142,"cpg_2_B,csf_PR_PS_02,nist80053_SI-2,nist80053_RA-5,cis_7_3,cis_7_4,cis_7_7"
EGP-60DA19A3CB,"SI-2, RA-5",jq: embedded NUL in jq import paths causes local redaction-policy bypass and preserves sensitive fields in published artifacts,"jq is a command-line JSON processor. In 1.8.1 and earlier, jq accepts embedded NUL bytes in import paths at the jq-language level, but later resolves those paths through C string operations during module and data-file lookup. This creates a mismatch between the logical import string that policy or audit code may validate and the on-disk path that jq actually opens.",vuln-scan,cve:CVE-2026-43895,mongo:7 (ubuntu 22.04),,,"Upgrade jq to a release that remediates CVE-2026-43895. This is a vulnerability finding, not a config-drift playbook.",2026-09-27,,2026-09-27,No,,,Moderate,,,,,,,"default, not verified",,,CVE-2026-43895,"cpg_2_B,csf_PR_PS_02,nist80053_SI-2,nist80053_RA-5,cis_7_3,cis_7_4,cis_7_7"
EGP-E0FBBE147E,"SI-2, RA-5",jq: embedded NUL truncates top-level jq programs loaded with -f,"jq is a command-line JSON processor. In 1.8.1 and earlier, Top-level jq programs loaded from a file with -f are truncated at the first embedded NUL byte on current upstream HEAD. A crafted filter file such as . followed by \x00 and arbitrary suffix compiles and executes as only the prefix before the NUL. This leaves jq with a post-CVE-2026-33948 prefix/full-buffer mismatch on the compilation path even though the JSON parser path has already been fixed.",vuln-scan,cve:CVE-2026-41256,mongo:7 (ubuntu 22.04),,,"Upgrade jq to a release that remediates CVE-2026-41256. This is a vulnerability finding, not a config-drift playbook.",2026-09-27,,2026-09-27,No,,,Moderate,,,,,,,"default, not verified",,,CVE-2026-41256,"cpg_2_B,csf_PR_PS_02,nist80053_SI-2,nist80053_RA-5,cis_7_3,cis_7_4,cis_7_7"
EGP-A8453E478A,"SI-2, RA-5",jq: signed-int overflow in stack_reallocate,"jq is a command-line JSON processor. In 1.8.1 and earlier, the jq bytecode VM's data stack tracks its allocation size in a signed int. When the stack grows beyond ≈1 GiB (via deeply nested generator forks), the doubling arithmetic overflows. The wrapped value is passed to realloc and then used for a memmove with attacker-influenced offsets.",vuln-scan,cve:CVE-2026-41257,mongo:7 (ubuntu 22.04),,,"Upgrade jq to a release that remediates CVE-2026-41257. This is a vulnerability finding, not a config-drift playbook.",2026-09-27,,2026-09-27,No,,,Moderate,,,,,,,"default, not verified",,,CVE-2026-41257,"cpg_2_B,csf_PR_PS_02,nist80053_SI-2,nist80053_RA-5,cis_7_3,cis_7_4,cis_7_7"
EGP-A1B78AAE7C,"SI-2, RA-5",jq: stack overflow in module loading on mutual include,"jq is a command-line JSON processor. In 1.8.2rc1 and earlier, the ordinary module loader recurses without cycle detection when two
otherwise valid modules include each other.",vuln-scan,cve:CVE-2026-44777,mongo:7 (ubuntu 22.04),,,"Upgrade jq to a release that remediates CVE-2026-44777. This is a vulnerability finding, not a config-drift playbook.",2026-09-27,,2026-09-27,No,,,Moderate,,,,,,,"default, not verified",,,CVE-2026-44777,"cpg_2_B,csf_PR_PS_02,nist80053_SI-2,nist80053_RA-5,cis_7_3,cis_7_4,cis_7_7"
EGP-D894A7C13C,"SI-2, RA-5",jq: stack overflow in recursive object merge,"jq is a command-line JSON processor. In 1.8.1 and earlier, unbounded recursion in jv_object_merge_recursive() allows a crafted jq program to crash the process with a segfault. The function is reachable through the * operator when both operands are objects.",vuln-scan,cve:CVE-2026-43896,mongo:7 (ubuntu 22.04),,,"Upgrade jq to a release that remediates CVE-2026-43896. This is a vulnerability finding, not a config-drift playbook.",2026-09-27,,2026-09-27,No,,,Moderate,,,,,,,"default, not verified",,,CVE-2026-43896,"cpg_2_B,csf_PR_PS_02,nist80053_SI-2,nist80053_RA-5,cis_7_3,cis_7_4,cis_7_7"
EGP-8C1C1A111D,"SI-2, RA-5",js-yaml: js-yaml prototype pollution in merge,"js-yaml is a JavaScript YAML parser and dumper. In js-yaml before 4.1.1 and 3.14.2, it's possible for an attacker to modify the prototype of the result of a parsed yaml document via prototype pollution (`__proto__`). All users who parse untrusted yaml documents may be impacted. The problem is patched in js-yaml 4.1.1 and 3.14.2. Users can protect against this kind of attack on the server by using `node --disable-proto=delete` or `deno` (in Deno, pollution protection is on by default).",vuln-scan,cve:CVE-2025-64718,Node.js,,,"Upgrade js-yaml to a release that remediates CVE-2025-64718. This is a vulnerability finding, not a config-drift playbook.",2026-09-27,,2026-09-27,No,,,Moderate,,,,,,,"default, not verified",,,CVE-2025-64718,"cpg_2_B,csf_PR_PS_02,nist80053_SI-2,nist80053_RA-5,cis_7_3,cis_7_4,cis_7_7"
EGP-A66EA6E7C5,"SI-2, RA-5",js-yaml: js-yaml: Denial of Service via crafted YAML merge keys,"js-yaml is a JavaScript YAML parser and dumper. Prior to 4.2.0 and 3.15.0, a crafted YAML document can trigger algorithmic CPU exhaustion in js-yaml merge-key processing (<<) by repeating the same alias many times in a merge sequence. This causes quadratic parse-time behavior relative to input size and can block a Node.js worker/event loop for seconds with a relatively small payload (tens of KB), resulting in denial of service. The issue is in merge handling inside lib/loader.js. This vulnerability is fixed in 4.2.0 and 3.15.0.",vuln-scan,cve:CVE-2026-53550,Node.js,,,"Upgrade js-yaml to a release that remediates CVE-2026-53550. This is a vulnerability finding, not a config-drift playbook.",2026-09-27,,2026-09-27,No,,,Moderate,,,,,,,"default, not verified",,,CVE-2026-53550,"cpg_2_B,csf_PR_PS_02,nist80053_SI-2,nist80053_RA-5,cis_7_3,cis_7_4,cis_7_7"
EGP-7F1429A332,"SI-2, RA-5",libXpm: libXpm: Denial of Service via out-of-bounds read in XPM file parsing,"A flaw was found in libXpm. A local user with low privileges could exploit an Out-of-Bounds Read vulnerability in the `xpmNextWord()` function by processing a specially crafted or very small XPM (X PixMap) image file. This improper validation of file boundaries can cause an internal pointer to read beyond the file's end, leading to application crashes and Denial of Service conditions.",vuln-scan,cve:CVE-2026-4367,nginx:1.27-alpine (alpine 3.21.3),,,"Upgrade libxpm to a release that remediates CVE-2026-4367. This is a vulnerability finding, not a config-drift playbook.",2026-09-27,,2026-09-27,No,,,Moderate,,,,,,,"default, not verified",,,CVE-2026-4367,"cpg_2_B,csf_PR_PS_02,nist80053_SI-2,nist80053_RA-5,cis_7_3,cis_7_4,cis_7_7"
EGP-F6C7334111,"SI-2, RA-5",libcurl: curl: QUIC certificate check skip with wolfSSL,"libcurl accidentally skips the certificate verification for QUIC connections when connecting to a host specified as an IP address in the URL. Therefore, it does not detect impostors or man-in-the-middle attacks.",vuln-scan,cve:CVE-2025-4947,nginx:1.27-alpine (alpine 3.21.3),,,"Upgrade curl to a release that remediates CVE-2025-4947. This is a vulnerability finding, not a config-drift playbook.",2026-09-27,,2026-09-27,No,,,Moderate,,,,,,,"default, not verified",,,CVE-2025-4947,"cpg_2_B,csf_PR_PS_02,nist80053_SI-2,nist80053_RA-5,cis_7_3,cis_7_4,cis_7_7"
EGP-8DE17C8C7A,"SI-2, RA-5",libcurl: libcurl: Certificate validation bypass due to incorrect connection reuse,"libcurl keeps previously used connections in a connection pool for subsequent
transfers to reuse if one of them matches the setup.

An easy handle that first uses default native CA trust can continue trusting
the native platform store after the application switches that same handle to
custom CA material for a later transfer.",vuln-scan,cve:CVE-2026-11564,httpd:2.4-alpine (alpine 3.24.1),,,"Upgrade libcurl to a release that remediates CVE-2026-11564. This is a vulnerability finding, not a config-drift playbook.",2026-09-27,,2026-09-27,No,,,Moderate,,,,,,,"default, not verified",,,CVE-2026-11564,"cpg_2_B,csf_PR_PS_02,nist80053_SI-2,nist80053_RA-5,cis_7_3,cis_7_4,cis_7_7"
EGP-8DE5590E4F,"SI-2, RA-5",libcurl: libcurl: Information disclosure due to failure to clear proxy authentication credentials,"libcurl had a flaw that when instructed to clear proxy authentication
credentials which made it not do so, leaving the old credentials around to get
used for subsequent transfers that should not know nor use them.",vuln-scan,cve:CVE-2026-9079,httpd:2.4-alpine (alpine 3.24.1),,,"Upgrade libcurl to a release that remediates CVE-2026-9079. This is a vulnerability finding, not a config-drift playbook.",2026-09-27,,2026-09-27,No,,,Moderate,,,,,,,"default, not verified",,,CVE-2026-9079,"cpg_2_B,csf_PR_PS_02,nist80053_SI-2,nist80053_RA-5,cis_7_3,cis_7_4,cis_7_7"
EGP-C3C5052218,"SI-2, RA-5",libcurl: libcurl: Information disclosure due to persistent Referer header,"A vulnerability in libcurl caused the HTTP `Referer:` header to persist even
when explicitly cleared. While the documentation states that passing NULL to
`CURLOPT_REFERER` suppresses the header, the option failed to clear the
internal state. As a result, the previous referrer string was erroneously
reused and sent in subsequent requests, potentially leaking sensitive
information to unintended servers.",vuln-scan,cve:CVE-2026-9546,httpd:2.4-alpine (alpine 3.24.1),,,"Upgrade libcurl to a release that remediates CVE-2026-9546. This is a vulnerability finding, not a config-drift playbook.",2026-09-27,,2026-09-27,No,,,Moderate,,,,,,,"default, not verified",,,CVE-2026-9546,"cpg_2_B,csf_PR_PS_02,nist80053_SI-2,nist80053_RA-5,cis_7_3,cis_7_4,cis_7_7"
EGP-2E5AC773B7,"SI-2, RA-5",libcurl: libcurl: Information disclosure via cached SSL session and early data,"In this scenario, libcurl first uses a proper HTTP/3 server for the initial
transfers, and when it makes a second transfer to the same site it has been
replaced by the attacker's impostor machine - without a valid certificate.

When libcurl returns to the hostname the second time with a cached SSL session
(`CURLOPT_SSL_SESSIONID_CACHE` is not disabled) and early data enabled (the
`CURLSSLOPT_EARLYDATA` bit is set in `CURLOPT_SSL_OPTIONS`), libcurl might
send off the second request's bytes on that new connection *before* enforcing
the certificate verification failure. Potentially leaking sensitive
information.",vuln-scan,cve:CVE-2026-9545,httpd:2.4-alpine (alpine 3.24.1),,,"Upgrade libcurl to a release that remediates CVE-2026-9545. This is a vulnerability finding, not a config-drift playbook.",2026-09-27,,2026-09-27,No,,,Moderate,,,,,,,"default, not verified",,,CVE-2026-9545,"cpg_2_B,csf_PR_PS_02,nist80053_SI-2,nist80053_RA-5,cis_7_3,cis_7_4,cis_7_7"
EGP-3E6E109293,"SI-2, RA-5",libcurl: libcurl: Security feature bypass due to improper mTLS connection reuse,"libcurl would reuse a previously created connection even when some mTLS config
related option had been changed that should have prohibited reuse.

libcurl keeps previously used connections in a connection pool for subsequent
transfers to reuse if one of them matches the setup. However, some TLS
settings related to client certificates were left out from the configuration
match checks, making them match too easily. In particular options related to
the private key.",vuln-scan,cve:CVE-2026-8932,httpd:2.4-alpine (alpine 3.24.1),,,"Upgrade libcurl to a release that remediates CVE-2026-8932. This is a vulnerability finding, not a config-drift playbook.",2026-09-27,,2026-09-27,No,,,Moderate,,,,,,,"default, not verified",,,CVE-2026-8932,"cpg_2_B,csf_PR_PS_02,nist80053_SI-2,nist80053_RA-5,cis_7_3,cis_7_4,cis_7_7"
EGP-700124BF08,"SI-2, RA-5",libcurl: libcurl: Use-after-free via curl_easy_pause() in CURLMOPT_SOCKETFUNCTION callback,"Calling `curl_easy_pause()` within the event-based `CURLMOPT_SOCKETFUNCTION`
callback triggers a use-after-free vulnerability, where libcurl attempts to
store a flag using a dangling struct pointer immediately after that pointer's
memory has been freed.",vuln-scan,cve:CVE-2026-9080,httpd:2.4-alpine (alpine 3.24.1),,,"Upgrade libcurl to a release that remediates CVE-2026-9080. This is a vulnerability finding, not a config-drift playbook.",2026-09-27,,2026-09-27,No,,,Moderate,,,,,,,"default, not verified",,,CVE-2026-9080,"cpg_2_B,csf_PR_PS_02,nist80053_SI-2,nist80053_RA-5,cis_7_3,cis_7_4,cis_7_7"
EGP-C324A36FC7,"SI-2, RA-5",libcurl: libcurl: Use-after-free vulnerability leading to Denial of Service,"A use-after-free vulnerability exists in libcurl when an application
configures an HTTP/2 stream-dependency tree via `CURLOPT_STREAM_DEPENDS` or
`CURLOPT_STREAM_DEPENDS_E`, subsequently invokes `curl_easy_reset()`, and
finally terminates the handle with `curl_easy_cleanup()`. During this final
cleanup phase, libcurl attempts to access and modify an internal structure
that was already freed during the reset operation.",vuln-scan,cve:CVE-2026-10536,httpd:2.4-alpine (alpine 3.24.1),,,"Upgrade libcurl to a release that remediates CVE-2026-10536. This is a vulnerability finding, not a config-drift playbook.",2026-09-27,,2026-09-27,No,,,Moderate,,,,,,,"default, not verified",,,CVE-2026-10536,"cpg_2_B,csf_PR_PS_02,nist80053_SI-2,nist80053_RA-5,cis_7_3,cis_7_4,cis_7_7"
EGP-60B666AE9C,"SI-2, RA-5",libexpat before 2.8.2 has an integer overflow in copyString.,libexpat before 2.8.2 has an integer overflow in copyString.,vuln-scan,cve:CVE-2026-56408,httpd:2.4-alpine (alpine 3.24.1),,,"Upgrade libexpat to a release that remediates CVE-2026-56408. This is a vulnerability finding, not a config-drift playbook.",2026-09-27,,2026-09-27,No,,,Moderate,,,,,,,"default, not verified",,,CVE-2026-56408,"cpg_2_B,csf_PR_PS_02,nist80053_SI-2,nist80053_RA-5,cis_7_3,cis_7_4,cis_7_7"
EGP-9C310AA90A,"SI-2, RA-5",libexpat before 2.8.2 has an integer overflow in copyString.,libexpat before 2.8.2 has an integer overflow in copyString.,vuln-scan,cve:CVE-2026-56408,nginx:1.27-alpine (alpine 3.21.3),,,"Upgrade libexpat to a release that remediates CVE-2026-56408. This is a vulnerability finding, not a config-drift playbook.",2026-09-27,,2026-09-27,No,,,Moderate,,,,,,,"default, not verified",,,CVE-2026-56408,"cpg_2_B,csf_PR_PS_02,nist80053_SI-2,nist80053_RA-5,cis_7_3,cis_7_4,cis_7_7"
EGP-51D2F57D3A,"SI-2, RA-5",libexpat: libexpat: Arbitrary Code Execution via integer overflow in addBinding,libexpat before 2.8.2 has an integer overflow in addBinding.,vuln-scan,cve:CVE-2026-56404,httpd:2.4-alpine (alpine 3.24.1),,,"Upgrade libexpat to a release that remediates CVE-2026-56404. This is a vulnerability finding, not a config-drift playbook.",2026-09-27,,2026-09-27,No,,,Moderate,,,,,,,"default, not verified",,,CVE-2026-56404,"cpg_2_B,csf_PR_PS_02,nist80053_SI-2,nist80053_RA-5,cis_7_3,cis_7_4,cis_7_7"
EGP-5326A91C9D,"SI-2, RA-5",libexpat: libexpat: Arbitrary Code Execution via integer overflow in addBinding,libexpat before 2.8.2 has an integer overflow in addBinding.,vuln-scan,cve:CVE-2026-56404,nginx:1.27-alpine (alpine 3.21.3),,,"Upgrade libexpat to a release that remediates CVE-2026-56404. This is a vulnerability finding, not a config-drift playbook.",2026-09-27,,2026-09-27,No,,,Moderate,,,,,,,"default, not verified",,,CVE-2026-56404,"cpg_2_B,csf_PR_PS_02,nist80053_SI-2,nist80053_RA-5,cis_7_3,cis_7_4,cis_7_7"
EGP-B1AD58076A,"SI-2, RA-5",libexpat: libexpat: Arbitrary code execution due to integer overflow,libexpat before 2.8.2 has an integer overflow in doProlog that is related to storeEntityValue and entity textLen.,vuln-scan,cve:CVE-2026-56407,httpd:2.4-alpine (alpine 3.24.1),,,"Upgrade libexpat to a release that remediates CVE-2026-56407. This is a vulnerability finding, not a config-drift playbook.",2026-09-27,,2026-09-27,No,,,Moderate,,,,,,,"default, not verified",,,CVE-2026-56407,"cpg_2_B,csf_PR_PS_02,nist80053_SI-2,nist80053_RA-5,cis_7_3,cis_7_4,cis_7_7"
EGP-BA3680672A,"SI-2, RA-5",libexpat: libexpat: Arbitrary code execution due to integer overflow,libexpat before 2.8.2 has an integer overflow in doProlog that is related to storeEntityValue and entity textLen.,vuln-scan,cve:CVE-2026-56407,nginx:1.27-alpine (alpine 3.21.3),,,"Upgrade libexpat to a release that remediates CVE-2026-56407. This is a vulnerability finding, not a config-drift playbook.",2026-09-27,,2026-09-27,No,,,Moderate,,,,,,,"default, not verified",,,CVE-2026-56407,"cpg_2_B,csf_PR_PS_02,nist80053_SI-2,nist80053_RA-5,cis_7_3,cis_7_4,cis_7_7"
EGP-81C7F272C0,"SI-2, RA-5",libexpat: libexpat: Arbitrary code execution due to integer overflow in storeAtts,libexpat before 2.8.2 has an integer overflow in storeAtts.,vuln-scan,cve:CVE-2026-56403,httpd:2.4-alpine (alpine 3.24.1),,,"Upgrade libexpat to a release that remediates CVE-2026-56403. This is a vulnerability finding, not a config-drift playbook.",2026-09-27,,2026-09-27,No,,,Moderate,,,,,,,"default, not verified",,,CVE-2026-56403,"cpg_2_B,csf_PR_PS_02,nist80053_SI-2,nist80053_RA-5,cis_7_3,cis_7_4,cis_7_7"
EGP-81E2AC7F11,"SI-2, RA-5",libexpat: libexpat: Arbitrary code execution due to integer overflow in storeAtts,libexpat before 2.8.2 has an integer overflow in storeAtts.,vuln-scan,cve:CVE-2026-56403,nginx:1.27-alpine (alpine 3.21.3),,,"Upgrade libexpat to a release that remediates CVE-2026-56403. This is a vulnerability finding, not a config-drift playbook.",2026-09-27,,2026-09-27,No,,,Moderate,,,,,,,"default, not verified",,,CVE-2026-56403,"cpg_2_B,csf_PR_PS_02,nist80053_SI-2,nist80053_RA-5,cis_7_3,cis_7_4,cis_7_7"
EGP-71C2282FEA,"SI-2, RA-5",libexpat: libexpat: Arbitrary code execution via integer overflow in XML_ParseBuffer,libexpat before 2.8.2 has an integer overflow in XML_ParseBuffer because it lacked a check that was present in XML_Parse.,vuln-scan,cve:CVE-2026-56406,httpd:2.4-alpine (alpine 3.24.1),,,"Upgrade libexpat to a release that remediates CVE-2026-56406. This is a vulnerability finding, not a config-drift playbook.",2026-09-27,,2026-09-27,No,,,Moderate,,,,,,,"default, not verified",,,CVE-2026-56406,"cpg_2_B,csf_PR_PS_02,nist80053_SI-2,nist80053_RA-5,cis_7_3,cis_7_4,cis_7_7"
EGP-239C6D5265,"SI-2, RA-5",libexpat: libexpat: Arbitrary code execution via integer overflow in XML_ParseBuffer,libexpat before 2.8.2 has an integer overflow in XML_ParseBuffer because it lacked a check that was present in XML_Parse.,vuln-scan,cve:CVE-2026-56406,nginx:1.27-alpine (alpine 3.21.3),,,"Upgrade libexpat to a release that remediates CVE-2026-56406. This is a vulnerability finding, not a config-drift playbook.",2026-09-27,,2026-09-27,No,,,Moderate,,,,,,,"default, not verified",,,CVE-2026-56406,"cpg_2_B,csf_PR_PS_02,nist80053_SI-2,nist80053_RA-5,cis_7_3,cis_7_4,cis_7_7"
EGP-D9267D75F9,"SI-2, RA-5",libexpat: libexpat: Denial of Service due to NULL pointer dereference,libexpat before 2.7.5 allows a NULL pointer dereference with empty external parameter entity content.,vuln-scan,cve:CVE-2026-32776,nginx:1.27-alpine (alpine 3.21.3),,,"Upgrade libexpat to a release that remediates CVE-2026-32776. This is a vulnerability finding, not a config-drift playbook.",2026-09-27,,2026-09-27,No,,,Moderate,,,,,,,"default, not verified",,,CVE-2026-32776,"cpg_2_B,csf_PR_PS_02,nist80053_SI-2,nist80053_RA-5,cis_7_3,cis_7_4,cis_7_7"
EGP-BE0D7B0742,"SI-2, RA-5",libexpat: libexpat: Denial of Service via NULL pointer dereference after out-of-memory condition,libexpat before 2.7.5 allows a NULL pointer dereference in the function setContext on retry after an earlier ouf-of-memory condition.,vuln-scan,cve:CVE-2026-32778,nginx:1.27-alpine (alpine 3.21.3),,,"Upgrade libexpat to a release that remediates CVE-2026-32778. This is a vulnerability finding, not a config-drift playbook.",2026-09-27,,2026-09-27,No,,,Moderate,,,,,,,"default, not verified",,,CVE-2026-32778,"cpg_2_B,csf_PR_PS_02,nist80053_SI-2,nist80053_RA-5,cis_7_3,cis_7_4,cis_7_7"
EGP-9D3D43F0F9,"SI-2, RA-5",libexpat: libexpat: Denial of Service via infinite loop in DTD content parsing,libexpat before 2.7.5 allows an infinite loop while parsing DTD content.,vuln-scan,cve:CVE-2026-32777,nginx:1.27-alpine (alpine 3.21.3),,,"Upgrade libexpat to a release that remediates CVE-2026-32777. This is a vulnerability finding, not a config-drift playbook.",2026-09-27,,2026-09-27,No,,,Moderate,,,,,,,"default, not verified",,,CVE-2026-32777,"cpg_2_B,csf_PR_PS_02,nist80053_SI-2,nist80053_RA-5,cis_7_3,cis_7_4,cis_7_7"
EGP-BFBCCEF50A,"SI-2, RA-5",libexpat: libexpat: Information disclosure and arbitrary code execution via integer overflow,libexpat before 2.8.2 has an integer overflow in getAttributeId.,vuln-scan,cve:CVE-2026-56405,httpd:2.4-alpine (alpine 3.24.1),,,"Upgrade libexpat to a release that remediates CVE-2026-56405. This is a vulnerability finding, not a config-drift playbook.",2026-09-27,,2026-09-27,No,,,Moderate,,,,,,,"default, not verified",,,CVE-2026-56405,"cpg_2_B,csf_PR_PS_02,nist80053_SI-2,nist80053_RA-5,cis_7_3,cis_7_4,cis_7_7"
EGP-80F4D688C3,"SI-2, RA-5",libexpat: libexpat: Information disclosure and arbitrary code execution via integer overflow,libexpat before 2.8.2 has an integer overflow in getAttributeId.,vuln-scan,cve:CVE-2026-56405,nginx:1.27-alpine (alpine 3.21.3),,,"Upgrade libexpat to a release that remediates CVE-2026-56405. This is a vulnerability finding, not a config-drift playbook.",2026-09-27,,2026-09-27,No,,,Moderate,,,,,,,"default, not verified",,,CVE-2026-56405,"cpg_2_B,csf_PR_PS_02,nist80053_SI-2,nist80053_RA-5,cis_7_3,cis_7_4,cis_7_7"
EGP-0D8BABEAC3,"SI-2, RA-5",libexpat: libexpat: Integer overflow in xmlwf can lead to information disclosure and arbitrary code execution.,xmlwf in libexpat before 2.8.2 has an integer overflow in resolveSystemId.,vuln-scan,cve:CVE-2026-56410,httpd:2.4-alpine (alpine 3.24.1),,,"Upgrade libexpat to a release that remediates CVE-2026-56410. This is a vulnerability finding, not a config-drift playbook.",2026-09-27,,2026-09-27,No,,,Moderate,,,,,,,"default, not verified",,,CVE-2026-56410,"cpg_2_B,csf_PR_PS_02,nist80053_SI-2,nist80053_RA-5,cis_7_3,cis_7_4,cis_7_7"
EGP-5D59F0C748,"SI-2, RA-5",libexpat: libexpat: Integer overflow in xmlwf can lead to information disclosure and arbitrary code execution.,xmlwf in libexpat before 2.8.2 has an integer overflow in resolveSystemId.,vuln-scan,cve:CVE-2026-56410,nginx:1.27-alpine (alpine 3.21.3),,,"Upgrade libexpat to a release that remediates CVE-2026-56410. This is a vulnerability finding, not a config-drift playbook.",2026-09-27,,2026-09-27,No,,,Moderate,,,,,,,"default, not verified",,,CVE-2026-56410,"cpg_2_B,csf_PR_PS_02,nist80053_SI-2,nist80053_RA-5,cis_7_3,cis_7_4,cis_7_7"
EGP-1CF4DBE655,"SI-2, RA-5",libexpat: libexpat: Use-after-free vulnerability due to improper handling of XML CDATA sections,"libexpat before 2.8.2 does not consider XML_TOK_DATA_CHARS in doCdataSection and thus lacks handler call depth tracking for various calls from within handlers in cases of a policy violation. Thus, a use-after-free can occur. NOTE: this issue exists because of an incomplete fix for CVE-2026-50219.",vuln-scan,cve:CVE-2026-56412,httpd:2.4-alpine (alpine 3.24.1),,,"Upgrade libexpat to a release that remediates CVE-2026-56412. This is a vulnerability finding, not a config-drift playbook.",2026-09-27,,2026-09-27,No,,,Moderate,,,,,,,"default, not verified",,,CVE-2026-56412,"cpg_2_B,csf_PR_PS_02,nist80053_SI-2,nist80053_RA-5,cis_7_3,cis_7_4,cis_7_7"
EGP-C3A0E296E8,"SI-2, RA-5",libexpat: libexpat: Use-after-free vulnerability due to improper handling of XML CDATA sections,"libexpat before 2.8.2 does not consider XML_TOK_DATA_CHARS in doCdataSection and thus lacks handler call depth tracking for various calls from within handlers in cases of a policy violation. Thus, a use-after-free can occur. NOTE: this issue exists because of an incomplete fix for CVE-2026-50219.",vuln-scan,cve:CVE-2026-56412,nginx:1.27-alpine (alpine 3.21.3),,,"Upgrade libexpat to a release that remediates CVE-2026-56412. This is a vulnerability finding, not a config-drift playbook.",2026-09-27,,2026-09-27,No,,,Moderate,,,,,,,"default, not verified",,,CVE-2026-56412,"cpg_2_B,csf_PR_PS_02,nist80053_SI-2,nist80053_RA-5,cis_7_3,cis_7_4,cis_7_7"
EGP-44E4ADD100,"SI-2, RA-5",libexpat: libexpat: Use-after-free vulnerability due to insufficient handler call depth tracking,"libexpat before 2.8.2 lacks handler call depth tracking for calls to XML_ResumeParser from within handlers in cases of a policy violation. Thus, a use-after-free can occur (similar to the CVE-2026-50219 situation).",vuln-scan,cve:CVE-2026-56131,httpd:2.4-alpine (alpine 3.24.1),,,"Upgrade libexpat to a release that remediates CVE-2026-56131. This is a vulnerability finding, not a config-drift playbook.",2026-09-27,,2026-09-27,No,,,Moderate,,,,,,,"default, not verified",,,CVE-2026-56131,"cpg_2_B,csf_PR_PS_02,nist80053_SI-2,nist80053_RA-5,cis_7_3,cis_7_4,cis_7_7"
EGP-9146FC701A,"SI-2, RA-5",libexpat: libexpat: Use-after-free vulnerability due to insufficient handler call depth tracking,"libexpat before 2.8.2 lacks handler call depth tracking for calls to XML_ResumeParser from within handlers in cases of a policy violation. Thus, a use-after-free can occur (similar to the CVE-2026-50219 situation).",vuln-scan,cve:CVE-2026-56131,nginx:1.27-alpine (alpine 3.21.3),,,"Upgrade libexpat to a release that remediates CVE-2026-56131. This is a vulnerability finding, not a config-drift playbook.",2026-09-27,,2026-09-27,No,,,Moderate,,,,,,,"default, not verified",,,CVE-2026-56131,"cpg_2_B,csf_PR_PS_02,nist80053_SI-2,nist80053_RA-5,cis_7_3,cis_7_4,cis_7_7"
EGP-40AD830876,"SI-2, RA-5",libpng: LIBPNG heap buffer over-read,"LIBPNG is a reference library for use in applications that read, create, and manipulate PNG (Portable Network Graphics) raster image files. From version 1.6.0 to before 1.6.51, a heap buffer over-read vulnerability exists in libpng's png_write_image_8bit function when processing 8-bit images through the simplified write API with convert_to_8bit enabled. The vulnerability affects 8-bit grayscale+alpha, RGB/RGBA, and images with incomplete row data. A conditional guard incorrectly allows 8-bit input to enter code expecting 16-bit input, causing reads up to 2 bytes beyond allocated buffer boundaries. This issue has been patched in version 1.6.51.",vuln-scan,cve:CVE-2025-64506,nginx:1.27-alpine (alpine 3.21.3),,,"Upgrade libpng to a release that remediates CVE-2025-64506. This is a vulnerability finding, not a config-drift playbook.",2026-09-27,,2026-09-27,No,,,Moderate,,,,,,,"default, not verified",,,CVE-2025-64506,"cpg_2_B,csf_PR_PS_02,nist80053_SI-2,nist80053_RA-5,cis_7_3,cis_7_4,cis_7_7"
EGP-E19EEE36D3,"SI-2, RA-5",libpng: LIBPNG heap buffer overflow via malformed palette index,"LIBPNG is a reference library for use in applications that read, create, and manipulate PNG (Portable Network Graphics) raster image files. Prior to version 1.6.51, a heap buffer over-read vulnerability exists in libpng's png_do_quantize function when processing PNG files with malformed palette indices. The vulnerability occurs when palette_lookup array bounds are not validated against externally-supplied image data, allowing an attacker to craft a PNG file with out-of-range palette indices that trigger out-of-bounds memory access. This issue has been patched in version 1.6.51.",vuln-scan,cve:CVE-2025-64505,nginx:1.27-alpine (alpine 3.21.3),,,"Upgrade libpng to a release that remediates CVE-2025-64505. This is a vulnerability finding, not a config-drift playbook.",2026-09-27,,2026-09-27,No,,,Moderate,,,,,,,"default, not verified",,,CVE-2025-64505,"cpg_2_B,csf_PR_PS_02,nist80053_SI-2,nist80053_RA-5,cis_7_3,cis_7_4,cis_7_7"
EGP-6FF2862957,"SI-2, RA-5",libpng: libpng: Arbitrary code execution due to use-after-free vulnerability,"LIBPNG is a reference library for use in applications that read, create, and manipulate PNG (Portable Network Graphics) raster image files. In versions 1.2.1 through 1.6.55, `png_set_tRNS` and `png_set_PLTE` each alias a heap-allocated buffer between `png_struct` and `png_info`, sharing a single allocation across two structs with independent lifetimes. The `trans_alpha` aliasing has been present since at least libpng 1.0, and the `palette` aliasing since at least 1.2.1. Both affect all prior release lines `png_set_tRNS` sets `png_ptr->trans_alpha = info_ptr->trans_alpha` (256-byte buffer) and `png_set_PLTE` sets `info_ptr->palette = png_ptr->palette` (768-byte buffer). In both cases, calling `png_free_data` (with `PNG_FREE_TRNS` or `PNG_FREE_PLTE`) frees the buffer through `info_ptr` while the corresponding `png_ptr` pointer remains dangling. Subsequent row-transform functions dereference and, in some code paths, write to the freed memory. A second call to `png_set_tRNS` or `png_set_PLTE` has the same effect, because both functions call `png_free_data` internally before reallocating the `info_ptr` buffer. Version 1.6.56 fixes the issue.",vuln-scan,cve:CVE-2026-33416,nginx:1.27-alpine (alpine 3.21.3),,,"Upgrade libpng to a release that remediates CVE-2026-33416. This is a vulnerability finding, not a config-drift playbook.",2026-09-27,,2026-09-27,No,,,Moderate,,,,,,,"default, not verified",,,CVE-2026-33416,"cpg_2_B,csf_PR_PS_02,nist80053_SI-2,nist80053_RA-5,cis_7_3,cis_7_4,cis_7_7"
EGP-1A82042D74,"SI-2, RA-5",libpng: libpng: Information disclosure and data corruption via use-after-free vulnerability,"LIBPNG is a reference library for use in applications that read, create, and manipulate PNG (Portable Network Graphics) raster image files. From 1.0.9 to before 1.6.57, passing a pointer obtained from png_get_PLTE, png_get_tRNS, or png_get_hIST back into the corresponding setter on the same png_struct/png_info pair causes the setter to read from freed memory and copy its contents into the replacement buffer. The setter frees the internal buffer before copying from the caller-supplied pointer, which now dangles. The freed region may contain stale data (producing silently corrupted chunk metadata) or data from subsequent heap allocations (leaking unrelated heap contents into the chunk struct). This vulnerability is fixed in 1.6.57.",vuln-scan,cve:CVE-2026-34757,nginx:1.27-alpine (alpine 3.21.3),,,"Upgrade libpng to a release that remediates CVE-2026-34757. This is a vulnerability finding, not a config-drift playbook.",2026-09-27,,2026-09-27,No,,,Moderate,,,,,,,"default, not verified",,,CVE-2026-34757,"cpg_2_B,csf_PR_PS_02,nist80053_SI-2,nist80053_RA-5,cis_7_3,cis_7_4,cis_7_7"
EGP-365694CFF1,"SI-2, RA-5",libpng: libpng: Information disclosure and denial of service via out-of-bounds read/write in Neon palette expansion,"LIBPNG is a reference library for use in applications that read, create, and manipulate PNG (Portable Network Graphics) raster image files. In versions 1.6.36 through 1.6.55, an out-of-bounds read and write exists in libpng's ARM/AArch64 Neon-optimized palette expansion path. When expanding 8-bit paletted rows to RGB or RGBA, the Neon loop processes a final partial chunk without verifying that enough input pixels remain. Because the implementation works backward from the end of the row, the final iteration dereferences pointers before the start of the row buffer (OOB read) and writes expanded pixel data to the same underflowed positions (OOB write). This is reachable via normal decoding of attacker-controlled PNG input if Neon is enabled. Version 1.6.56 fixes the issue.",vuln-scan,cve:CVE-2026-33636,nginx:1.27-alpine (alpine 3.21.3),,,"Upgrade libpng to a release that remediates CVE-2026-33636. This is a vulnerability finding, not a config-drift playbook.",2026-09-27,,2026-09-27,No,,,Moderate,,,,,,,"default, not verified",,,CVE-2026-33636,"cpg_2_B,csf_PR_PS_02,nist80053_SI-2,nist80053_RA-5,cis_7_3,cis_7_4,cis_7_7"
EGP-1DA62564F1,"SI-2, RA-5",libxml2: Integer Overflow in xmlBuildQName() Leads to Stack Buffer Overflow in libxml2,"A flaw was found in libxml2's xmlBuildQName function, where integer overflows in buffer size calculations can lead to a stack-based buffer overflow. This issue can result in memory corruption or a denial of service when processing crafted input.",vuln-scan,cve:CVE-2025-6021,nginx:1.27-alpine (alpine 3.21.3),,,"Upgrade libxml2 to a release that remediates CVE-2025-6021. This is a vulnerability finding, not a config-drift playbook.",2026-09-27,,2026-09-27,No,,,Moderate,,,,,,,"default, not verified",,,CVE-2025-6021,"cpg_2_B,csf_PR_PS_02,nist80053_SI-2,nist80053_RA-5,cis_7_3,cis_7_4,cis_7_7"
EGP-9B9EBFBFD8,"SI-2, RA-5",linux-pam: Plaintext password recovery via timing discrepancy in pam_userdb module,Linux-PAM through 1.7.2 contains an observable timing discrepancy (CWE-208) in the pam_userdb module's plaintext-password comparison path in modules/pam_userdb/pam_userdb.c that allows a local or network-adjacent attacker able to repeatedly drive authentication through a calling service to recover the plaintext password of a target account by measuring response-timing differences.,vuln-scan,cve:CVE-2026-54411,stilliard/pure-ftpd:latest (debian 13.6),,,"Upgrade libpam-modules to a release that remediates CVE-2026-54411. This is a vulnerability finding, not a config-drift playbook.",2026-09-27,,2026-09-27,No,,,Moderate,,,,,,,"default, not verified",,,CVE-2026-54411,"cpg_2_B,csf_PR_PS_02,nist80053_SI-2,nist80053_RA-5,cis_7_3,cis_7_4,cis_7_7"
EGP-49A6C77292,"SI-2, RA-5",mariadb: MariaDB server: Information disclosure of stored routine definitions due to insufficient privilege check,"MariaDB server is a community developed fork of MySQL server. From versions 11.4.1 to before 11.4.11, 11.8.1 to before 11.8.7, and 12.3.1, a user getting EXECUTE access to a stored routine via a role, could see the routine definition even without SHOW CREATE ROUTINE privilege. This issue has been patched in versions 11.4.11, 11.8.7, and 12.3.2.",vuln-scan,cve:CVE-2026-44169,stilliard/pure-ftpd:latest (debian 13.6),,,"Upgrade libmariadb3 to a release that remediates CVE-2026-44169. This is a vulnerability finding, not a config-drift playbook.",2026-09-27,,2026-09-27,No,,,Moderate,,,,,,,"default, not verified",,,CVE-2026-44169,"cpg_2_B,csf_PR_PS_02,nist80053_SI-2,nist80053_RA-5,cis_7_3,cis_7_4,cis_7_7"
EGP-D6A4FDFD2C,"SI-2, RA-5",mariadb: MariaDB: Privilege bypass allows unauthorized file write via subqueries,"MariaDB server is a community developed fork of MySQL server. From versions 10.6.1 to before 10.6.26, 10.11.1 to before 10.11.17, 11.4.1 to before 11.4.11, 11.8.1 to before 11.8.7, and 12.3.1, MariaDB allowed SELECT ... INTO OUTFILE and SELECT ... INTO DUMPFILE without verifying the FILE privilege if the FROM clause contained only subqueries. This issue has been patched in versions 10.6.26, 10.11.17, 11.4.11, 11.8.7, and 12.3.2.",vuln-scan,cve:CVE-2026-44173,stilliard/pure-ftpd:latest (debian 13.6),,,"Upgrade libmariadb3 to a release that remediates CVE-2026-44173. This is a vulnerability finding, not a config-drift playbook.",2026-09-27,,2026-09-27,No,,,Moderate,,,,,,,"default, not verified",,,CVE-2026-44173,"cpg_2_B,csf_PR_PS_02,nist80053_SI-2,nist80053_RA-5,cis_7_3,cis_7_4,cis_7_7"
EGP-A76102B76F,"SI-2, RA-5",musl libc: GB18030 4-byte Decoder: musl libc: Denial of Service via inefficient algorithmic complexity in iconv,"A security flaw has been discovered in musl libc up to 1.2.6. Affected is the function iconv of the file src/locale/iconv.c of the component GB18030 4-byte Decoder. Performing a manipulation results in inefficient algorithmic complexity. The attack must be initiated from a local position. To fix this issue, it is recommended to deploy a patch.",vuln-scan,cve:CVE-2026-6042,nginx:1.27-alpine (alpine 3.21.3),,,"Upgrade musl to a release that remediates CVE-2026-6042. This is a vulnerability finding, not a config-drift playbook.",2026-09-27,,2026-09-27,No,,,Moderate,,,,,,,"default, not verified",,,CVE-2026-6042,"cpg_2_B,csf_PR_PS_02,nist80053_SI-2,nist80053_RA-5,cis_7_3,cis_7_4,cis_7_7"
EGP-0511B33F37,"SI-2, RA-5",mysql: Replication unspecified vulnerability (CPU Jul 2026),"Vulnerability in the MySQL Server, MySQL Cluster product of Oracle MySQL (component: Server: Replication).  Supported versions that are affected are MySQL Server: 8.4.0-8.4.10, 9.7.0-9.7.1; MySQL Cluster: 8.0.0-8.0.47, 8.4.0-8.4.10 and  9.7.0-9.7.1. Easily exploitable vulnerability allows high privileged attacker with network access via multiple protocols to compromise MySQL Server, MySQL Cluster.  Successful attacks of this vulnerability can result in unauthorized ability to cause a hang or frequently repeatable crash (complete DOS) of MySQL Server, MySQL Cluster. CVSS 3.1 Base Score 4.9 (Availability impacts).  CVSS Vector: (CVSS:3.1/AV:N/AC:L/PR:H/UI:N/S:U/C:N/I:N/A:H).",vuln-scan,cve:CVE-2026-47023,stilliard/pure-ftpd:latest (debian 13.6),,,"Upgrade libmariadb3 to a release that remediates CVE-2026-47023. This is a vulnerability finding, not a config-drift playbook.",2026-09-27,,2026-09-27,No,,,Moderate,,,,,,,"default, not verified",,,CVE-2026-47023,"cpg_2_B,csf_PR_PS_02,nist80053_SI-2,nist80053_RA-5,cis_7_3,cis_7_4,cis_7_7"
EGP-F8DCBA01F5,"SI-2, RA-5",mysql: Replication unspecified vulnerability (CPU Jul 2026),"Vulnerability in the MySQL Server, MySQL Cluster product of Oracle MySQL (component: Server: Replication).  Supported versions that are affected are MySQL Server: 8.4.0-8.4.10, 9.7.0-9.7.1; MySQL Cluster: 8.0.0-8.0.47, 8.4.0-8.4.10 and  9.7.0-9.7.1. Difficult to exploit vulnerability allows high privileged attacker with network access via multiple protocols to compromise MySQL Server, MySQL Cluster.  Successful attacks of this vulnerability can result in unauthorized ability to cause a hang or frequently repeatable crash (complete DOS) of MySQL Server, MySQL Cluster. CVSS 3.1 Base Score 4.4 (Availability impacts).  CVSS Vector: (CVSS:3.1/AV:N/AC:H/PR:H/UI:N/S:U/C:N/I:N/A:H).",vuln-scan,cve:CVE-2026-60184,stilliard/pure-ftpd:latest (debian 13.6),,,"Upgrade libmariadb3 to a release that remediates CVE-2026-60184. This is a vulnerability finding, not a config-drift playbook.",2026-09-27,,2026-09-27,No,,,Moderate,,,,,,,"default, not verified",,,CVE-2026-60184,"cpg_2_B,csf_PR_PS_02,nist80053_SI-2,nist80053_RA-5,cis_7_3,cis_7_4,cis_7_7"
EGP-3829CDBC80,"SI-2, RA-5",mysql: Replication unspecified vulnerability (CPU Jul 2026),"Vulnerability in the MySQL Server, MySQL Cluster product of Oracle MySQL (component: Server: Replication).  Supported versions that are affected are MySQL Server: 8.4.0-8.4.10, 9.7.0-9.7.1; MySQL Cluster: 8.0.0-8.0.47, 8.4.0-8.4.10 and  9.7.0-9.7.1. Difficult to exploit vulnerability allows high privileged attacker with logon to the infrastructure where MySQL Server, MySQL Cluster executes to compromise MySQL Server, MySQL Cluster.  Successful attacks of this vulnerability can result in takeover of MySQL Server, MySQL Cluster. CVSS 3.1 Base Score 6.4 (Confidentiality, Integrity and Availability impacts).  CVSS Vector: (CVSS:3.1/AV:L/AC:H/PR:H/UI:N/S:U/C:H/I:H/A:H).",vuln-scan,cve:CVE-2026-60331,stilliard/pure-ftpd:latest (debian 13.6),,,"Upgrade libmariadb3 to a release that remediates CVE-2026-60331. This is a vulnerability finding, not a config-drift playbook.",2026-09-27,,2026-09-27,No,,,Moderate,,,,,,,"default, not verified",,,CVE-2026-60331,"cpg_2_B,csf_PR_PS_02,nist80053_SI-2,nist80053_RA-5,cis_7_3,cis_7_4,cis_7_7"
EGP-F41FA9E1CE,"SI-2, RA-5",mysql: Replication unspecified vulnerability (CPU Jul 2026),"Vulnerability in the MySQL Server, MySQL Cluster product of Oracle MySQL (component: Server: Replication).  Supported versions that are affected are MySQL Server: 8.4.0-8.4.10, 9.7.0-9.7.1; MySQL Cluster: 8.0.0-8.0.47, 8.4.0-8.4.10 and  9.7.0-9.7.1. Difficult to exploit vulnerability allows high privileged attacker with network access via multiple protocols to compromise MySQL Server, MySQL Cluster.  Successful attacks of this vulnerability can result in takeover of MySQL Server, MySQL Cluster. CVSS 3.1 Base Score 6.6 (Confidentiality, Integrity and Availability impacts).  CVSS Vector: (CVSS:3.1/AV:N/AC:H/PR:H/UI:N/S:U/C:H/I:H/A:H).",vuln-scan,cve:CVE-2026-60585,stilliard/pure-ftpd:latest (debian 13.6),,,"Upgrade libmariadb3 to a release that remediates CVE-2026-60585. This is a vulnerability finding, not a config-drift playbook.",2026-09-27,,2026-09-27,No,,,Moderate,,,,,,,"default, not verified",,,CVE-2026-60585,"cpg_2_B,csf_PR_PS_02,nist80053_SI-2,nist80053_RA-5,cis_7_3,cis_7_4,cis_7_7"
EGP-201DA575EC,"SI-2, RA-5",mysql: Replication unspecified vulnerability (CPU Jul 2026),"Vulnerability in the MySQL Server, MySQL Cluster product of Oracle MySQL (component: Server: Replication).  Supported versions that are affected are MySQL Server: 8.4.0-8.4.10, 9.7.0-9.7.1; MySQL Cluster: 8.0.0-8.0.47, 8.4.0-8.4.10 and  9.7.0-9.7.1. Easily exploitable vulnerability allows unauthenticated attacker with logon to the infrastructure where MySQL Server, MySQL Cluster executes to compromise MySQL Server, MySQL Cluster.  Successful attacks of this vulnerability can result in unauthorized ability to cause a hang or frequently repeatable crash (complete DOS) of MySQL Server, MySQL Cluster. CVSS 3.1 Base Score 6.2 (Availability impacts).  CVSS Vector: (CVSS:3.1/AV:L/AC:L/PR:N/UI:N/S:U/C:N/I:N/A:H).",vuln-scan,cve:CVE-2026-60747,stilliard/pure-ftpd:latest (debian 13.6),,,"Upgrade libmariadb3 to a release that remediates CVE-2026-60747. This is a vulnerability finding, not a config-drift playbook.",2026-09-27,,2026-09-27,No,,,Moderate,,,,,,,"default, not verified",,,CVE-2026-60747,"cpg_2_B,csf_PR_PS_02,nist80053_SI-2,nist80053_RA-5,cis_7_3,cis_7_4,cis_7_7"
EGP-ADCBA39489,"SI-2, RA-5","net/http/httputil: golang: net/http/httputil: ReverseProxy forwards hidden query parameters, potentially bypassing security controls","ReverseProxy can forward queries containing parameters not visible to Rewrite functions. When used with a Rewrite function, or a Director function which parses query parameters, ReverseProxy sanitizes the forwarded request to remove query parameters which are not parsed by url.ParseQuery. ReverseProxy does not take ParseQuery's limit on the total number of query parameters (controlled by GODEBUG=urlmaxqueryparams=N) into account. This can permit ReverseProxy to forward a request containing a query parameter that is not visible to the Rewrite function. For example, the query ""a1=x&a2=x&...&a10000=x&hidden=y"" can forward the parameter ""hidden=y"" while hiding it from the proxy's Rewrite function.",vuln-scan,cve:CVE-2026-39825,usr/local/bin/gosu,,,"Upgrade stdlib to a release that remediates CVE-2026-39825. This is a vulnerability finding, not a config-drift playbook.",2026-09-27,,2026-09-27,No,,,Moderate,,,,,,,"default, not verified",,,CVE-2026-39825,"cpg_2_B,csf_PR_PS_02,nist80053_SI-2,nist80053_RA-5,cis_7_3,cis_7_4,cis_7_7"
EGP-B5FF1F113B,"SI-2, RA-5","net/http/httputil: golang: net/http/httputil: ReverseProxy forwards hidden query parameters, potentially bypassing security controls","ReverseProxy can forward queries containing parameters not visible to Rewrite functions. When used with a Rewrite function, or a Director function which parses query parameters, ReverseProxy sanitizes the forwarded request to remove query parameters which are not parsed by url.ParseQuery. ReverseProxy does not take ParseQuery's limit on the total number of query parameters (controlled by GODEBUG=urlmaxqueryparams=N) into account. This can permit ReverseProxy to forward a request containing a query parameter that is not visible to the Rewrite function. For example, the query ""a1=x&a2=x&...&a10000=x&hidden=y"" can forward the parameter ""hidden=y"" while hiding it from the proxy's Rewrite function.",vuln-scan,cve:CVE-2026-39825,usr/local/go/pkg/tool/linux_amd64/vet,,,"Upgrade stdlib to a release that remediates CVE-2026-39825. This is a vulnerability finding, not a config-drift playbook.",2026-09-27,,2026-09-27,No,,,Moderate,,,,,,,"default, not verified",,,CVE-2026-39825,"cpg_2_B,csf_PR_PS_02,nist80053_SI-2,nist80053_RA-5,cis_7_3,cis_7_4,cis_7_7"
EGP-2473AB12D3,"SI-2, RA-5","net/http/httputil: golang: net/http/httputil: ReverseProxy forwards hidden query parameters, potentially bypassing security controls","ReverseProxy can forward queries containing parameters not visible to Rewrite functions. When used with a Rewrite function, or a Director function which parses query parameters, ReverseProxy sanitizes the forwarded request to remove query parameters which are not parsed by url.ParseQuery. ReverseProxy does not take ParseQuery's limit on the total number of query parameters (controlled by GODEBUG=urlmaxqueryparams=N) into account. This can permit ReverseProxy to forward a request containing a query parameter that is not visible to the Rewrite function. For example, the query ""a1=x&a2=x&...&a10000=x&hidden=y"" can forward the parameter ""hidden=y"" while hiding it from the proxy's Rewrite function.",vuln-scan,cve:CVE-2026-39825,whoami,,,"Upgrade stdlib to a release that remediates CVE-2026-39825. This is a vulnerability finding, not a config-drift playbook.",2026-09-27,,2026-09-27,No,,,Moderate,,,,,,,"default, not verified",,,CVE-2026-39825,"cpg_2_B,csf_PR_PS_02,nist80053_SI-2,nist80053_RA-5,cis_7_3,cis_7_4,cis_7_7"
EGP-6F2FBDDBFB,"SI-2, RA-5",net/http: Denial of service due to improper 100-continue handling in net/http,"The net/http HTTP/1.1 client mishandled the case where a server responds to a request with an ""Expect: 100-continue"" header with a non-informational (200 or higher) status. This mishandling could leave a client connection in an invalid state, where the next request sent on the connection will fail. An attacker sending a request to a net/http/httputil.ReverseProxy proxy can exploit this mishandling to cause a denial of service by sending ""Expect: 100-continue"" requests which elicit a non-informational response from the backend. Each such request leaves the proxy with an invalid connection, and causes one subsequent request using that connection to fail.",vuln-scan,cve:CVE-2024-24791,usr/local/go/pkg/tool/linux_amd64/vet,,,"Upgrade stdlib to a release that remediates CVE-2024-24791. This is a vulnerability finding, not a config-drift playbook.",2026-09-27,,2026-09-27,No,,,Moderate,,,,,,,"default, not verified",,,CVE-2024-24791,"cpg_2_B,csf_PR_PS_02,nist80053_SI-2,nist80053_RA-5,cis_7_3,cis_7_4,cis_7_7"
EGP-59747C3772,"SI-2, RA-5",net/http: Request smuggling due to acceptance of invalid chunked data in net/http,The net/http package improperly accepts a bare LF as a line terminator in chunked data chunk-size lines. This can permit request smuggling if a net/http server is used in conjunction with a server that incorrectly accepts a bare LF as part of a chunk-ext.,vuln-scan,cve:CVE-2025-22871,usr/local/go/pkg/tool/linux_amd64/vet,,,"Upgrade stdlib to a release that remediates CVE-2025-22871. This is a vulnerability finding, not a config-drift playbook.",2026-09-27,,2026-09-27,No,,,Moderate,,,,,,,"default, not verified",,,CVE-2025-22871,"cpg_2_B,csf_PR_PS_02,nist80053_SI-2,nist80053_RA-5,cis_7_3,cis_7_4,cis_7_7"
EGP-D0ED4B0E70,"SI-2, RA-5",net/http: Request smuggling due to acceptance of invalid chunked data in net/http,The net/http package improperly accepts a bare LF as a line terminator in chunked data chunk-size lines. This can permit request smuggling if a net/http server is used in conjunction with a server that incorrectly accepts a bare LF as part of a chunk-ext.,vuln-scan,cve:CVE-2025-22871,whoami,,,"Upgrade stdlib to a release that remediates CVE-2025-22871. This is a vulnerability finding, not a config-drift playbook.",2026-09-27,,2026-09-27,No,,,Moderate,,,,,,,"default, not verified",,,CVE-2025-22871,"cpg_2_B,csf_PR_PS_02,nist80053_SI-2,nist80053_RA-5,cis_7_3,cis_7_4,cis_7_7"
EGP-8BB79ACC7F,"SI-2, RA-5",net/http: Sensitive headers not cleared on cross-origin redirect in net/http,Proxy-Authorization and Proxy-Authenticate headers persisted on cross-origin redirects potentially leaking sensitive information.,vuln-scan,cve:CVE-2025-4673,usr/local/go/pkg/tool/linux_amd64/vet,,,"Upgrade stdlib to a release that remediates CVE-2025-4673. This is a vulnerability finding, not a config-drift playbook.",2026-09-27,,2026-09-27,No,,,Moderate,,,,,,,"default, not verified",,,CVE-2025-4673,"cpg_2_B,csf_PR_PS_02,nist80053_SI-2,nist80053_RA-5,cis_7_3,cis_7_4,cis_7_7"
EGP-5A5C4E72D2,"SI-2, RA-5",net/http: Sensitive headers not cleared on cross-origin redirect in net/http,Proxy-Authorization and Proxy-Authenticate headers persisted on cross-origin redirects potentially leaking sensitive information.,vuln-scan,cve:CVE-2025-4673,whoami,,,"Upgrade stdlib to a release that remediates CVE-2025-4673. This is a vulnerability finding, not a config-drift playbook.",2026-09-27,,2026-09-27,No,,,Moderate,,,,,,,"default, not verified",,,CVE-2025-4673,"cpg_2_B,csf_PR_PS_02,nist80053_SI-2,nist80053_RA-5,cis_7_3,cis_7_4,cis_7_7"
EGP-42D569A85B,"SI-2, RA-5",net/mail: Excessive CPU consumption in ParseAddress in net/mail,"The ParseAddress function constructs domain-literal address components through repeated string concatenation. When parsing large domain-literal components, this can cause excessive CPU consumption.",vuln-scan,cve:CVE-2025-61725,usr/local/bin/gosu,,,"Upgrade stdlib to a release that remediates CVE-2025-61725. This is a vulnerability finding, not a config-drift playbook.",2026-09-27,,2026-09-27,No,,,Moderate,,,,,,,"default, not verified",,,CVE-2025-61725,"cpg_2_B,csf_PR_PS_02,nist80053_SI-2,nist80053_RA-5,cis_7_3,cis_7_4,cis_7_7"
EGP-A146394863,"SI-2, RA-5",net/mail: Excessive CPU consumption in ParseAddress in net/mail,"The ParseAddress function constructs domain-literal address components through repeated string concatenation. When parsing large domain-literal components, this can cause excessive CPU consumption.",vuln-scan,cve:CVE-2025-61725,usr/local/go/pkg/tool/linux_amd64/vet,,,"Upgrade stdlib to a release that remediates CVE-2025-61725. This is a vulnerability finding, not a config-drift playbook.",2026-09-27,,2026-09-27,No,,,Moderate,,,,,,,"default, not verified",,,CVE-2025-61725,"cpg_2_B,csf_PR_PS_02,nist80053_SI-2,nist80053_RA-5,cis_7_3,cis_7_4,cis_7_7"
EGP-0613426BCD,"SI-2, RA-5",net/mail: Excessive CPU consumption in ParseAddress in net/mail,"The ParseAddress function constructs domain-literal address components through repeated string concatenation. When parsing large domain-literal components, this can cause excessive CPU consumption.",vuln-scan,cve:CVE-2025-61725,whoami,,,"Upgrade stdlib to a release that remediates CVE-2025-61725. This is a vulnerability finding, not a config-drift playbook.",2026-09-27,,2026-09-27,No,,,Moderate,,,,,,,"default, not verified",,,CVE-2025-61725,"cpg_2_B,csf_PR_PS_02,nist80053_SI-2,nist80053_RA-5,cis_7_3,cis_7_4,cis_7_7"
EGP-D37DC17D56,"SI-2, RA-5",net/textproto: Excessive CPU consumption in Reader.ReadResponse in net/textproto,"The Reader.ReadResponse function constructs a response string through repeated string concatenation of lines. When the number of lines in a response is large, this can cause excessive CPU consumption.",vuln-scan,cve:CVE-2025-61724,usr/local/bin/gosu,,,"Upgrade stdlib to a release that remediates CVE-2025-61724. This is a vulnerability finding, not a config-drift playbook.",2026-09-27,,2026-09-27,No,,,Moderate,,,,,,,"default, not verified",,,CVE-2025-61724,"cpg_2_B,csf_PR_PS_02,nist80053_SI-2,nist80053_RA-5,cis_7_3,cis_7_4,cis_7_7"
EGP-15F79EE42B,"SI-2, RA-5",net/textproto: Excessive CPU consumption in Reader.ReadResponse in net/textproto,"The Reader.ReadResponse function constructs a response string through repeated string concatenation of lines. When the number of lines in a response is large, this can cause excessive CPU consumption.",vuln-scan,cve:CVE-2025-61724,usr/local/go/pkg/tool/linux_amd64/vet,,,"Upgrade stdlib to a release that remediates CVE-2025-61724. This is a vulnerability finding, not a config-drift playbook.",2026-09-27,,2026-09-27,No,,,Moderate,,,,,,,"default, not verified",,,CVE-2025-61724,"cpg_2_B,csf_PR_PS_02,nist80053_SI-2,nist80053_RA-5,cis_7_3,cis_7_4,cis_7_7"
EGP-9512210918,"SI-2, RA-5",net/textproto: Excessive CPU consumption in Reader.ReadResponse in net/textproto,"The Reader.ReadResponse function constructs a response string through repeated string concatenation of lines. When the number of lines in a response is large, this can cause excessive CPU consumption.",vuln-scan,cve:CVE-2025-61724,whoami,,,"Upgrade stdlib to a release that remediates CVE-2025-61724. This is a vulnerability finding, not a config-drift playbook.",2026-09-27,,2026-09-27,No,,,Moderate,,,,,,,"default, not verified",,,CVE-2025-61724,"cpg_2_B,csf_PR_PS_02,nist80053_SI-2,nist80053_RA-5,cis_7_3,cis_7_4,cis_7_7"
EGP-35BE9BFBA9,"SI-2, RA-5",net/textproto: golang: Golang net/textproto: Misleading error messages via input injection,"When returning errors, functions in the net/textproto package would include its input as part of the error. This might allow an attacker to inject misleading content to errors that are printed or logged.",vuln-scan,cve:CVE-2026-42507,usr/local/bin/gosu,,,"Upgrade stdlib to a release that remediates CVE-2026-42507. This is a vulnerability finding, not a config-drift playbook.",2026-09-27,,2026-09-27,No,,,Moderate,,,,,,,"default, not verified",,,CVE-2026-42507,"cpg_2_B,csf_PR_PS_02,nist80053_SI-2,nist80053_RA-5,cis_7_3,cis_7_4,cis_7_7"
EGP-CCA43A4C43,"SI-2, RA-5",net/textproto: golang: Golang net/textproto: Misleading error messages via input injection,"When returning errors, functions in the net/textproto package would include its input as part of the error. This might allow an attacker to inject misleading content to errors that are printed or logged.",vuln-scan,cve:CVE-2026-42507,usr/local/go/pkg/tool/linux_amd64/vet,,,"Upgrade stdlib to a release that remediates CVE-2026-42507. This is a vulnerability finding, not a config-drift playbook.",2026-09-27,,2026-09-27,No,,,Moderate,,,,,,,"default, not verified",,,CVE-2026-42507,"cpg_2_B,csf_PR_PS_02,nist80053_SI-2,nist80053_RA-5,cis_7_3,cis_7_4,cis_7_7"
EGP-3288499B5E,"SI-2, RA-5",net/textproto: golang: Golang net/textproto: Misleading error messages via input injection,"When returning errors, functions in the net/textproto package would include its input as part of the error. This might allow an attacker to inject misleading content to errors that are printed or logged.",vuln-scan,cve:CVE-2026-42507,whoami,,,"Upgrade stdlib to a release that remediates CVE-2026-42507. This is a vulnerability finding, not a config-drift playbook.",2026-09-27,,2026-09-27,No,,,Moderate,,,,,,,"default, not verified",,,CVE-2026-42507,"cpg_2_B,csf_PR_PS_02,nist80053_SI-2,nist80053_RA-5,cis_7_3,cis_7_4,cis_7_7"
EGP-D60A46CE8E,"SI-2, RA-5",net/url: Insufficient validation of bracketed IPv6 hostnames in net/url,"The Parse function permits values other than IPv6 addresses to be included in square brackets within the host component of a URL. RFC 3986 permits IPv6 addresses to be included within the host component, enclosed within square brackets. For example: ""http://[::1]/"". IPv4 addresses and hostnames must not appear within square brackets. Parse did not enforce this requirement.",vuln-scan,cve:CVE-2025-47912,usr/local/bin/gosu,,,"Upgrade stdlib to a release that remediates CVE-2025-47912. This is a vulnerability finding, not a config-drift playbook.",2026-09-27,,2026-09-27,No,,,Moderate,,,,,,,"default, not verified",,,CVE-2025-47912,"cpg_2_B,csf_PR_PS_02,nist80053_SI-2,nist80053_RA-5,cis_7_3,cis_7_4,cis_7_7"
EGP-D3C945E62B,"SI-2, RA-5",net/url: Insufficient validation of bracketed IPv6 hostnames in net/url,"The Parse function permits values other than IPv6 addresses to be included in square brackets within the host component of a URL. RFC 3986 permits IPv6 addresses to be included within the host component, enclosed within square brackets. For example: ""http://[::1]/"". IPv4 addresses and hostnames must not appear within square brackets. Parse did not enforce this requirement.",vuln-scan,cve:CVE-2025-47912,usr/local/go/pkg/tool/linux_amd64/vet,,,"Upgrade stdlib to a release that remediates CVE-2025-47912. This is a vulnerability finding, not a config-drift playbook.",2026-09-27,,2026-09-27,No,,,Moderate,,,,,,,"default, not verified",,,CVE-2025-47912,"cpg_2_B,csf_PR_PS_02,nist80053_SI-2,nist80053_RA-5,cis_7_3,cis_7_4,cis_7_7"
EGP-B79D746659,"SI-2, RA-5",net/url: Insufficient validation of bracketed IPv6 hostnames in net/url,"The Parse function permits values other than IPv6 addresses to be included in square brackets within the host component of a URL. RFC 3986 permits IPv6 addresses to be included within the host component, enclosed within square brackets. For example: ""http://[::1]/"". IPv4 addresses and hostnames must not appear within square brackets. Parse did not enforce this requirement.",vuln-scan,cve:CVE-2025-47912,whoami,,,"Upgrade stdlib to a release that remediates CVE-2025-47912. This is a vulnerability finding, not a config-drift playbook.",2026-09-27,,2026-09-27,No,,,Moderate,,,,,,,"default, not verified",,,CVE-2025-47912,"cpg_2_B,csf_PR_PS_02,nist80053_SI-2,nist80053_RA-5,cis_7_3,cis_7_4,cis_7_7"
EGP-7EAAB70989,"SI-2, RA-5",openssl: AES-OCB IV Ignored on EVP_Cipher() Path,"Issue summary: When an application drives an AES-OCB context through the
public EVP_Cipher() one-shot interface, the application-supplied
initialisation vector (IV) is silently discarded.

Impact summary: Every message encrypted under the same key uses the
same effective nonce regardless of the IV supplied by the caller,
resulting in (key, nonce) reuse and loss of confidentiality.  If the
same code path is used to compute the authentication tag, the tag
depends only on the (key, IV) pair and not on the plaintext or
ciphertext, allowing universal forgery of arbitrary ciphertext from a
single captured message.

OpenSSL provides two ways to drive a cipher: the documented streaming
interface (EVP_CipherUpdate / EVP_CipherFinal_ex) and a lower-level
one-shot, EVP_Cipher(), whose documentation explicitly recommends
against use by applications in favour of EVP_CipherUpdate() and
EVP_CipherFinal_ex().  The OCB provider's streaming handler flushes
the application-supplied IV into the OCB context before processing
data; the one-shot handler did not.  Every call to EVP_Cipher() on an
AES-OCB context therefore ran with the all-zero key-derived offset
state left by cipher initialisation, regardless of the caller's IV.

If EVP_EncryptFinal_ex() is subsequently used to obtain the
authentication tag, the deferred IV setup runs at that point and
clears the running checksum that should have been accumulated over the
plaintext.  The resulting tag is a function of (key, IV) only and
verifies against any ciphertext produced under the same (key, IV)
pair.

The OpenSSL SSL/TLS implementation is not affected: AES-OCB is not a
TLS cipher suite, and libssl does not call EVP_Cipher() in any case.
Applications that drive AES-OCB through the documented streaming AEAD
API (EVP_CipherUpdate / EVP_CipherFinal_ex) are not affected.  Only
applications that combine the AES-OCB cipher with the EVP_Cipher()
one-shot API are vulnerable.

The FIPS modules in 4.0, 3.6, 3.5, 3.4 and 3.0 are not affected by
this issue, as AES-OCB is outside the OpenSSL FIPS module boundary.",vuln-scan,cve:CVE-2026-45445,nginx:1.27-alpine (alpine 3.21.3),,,"Upgrade libcrypto3 to a release that remediates CVE-2026-45445. This is a vulnerability finding, not a config-drift playbook.",2026-09-27,,2026-09-27,No,,,Moderate,,,,,,,"default, not verified",,,CVE-2026-45445,"cpg_2_B,csf_PR_PS_02,nist80053_SI-2,nist80053_RA-5,cis_7_3,cis_7_4,cis_7_7"
EGP-2D34F6A127,"SI-2, RA-5",openssl: AES-OCB IV Ignored on EVP_Cipher() Path,"Issue summary: When an application drives an AES-OCB context through the
public EVP_Cipher() one-shot interface, the application-supplied
initialisation vector (IV) is silently discarded.

Impact summary: Every message encrypted under the same key uses the
same effective nonce regardless of the IV supplied by the caller,
resulting in (key, nonce) reuse and loss of confidentiality.  If the
same code path is used to compute the authentication tag, the tag
depends only on the (key, IV) pair and not on the plaintext or
ciphertext, allowing universal forgery of arbitrary ciphertext from a
single captured message.

OpenSSL provides two ways to drive a cipher: the documented streaming
interface (EVP_CipherUpdate / EVP_CipherFinal_ex) and a lower-level
one-shot, EVP_Cipher(), whose documentation explicitly recommends
against use by applications in favour of EVP_CipherUpdate() and
EVP_CipherFinal_ex().  The OCB provider's streaming handler flushes
the application-supplied IV into the OCB context before processing
data; the one-shot handler did not.  Every call to EVP_Cipher() on an
AES-OCB context therefore ran with the all-zero key-derived offset
state left by cipher initialisation, regardless of the caller's IV.

If EVP_EncryptFinal_ex() is subsequently used to obtain the
authentication tag, the deferred IV setup runs at that point and
clears the running checksum that should have been accumulated over the
plaintext.  The resulting tag is a function of (key, IV) only and
verifies against any ciphertext produced under the same (key, IV)
pair.

The OpenSSL SSL/TLS implementation is not affected: AES-OCB is not a
TLS cipher suite, and libssl does not call EVP_Cipher() in any case.
Applications that drive AES-OCB through the documented streaming AEAD
API (EVP_CipherUpdate / EVP_CipherFinal_ex) are not affected.  Only
applications that combine the AES-OCB cipher with the EVP_Cipher()
one-shot API are vulnerable.

The FIPS modules in 4.0, 3.6, 3.5, 3.4 and 3.0 are not affected by
this issue, as AES-OCB is outside the OpenSSL FIPS module boundary.",vuln-scan,cve:CVE-2026-45445,redis:7-alpine (alpine 3.21.7),,,"Upgrade libcrypto3 to a release that remediates CVE-2026-45445. This is a vulnerability finding, not a config-drift playbook.",2026-09-27,,2026-09-27,No,,,Moderate,,,,,,,"default, not verified",,,CVE-2026-45445,"cpg_2_B,csf_PR_PS_02,nist80053_SI-2,nist80053_RA-5,cis_7_3,cis_7_4,cis_7_7"
EGP-4E2FF7119A,"SI-2, RA-5",openssl: CMS AuthEnvelopedData Processing May Accept Forged Messages,"Issue Summary: Cryptographic Message Services (CMS) processing fails to perform
sufficient input validation on the cipher and tag length fields of
AuthEnvelopedData containers, leading to various potential compromises.

Impact Summary: Attackers making use of these vulnerabilities may achieve
key-equivalent functionality for a given CMS recipient and/or bypass integrity
validation for a given message.

In one use case, an attacker may send a CMS message containing
AuthEnvelopedData with the cipher specified as a non-AEAD cipher.  OpenSSL
erroneously allows this selection, and attempts to decrypt and validate the
message.

An on-path attacker who captures one legitimate AES-GCM AuthEnvelopedData
addressed to the victim can re-emit it with the recipientInfos set left
byte-for-byte intact, so the victim's private key still unwraps the genuine CEK
(the content-encryption key), but with the inner OID rewritten to AES-256-OFB
(Output Feedback Mode, an unauthenticated keystream mode) and with an
attacker-chosen IV and ciphertext. The victim initializes AES-256-OFB under the
real CEK, never consults the MAC field, and CMS_decrypt() returns success.

If the application under attack responds to the attacker with any indicator
showing success or failure of the decryption effort, it is possible for the
attacker to use this as an oracle to obtain key equivalent functionality for the
CEK used for the chosen recipient of the message.

In another use case, an attacker can reduce the tag length of the chosen AEAD
cipher for a given AuthEnvelopedData container to be a single byte long,
allowing an attacker to brute force CMS decryption, producing an integrity
bypass for applications that trust CMS_decrypt() to reject modified content.

The FIPS modules are not affected by this issue.",vuln-scan,cve:CVE-2026-34182,nginx:1.27-alpine (alpine 3.21.3),,,"Upgrade libcrypto3 to a release that remediates CVE-2026-34182. This is a vulnerability finding, not a config-drift playbook.",2026-09-27,,2026-09-27,No,,,Moderate,,,,,,,"default, not verified",,,CVE-2026-34182,"cpg_2_B,csf_PR_PS_02,nist80053_SI-2,nist80053_RA-5,cis_7_3,cis_7_4,cis_7_7"
EGP-016C079448,"SI-2, RA-5",openssl: CMS AuthEnvelopedData Processing May Accept Forged Messages,"Issue Summary: Cryptographic Message Services (CMS) processing fails to perform
sufficient input validation on the cipher and tag length fields of
AuthEnvelopedData containers, leading to various potential compromises.

Impact Summary: Attackers making use of these vulnerabilities may achieve
key-equivalent functionality for a given CMS recipient and/or bypass integrity
validation for a given message.

In one use case, an attacker may send a CMS message containing
AuthEnvelopedData with the cipher specified as a non-AEAD cipher.  OpenSSL
erroneously allows this selection, and attempts to decrypt and validate the
message.

An on-path attacker who captures one legitimate AES-GCM AuthEnvelopedData
addressed to the victim can re-emit it with the recipientInfos set left
byte-for-byte intact, so the victim's private key still unwraps the genuine CEK
(the content-encryption key), but with the inner OID rewritten to AES-256-OFB
(Output Feedback Mode, an unauthenticated keystream mode) and with an
attacker-chosen IV and ciphertext. The victim initializes AES-256-OFB under the
real CEK, never consults the MAC field, and CMS_decrypt() returns success.

If the application under attack responds to the attacker with any indicator
showing success or failure of the decryption effort, it is possible for the
attacker to use this as an oracle to obtain key equivalent functionality for the
CEK used for the chosen recipient of the message.

In another use case, an attacker can reduce the tag length of the chosen AEAD
cipher for a given AuthEnvelopedData container to be a single byte long,
allowing an attacker to brute force CMS decryption, producing an integrity
bypass for applications that trust CMS_decrypt() to reject modified content.

The FIPS modules are not affected by this issue.",vuln-scan,cve:CVE-2026-34182,redis:7-alpine (alpine 3.21.7),,,"Upgrade libcrypto3 to a release that remediates CVE-2026-34182. This is a vulnerability finding, not a config-drift playbook.",2026-09-27,,2026-09-27,No,,,Moderate,,,,,,,"default, not verified",,,CVE-2026-34182,"cpg_2_B,csf_PR_PS_02,nist80053_SI-2,nist80053_RA-5,cis_7_3,cis_7_4,cis_7_7"
EGP-391B646800,"SI-2, RA-5",openssl: EDIPARTYNAME NULL pointer de-reference,"The X.509 GeneralName type is a generic type for representing different types of names. One of those name types is known as EDIPartyName. OpenSSL provides a function GENERAL_NAME_cmp which compares different instances of a GENERAL_NAME to see if they are equal or not. This function behaves incorrectly when both GENERAL_NAMEs contain an EDIPARTYNAME. A NULL pointer dereference and a crash may occur leading to a possible denial of service attack. OpenSSL itself uses the GENERAL_NAME_cmp function for two purposes: 1) Comparing CRL distribution point names between an available CRL and a CRL distribution point embedded in an X509 certificate 2) When verifying that a timestamp response token signer matches the timestamp authority name (exposed via the API functions TS_RESP_verify_response and TS_RESP_verify_token) If an attacker can control both items being compared then that attacker could trigger a crash. For example if the attacker can trick a client or server into checking a malicious certificate against a malicious CRL then this may occur. Note that some applications automatically download CRLs based on a URL embedded in a certificate. This checking happens prior to the signatures on the certificate and CRL being verified. OpenSSL's s_server, s_client and verify tools have support for the ""-crl_download"" option which implements automatic CRL downloading and this attack has been demonstrated to work against those tools. Note that an unrelated bug means that affected versions of OpenSSL cannot parse or construct correct encodings of EDIPARTYNAME. However it is possible to construct a malformed EDIPARTYNAME that OpenSSL's parser will accept and hence trigger this attack. All OpenSSL 1.1.1 and 1.0.2 versions are affected by this issue. Other OpenSSL releases are out of support and have not been checked. Fixed in OpenSSL 1.1.1i (Affected 1.1.1-1.1.1h). Fixed in OpenSSL 1.0.2x (Affected 1.0.2-1.0.2w).",vuln-scan,cve:CVE-2020-1971,dperson/samba:latest (alpine 3.12.0),,,"Upgrade libcrypto1.1 to a release that remediates CVE-2020-1971. This is a vulnerability finding, not a config-drift playbook.",2026-09-27,,2026-09-27,No,,,Moderate,,,,,,,"default, not verified",,,CVE-2020-1971,"cpg_2_B,csf_PR_PS_02,nist80053_SI-2,nist80053_RA-5,cis_7_3,cis_7_4,cis_7_7"
EGP-F382682A4E,"SI-2, RA-5",openssl: EDIPARTYNAME NULL pointer de-reference,"The X.509 GeneralName type is a generic type for representing different types of names. One of those name types is known as EDIPartyName. OpenSSL provides a function GENERAL_NAME_cmp which compares different instances of a GENERAL_NAME to see if they are equal or not. This function behaves incorrectly when both GENERAL_NAMEs contain an EDIPARTYNAME. A NULL pointer dereference and a crash may occur leading to a possible denial of service attack. OpenSSL itself uses the GENERAL_NAME_cmp function for two purposes: 1) Comparing CRL distribution point names between an available CRL and a CRL distribution point embedded in an X509 certificate 2) When verifying that a timestamp response token signer matches the timestamp authority name (exposed via the API functions TS_RESP_verify_response and TS_RESP_verify_token) If an attacker can control both items being compared then that attacker could trigger a crash. For example if the attacker can trick a client or server into checking a malicious certificate against a malicious CRL then this may occur. Note that some applications automatically download CRLs based on a URL embedded in a certificate. This checking happens prior to the signatures on the certificate and CRL being verified. OpenSSL's s_server, s_client and verify tools have support for the ""-crl_download"" option which implements automatic CRL downloading and this attack has been demonstrated to work against those tools. Note that an unrelated bug means that affected versions of OpenSSL cannot parse or construct correct encodings of EDIPARTYNAME. However it is possible to construct a malformed EDIPARTYNAME that OpenSSL's parser will accept and hence trigger this attack. All OpenSSL 1.1.1 and 1.0.2 versions are affected by this issue. Other OpenSSL releases are out of support and have not been checked. Fixed in OpenSSL 1.1.1i (Affected 1.1.1-1.1.1h). Fixed in OpenSSL 1.0.2x (Affected 1.0.2-1.0.2w).",vuln-scan,cve:CVE-2020-1971,mailhog/mailhog:v1.0.1 (alpine 3.12.0),,,"Upgrade libcrypto1.1 to a release that remediates CVE-2020-1971. This is a vulnerability finding, not a config-drift playbook.",2026-09-27,,2026-09-27,No,,,Moderate,,,,,,,"default, not verified",,,CVE-2020-1971,"cpg_2_B,csf_PR_PS_02,nist80053_SI-2,nist80053_RA-5,cis_7_3,cis_7_4,cis_7_7"
EGP-2C396DB34E,"SI-2, RA-5",openssl: NULL pointer dereference in X509_issuer_and_serial_hash(),The OpenSSL public API function X509_issuer_and_serial_hash() attempts to create a unique hash value based on the issuer and serial number data contained within an X509 certificate. However it fails to correctly handle any errors that may occur while parsing the issuer field (which might occur if the issuer field is maliciously constructed). This may subsequently result in a NULL pointer deref and a crash leading to a potential denial of service attack. The function X509_issuer_and_serial_hash() is never directly called by OpenSSL itself so applications are only vulnerable if they use this function directly and they use it on certificates that may have been obtained from untrusted sources. OpenSSL versions 1.1.1i and below are affected by this issue. Users of these versions should upgrade to OpenSSL 1.1.1j. OpenSSL versions 1.0.2x and below are affected by this issue. However OpenSSL 1.0.2 is out of support and no longer receiving public updates. Premium support customers of OpenSSL 1.0.2 should upgrade to 1.0.2y. Other users should upgrade to 1.1.1j. Fixed in OpenSSL 1.1.1j (Affected 1.1.1-1.1.1i). Fixed in OpenSSL 1.0.2y (Affected 1.0.2-1.0.2x).,vuln-scan,cve:CVE-2021-23841,dperson/samba:latest (alpine 3.12.0),,,"Upgrade libcrypto1.1 to a release that remediates CVE-2021-23841. This is a vulnerability finding, not a config-drift playbook.",2026-09-27,,2026-09-27,No,,,Moderate,,,,,,,"default, not verified",,,CVE-2021-23841,"cpg_2_B,csf_PR_PS_02,nist80053_SI-2,nist80053_RA-5,cis_7_3,cis_7_4,cis_7_7"
EGP-5592CF00D9,"SI-2, RA-5",openssl: NULL pointer dereference in X509_issuer_and_serial_hash(),The OpenSSL public API function X509_issuer_and_serial_hash() attempts to create a unique hash value based on the issuer and serial number data contained within an X509 certificate. However it fails to correctly handle any errors that may occur while parsing the issuer field (which might occur if the issuer field is maliciously constructed). This may subsequently result in a NULL pointer deref and a crash leading to a potential denial of service attack. The function X509_issuer_and_serial_hash() is never directly called by OpenSSL itself so applications are only vulnerable if they use this function directly and they use it on certificates that may have been obtained from untrusted sources. OpenSSL versions 1.1.1i and below are affected by this issue. Users of these versions should upgrade to OpenSSL 1.1.1j. OpenSSL versions 1.0.2x and below are affected by this issue. However OpenSSL 1.0.2 is out of support and no longer receiving public updates. Premium support customers of OpenSSL 1.0.2 should upgrade to 1.0.2y. Other users should upgrade to 1.1.1j. Fixed in OpenSSL 1.1.1j (Affected 1.1.1-1.1.1i). Fixed in OpenSSL 1.0.2y (Affected 1.0.2-1.0.2x).,vuln-scan,cve:CVE-2021-23841,mailhog/mailhog:v1.0.1 (alpine 3.12.0),,,"Upgrade libcrypto1.1 to a release that remediates CVE-2021-23841. This is a vulnerability finding, not a config-drift playbook.",2026-09-27,,2026-09-27,No,,,Moderate,,,,,,,"default, not verified",,,CVE-2021-23841,"cpg_2_B,csf_PR_PS_02,nist80053_SI-2,nist80053_RA-5,cis_7_3,cis_7_4,cis_7_7"
EGP-6964BA2D32,"SI-2, RA-5",openssl: NULL pointer dereference in signature_algorithms processing,"An OpenSSL TLS server may crash if sent a maliciously crafted renegotiation ClientHello message from a client. If a TLSv1.2 renegotiation ClientHello omits the signature_algorithms extension (where it was present in the initial ClientHello), but includes a signature_algorithms_cert extension then a NULL pointer dereference will result, leading to a crash and a denial of service attack. A server is only vulnerable if it has TLSv1.2 and renegotiation enabled (which is the default configuration). OpenSSL TLS clients are not impacted by this issue. All OpenSSL 1.1.1 versions are affected by this issue. Users of these versions should upgrade to OpenSSL 1.1.1k. OpenSSL 1.0.2 is not impacted by this issue. Fixed in OpenSSL 1.1.1k (Affected 1.1.1-1.1.1j).",vuln-scan,cve:CVE-2021-3449,dperson/samba:latest (alpine 3.12.0),,,"Upgrade libcrypto1.1 to a release that remediates CVE-2021-3449. This is a vulnerability finding, not a config-drift playbook.",2026-09-27,,2026-09-27,No,,,Moderate,,,,,,,"default, not verified",,,CVE-2021-3449,"cpg_2_B,csf_PR_PS_02,nist80053_SI-2,nist80053_RA-5,cis_7_3,cis_7_4,cis_7_7"
EGP-A1FAA2284F,"SI-2, RA-5",openssl: NULL pointer dereference in signature_algorithms processing,"An OpenSSL TLS server may crash if sent a maliciously crafted renegotiation ClientHello message from a client. If a TLSv1.2 renegotiation ClientHello omits the signature_algorithms extension (where it was present in the initial ClientHello), but includes a signature_algorithms_cert extension then a NULL pointer dereference will result, leading to a crash and a denial of service attack. A server is only vulnerable if it has TLSv1.2 and renegotiation enabled (which is the default configuration). OpenSSL TLS clients are not impacted by this issue. All OpenSSL 1.1.1 versions are affected by this issue. Users of these versions should upgrade to OpenSSL 1.1.1k. OpenSSL 1.0.2 is not impacted by this issue. Fixed in OpenSSL 1.1.1k (Affected 1.1.1-1.1.1j).",vuln-scan,cve:CVE-2021-3449,mailhog/mailhog:v1.0.1 (alpine 3.12.0),,,"Upgrade libcrypto1.1 to a release that remediates CVE-2021-3449. This is a vulnerability finding, not a config-drift playbook.",2026-09-27,,2026-09-27,No,,,Moderate,,,,,,,"default, not verified",,,CVE-2021-3449,"cpg_2_B,csf_PR_PS_02,nist80053_SI-2,nist80053_RA-5,cis_7_3,cis_7_4,cis_7_7"
EGP-F62D97EC2B,"SI-2, RA-5",openssl: OpenSSL: Arbitrary code execution due to out-of-bounds write in PKCS#12 processing,"Issue summary: Calling PKCS12_get_friendlyname() function on a maliciously
crafted PKCS#12 file with a BMPString (UTF-16BE) friendly name containing
non-ASCII BMP code point can trigger a one byte write before the allocated
buffer.

Impact summary: The out-of-bounds write can cause a memory corruption
which can have various consequences including a Denial of Service.

The OPENSSL_uni2utf8() function performs a two-pass conversion of a PKCS#12
BMPString (UTF-16BE) to UTF-8. In the second pass, when emitting UTF-8 bytes,
the helper function bmp_to_utf8() incorrectly forwards the remaining UTF-16
source byte count as the destination buffer capacity to UTF8_putc(). For BMP
code points above U+07FF, UTF-8 requires three bytes, but the forwarded
capacity can be just two bytes. UTF8_putc() then returns -1, and this negative
value is added to the output length without validation, causing the
length to become negative. The subsequent trailing NUL byte is then written
at a negative offset, causing write outside of heap allocated buffer.

The vulnerability is reachable via the public PKCS12_get_friendlyname() API
when parsing attacker-controlled PKCS#12 files. While PKCS12_parse() uses a
different code path that avoids this issue, PKCS12_get_friendlyname() directly
invokes the vulnerable function. Exploitation requires an attacker to provide
a malicious PKCS#12 file to be parsed by the application and the attacker
can just trigger a one zero byte write before the allocated buffer.
For that reason the issue was assessed as Low severity according to our
Security Policy.

The FIPS modules in 3.6, 3.5, 3.4, 3.3 and 3.0 are not affected by this issue,
as the PKCS#12 implementation is outside the OpenSSL FIPS module boundary.

OpenSSL 3.6, 3.5, 3.4, 3.3, 3.0 and 1.1.1 are vulnerable to this issue.

OpenSSL 1.0.2 is not affected by this issue.",vuln-scan,cve:CVE-2025-69419,nginx:1.27-alpine (alpine 3.21.3),,,"Upgrade libcrypto3 to a release that remediates CVE-2025-69419. This is a vulnerability finding, not a config-drift playbook.",2026-09-27,,2026-09-27,No,,,Moderate,,,,,,,"default, not verified",,,CVE-2025-69419,"cpg_2_B,csf_PR_PS_02,nist80053_SI-2,nist80053_RA-5,cis_7_3,cis_7_4,cis_7_7"
EGP-0E34A271B7,"SI-2, RA-5",openssl: Out-of-bounds read & write in RFC 3211 KEK Unwrap,"Issue summary: An application trying to decrypt CMS messages encrypted using
password based encryption can trigger an out-of-bounds read and write.

Impact summary: This out-of-bounds read may trigger a crash which leads to
Denial of Service for an application. The out-of-bounds write can cause
a memory corruption which can have various consequences including
a Denial of Service or Execution of attacker-supplied code.

Although the consequences of a successful exploit of this vulnerability
could be severe, the probability that the attacker would be able to
perform it is low. Besides, password based (PWRI) encryption support in CMS
messages is very rarely used. For that reason the issue was assessed as
Moderate severity according to our Security Policy.

The FIPS modules in 3.5, 3.4, 3.3, 3.2, 3.1 and 3.0 are not affected by this
issue, as the CMS implementation is outside the OpenSSL FIPS module
boundary.",vuln-scan,cve:CVE-2025-9230,nginx:1.27-alpine (alpine 3.21.3),,,"Upgrade libcrypto3 to a release that remediates CVE-2025-9230. This is a vulnerability finding, not a config-drift playbook.",2026-09-27,,2026-09-27,No,,,Moderate,,,,,,,"default, not verified",,,CVE-2025-9230,"cpg_2_B,csf_PR_PS_02,nist80053_SI-2,nist80053_RA-5,cis_7_3,cis_7_4,cis_7_7"
EGP-DE9711200A,"SI-2, RA-5",openssl: QUIC server may trigger double free when processing INITIAL packet,"Issue summary: QUIC server may double free QRX (QUIC record layer RX) object
when channel creation fails for initial packet.

Impact summary: Double free leads to heap corruption, which typically results in 
termination of QUIC server process, leading to Denial of Service. There is so
far no evidence that this double free is exploitable for remote code execution,
thus it is considered highly improbable.

CWE: CWE-415: Double Free

Description: In order to validate initial packet, OpenSSL QUIC stack default
packet handler (port_default_packet_handler()) creates a so-called QRX object.
If the initial packet validates successfully with QRX object, the default packet
handler proceeds to channel (connection object) creation. The QRX object used
for packet validation is passed to port_bind_channel(), so it becomes part of
the newly created connection. If port_bind_channel() fails, then it also frees
the QRX object. Once port_bind_channel() returns, the port_default_packet_handler()
detects the failure and proceeds to the error branch, where the same QRX object is
freed for the second time.

The failure in port_bind_channel() function can be induced with a relatively
low effort by a malformed (non RFC 9000 compliant) INITIAL packet. If the packet
carries DCID (destination connection ID) which is shorter than 8 bytes, then
port_bind_channel() jumps to the error path after ossl_quic_lcidm_enrol_odcid()
detects that the DCID has invalid length.

FIPS impact: no
The FIPS module is not affected, as the QUIC implementation is outside of
the OpenSSL FIPS module boundary.",vuln-scan,cve:CVE-2026-18798,httpd:2.4-alpine (alpine 3.24.1),,,"Upgrade libcrypto3 to a release that remediates CVE-2026-18798. This is a vulnerability finding, not a config-drift playbook.",2026-09-27,,2026-09-27,No,,,Moderate,,,,,,,"default, not verified",,,CVE-2026-18798,"cpg_2_B,csf_PR_PS_02,nist80053_SI-2,nist80053_RA-5,cis_7_3,cis_7_4,cis_7_7"
EGP-4168ED828B,"SI-2, RA-5",openssl: QUIC server may trigger double free when processing INITIAL packet,"Issue summary: QUIC server may double free QRX (QUIC record layer RX) object
when channel creation fails for initial packet.

Impact summary: Double free leads to heap corruption, which typically results in 
termination of QUIC server process, leading to Denial of Service. There is so
far no evidence that this double free is exploitable for remote code execution,
thus it is considered highly improbable.

CWE: CWE-415: Double Free

Description: In order to validate initial packet, OpenSSL QUIC stack default
packet handler (port_default_packet_handler()) creates a so-called QRX object.
If the initial packet validates successfully with QRX object, the default packet
handler proceeds to channel (connection object) creation. The QRX object used
for packet validation is passed to port_bind_channel(), so it becomes part of
the newly created connection. If port_bind_channel() fails, then it also frees
the QRX object. Once port_bind_channel() returns, the port_default_packet_handler()
detects the failure and proceeds to the error branch, where the same QRX object is
freed for the second time.

The failure in port_bind_channel() function can be induced with a relatively
low effort by a malformed (non RFC 9000 compliant) INITIAL packet. If the packet
carries DCID (destination connection ID) which is shorter than 8 bytes, then
port_bind_channel() jumps to the error path after ossl_quic_lcidm_enrol_odcid()
detects that the DCID has invalid length.

FIPS impact: no
The FIPS module is not affected, as the QUIC implementation is outside of
the OpenSSL FIPS module boundary.",vuln-scan,cve:CVE-2026-18798,postgres:16-alpine (alpine 3.24.1),,,"Upgrade libcrypto3 to a release that remediates CVE-2026-18798. This is a vulnerability finding, not a config-drift playbook.",2026-09-27,,2026-09-27,No,,,Moderate,,,,,,,"default, not verified",,,CVE-2026-18798,"cpg_2_B,csf_PR_PS_02,nist80053_SI-2,nist80053_RA-5,cis_7_3,cis_7_4,cis_7_7"
EGP-232470F41F,"SI-2, RA-5",openssl: Timing side-channel in SM2 algorithm on 64 bit ARM,"Issue summary: A timing side-channel which could potentially allow remote
recovery of the private key exists in the SM2 algorithm implementation on 64 bit
ARM platforms.

Impact summary: A timing side-channel in SM2 signature computations on 64 bit
ARM platforms could allow recovering the private key by an attacker..

While remote key recovery over a network was not attempted by the reporter,
timing measurements revealed a timing signal which may allow such an attack.

OpenSSL does not directly support certificates with SM2 keys in TLS, and so
this CVE is not relevant in most TLS contexts.  However, given that it is
possible to add support for such certificates via a custom provider, coupled
with the fact that in such a custom provider context the private key may be
recoverable via remote timing measurements, we consider this to be a Moderate
severity issue.

The FIPS modules in 3.5, 3.4, 3.3, 3.2, 3.1 and 3.0 are not affected by this
issue, as SM2 is not an approved algorithm.",vuln-scan,cve:CVE-2025-9231,nginx:1.27-alpine (alpine 3.21.3),,,"Upgrade libcrypto3 to a release that remediates CVE-2025-9231. This is a vulnerability finding, not a config-drift playbook.",2026-09-27,,2026-09-27,No,,,Moderate,,,,,,,"default, not verified",,,CVE-2025-9231,"cpg_2_B,csf_PR_PS_02,nist80053_SI-2,nist80053_RA-5,cis_7_3,cis_7_4,cis_7_7"
EGP-2CDA47D62A,"SI-2, RA-5",openssl: Unbounded Memory Growth in the QUIC PATH_CHALLENGE Handler,"Issue summary: Remote peer may exhaust heap memory of the QUIC
server or client by flooding it with packets containing PATH_CHALLENGE
frames.

Impact summary: A malicious remote peer can cause an unbounded
memory allocation which can lead to an abnormal termination of the
application acting as a QUIC client or server and a Denial of Service.

A remote peer may exhaust heap memory by flooding the local
QUIC stack with PATH_CHALLENGE frames. The local QUIC stack
allocates a PATH_RESPONSE frame for every PATH_CHALLENGE it receives.
The allocated PATH_RESPONSE frame gets freed only when the remote
peer acknowledges reception of the PATH_RESPONSE frame which will
not be done by a malicious peer.

The FIPS modules in 4.0, 3.6, 3.5, 3.4, and 3.0 are not affected by
this issue. The QUIC stack is outside of OpenSSL FIPS module
boundary.",vuln-scan,cve:CVE-2026-34183,nginx:1.27-alpine (alpine 3.21.3),,,"Upgrade libcrypto3 to a release that remediates CVE-2026-34183. This is a vulnerability finding, not a config-drift playbook.",2026-09-27,,2026-09-27,No,,,Moderate,,,,,,,"default, not verified",,,CVE-2026-34183,"cpg_2_B,csf_PR_PS_02,nist80053_SI-2,nist80053_RA-5,cis_7_3,cis_7_4,cis_7_7"
EGP-FFBF9FDF6A,"SI-2, RA-5",openssl: Unbounded Memory Growth in the QUIC PATH_CHALLENGE Handler,"Issue summary: Remote peer may exhaust heap memory of the QUIC
server or client by flooding it with packets containing PATH_CHALLENGE
frames.

Impact summary: A malicious remote peer can cause an unbounded
memory allocation which can lead to an abnormal termination of the
application acting as a QUIC client or server and a Denial of Service.

A remote peer may exhaust heap memory by flooding the local
QUIC stack with PATH_CHALLENGE frames. The local QUIC stack
allocates a PATH_RESPONSE frame for every PATH_CHALLENGE it receives.
The allocated PATH_RESPONSE frame gets freed only when the remote
peer acknowledges reception of the PATH_RESPONSE frame which will
not be done by a malicious peer.

The FIPS modules in 4.0, 3.6, 3.5, 3.4, and 3.0 are not affected by
this issue. The QUIC stack is outside of OpenSSL FIPS module
boundary.",vuln-scan,cve:CVE-2026-34183,redis:7-alpine (alpine 3.21.7),,,"Upgrade libcrypto3 to a release that remediates CVE-2026-34183. This is a vulnerability finding, not a config-drift playbook.",2026-09-27,,2026-09-27,No,,,Moderate,,,,,,,"default, not verified",,,CVE-2026-34183,"cpg_2_B,csf_PR_PS_02,nist80053_SI-2,nist80053_RA-5,cis_7_3,cis_7_4,cis_7_7"
EGP-E4BC616456,"SI-2, RA-5",openssl: heap buffer overflow in CMS key unwrapping,"Issue summary: OpenSSL CMS decryption sizes the key-unwrap output buffer based
on querying the unwrapped key size, but the AES-WRAP-PAD unwrap primitive
can write and cleanse more bytes than that query reports, causing an 8-byte
out-of-bounds heap write.

Impact summary: An attacker who supplies a crafted CMS message can trigger a
deterministic 8-byte out-of-bounds heap write when the victim decrypts it
with CMS_decrypt(), corrupting the heap and typically resulting in a Denial
of Service.

CWE: CWE-787: Out-of-bounds Write

Description: The key-wrap OID is potentially attacker-controlled on the wire.
CMS unwrapping allows both id-aesNNN-wrap-pad and id-aesNNN-wrap ciphers.
An attacker can take a legitimate message and change a single OID byte to
select the padded variant while leaving the message otherwise valid. Since
the unwrap key is derived from the recipient's private operation (ECDH key
agreement or ML-KEM decapsulation), the RFC 5649 integrity check cannot
pass, and the decryption fails with integrity failure.

The write is a fixed-size (8-byte), fixed-value (zero) heap overflow
immediately past the allocation, requires no special configuration, and is
reachable from the public CMS_decrypt() function. The consequence is
a heap corruption leading to a Denial of Service. The fix in the CMS code
sizes the unwrap output buffer for the worst case so a failed unwrap cannot
write past the allocation.

FIPS impact: no

As the CMS code lives outside the FIPS module boundary, no FIPS
modules are affected by this CVE.",vuln-scan,cve:CVE-2026-63072,httpd:2.4-alpine (alpine 3.24.1),,,"Upgrade libcrypto3 to a release that remediates CVE-2026-63072. This is a vulnerability finding, not a config-drift playbook.",2026-09-27,,2026-09-27,No,,,Moderate,,,,,,,"default, not verified",,,CVE-2026-63072,"cpg_2_B,csf_PR_PS_02,nist80053_SI-2,nist80053_RA-5,cis_7_3,cis_7_4,cis_7_7"
EGP-9B3EBC4007,"SI-2, RA-5",openssl: heap buffer overflow in CMS key unwrapping,"Issue summary: OpenSSL CMS decryption sizes the key-unwrap output buffer based
on querying the unwrapped key size, but the AES-WRAP-PAD unwrap primitive
can write and cleanse more bytes than that query reports, causing an 8-byte
out-of-bounds heap write.

Impact summary: An attacker who supplies a crafted CMS message can trigger a
deterministic 8-byte out-of-bounds heap write when the victim decrypts it
with CMS_decrypt(), corrupting the heap and typically resulting in a Denial
of Service.

CWE: CWE-787: Out-of-bounds Write

Description: The key-wrap OID is potentially attacker-controlled on the wire.
CMS unwrapping allows both id-aesNNN-wrap-pad and id-aesNNN-wrap ciphers.
An attacker can take a legitimate message and change a single OID byte to
select the padded variant while leaving the message otherwise valid. Since
the unwrap key is derived from the recipient's private operation (ECDH key
agreement or ML-KEM decapsulation), the RFC 5649 integrity check cannot
pass, and the decryption fails with integrity failure.

The write is a fixed-size (8-byte), fixed-value (zero) heap overflow
immediately past the allocation, requires no special configuration, and is
reachable from the public CMS_decrypt() function. The consequence is
a heap corruption leading to a Denial of Service. The fix in the CMS code
sizes the unwrap output buffer for the worst case so a failed unwrap cannot
write past the allocation.

FIPS impact: no

As the CMS code lives outside the FIPS module boundary, no FIPS
modules are affected by this CVE.",vuln-scan,cve:CVE-2026-63072,nginx:1.27-alpine (alpine 3.21.3),,,"Upgrade libcrypto3 to a release that remediates CVE-2026-63072. This is a vulnerability finding, not a config-drift playbook.",2026-09-27,,2026-09-27,No,,,Moderate,,,,,,,"default, not verified",,,CVE-2026-63072,"cpg_2_B,csf_PR_PS_02,nist80053_SI-2,nist80053_RA-5,cis_7_3,cis_7_4,cis_7_7"
EGP-D724CD87C8,"SI-2, RA-5",openssl: heap buffer overflow in CMS key unwrapping,"Issue summary: OpenSSL CMS decryption sizes the key-unwrap output buffer based
on querying the unwrapped key size, but the AES-WRAP-PAD unwrap primitive
can write and cleanse more bytes than that query reports, causing an 8-byte
out-of-bounds heap write.

Impact summary: An attacker who supplies a crafted CMS message can trigger a
deterministic 8-byte out-of-bounds heap write when the victim decrypts it
with CMS_decrypt(), corrupting the heap and typically resulting in a Denial
of Service.

CWE: CWE-787: Out-of-bounds Write

Description: The key-wrap OID is potentially attacker-controlled on the wire.
CMS unwrapping allows both id-aesNNN-wrap-pad and id-aesNNN-wrap ciphers.
An attacker can take a legitimate message and change a single OID byte to
select the padded variant while leaving the message otherwise valid. Since
the unwrap key is derived from the recipient's private operation (ECDH key
agreement or ML-KEM decapsulation), the RFC 5649 integrity check cannot
pass, and the decryption fails with integrity failure.

The write is a fixed-size (8-byte), fixed-value (zero) heap overflow
immediately past the allocation, requires no special configuration, and is
reachable from the public CMS_decrypt() function. The consequence is
a heap corruption leading to a Denial of Service. The fix in the CMS code
sizes the unwrap output buffer for the worst case so a failed unwrap cannot
write past the allocation.

FIPS impact: no

As the CMS code lives outside the FIPS module boundary, no FIPS
modules are affected by this CVE.",vuln-scan,cve:CVE-2026-63072,postgres:16-alpine (alpine 3.24.1),,,"Upgrade libcrypto3 to a release that remediates CVE-2026-63072. This is a vulnerability finding, not a config-drift playbook.",2026-09-27,,2026-09-27,No,,,Moderate,,,,,,,"default, not verified",,,CVE-2026-63072,"cpg_2_B,csf_PR_PS_02,nist80053_SI-2,nist80053_RA-5,cis_7_3,cis_7_4,cis_7_7"
EGP-61A9B549A7,"SI-2, RA-5",openssl: heap buffer overflow in CMS key unwrapping,"Issue summary: OpenSSL CMS decryption sizes the key-unwrap output buffer based
on querying the unwrapped key size, but the AES-WRAP-PAD unwrap primitive
can write and cleanse more bytes than that query reports, causing an 8-byte
out-of-bounds heap write.

Impact summary: An attacker who supplies a crafted CMS message can trigger a
deterministic 8-byte out-of-bounds heap write when the victim decrypts it
with CMS_decrypt(), corrupting the heap and typically resulting in a Denial
of Service.

CWE: CWE-787: Out-of-bounds Write

Description: The key-wrap OID is potentially attacker-controlled on the wire.
CMS unwrapping allows both id-aesNNN-wrap-pad and id-aesNNN-wrap ciphers.
An attacker can take a legitimate message and change a single OID byte to
select the padded variant while leaving the message otherwise valid. Since
the unwrap key is derived from the recipient's private operation (ECDH key
agreement or ML-KEM decapsulation), the RFC 5649 integrity check cannot
pass, and the decryption fails with integrity failure.

The write is a fixed-size (8-byte), fixed-value (zero) heap overflow
immediately past the allocation, requires no special configuration, and is
reachable from the public CMS_decrypt() function. The consequence is
a heap corruption leading to a Denial of Service. The fix in the CMS code
sizes the unwrap output buffer for the worst case so a failed unwrap cannot
write past the allocation.

FIPS impact: no

As the CMS code lives outside the FIPS module boundary, no FIPS
modules are affected by this CVE.",vuln-scan,cve:CVE-2026-63072,redis:7-alpine (alpine 3.21.7),,,"Upgrade libcrypto3 to a release that remediates CVE-2026-63072. This is a vulnerability finding, not a config-drift playbook.",2026-09-27,,2026-09-27,No,,,Moderate,,,,,,,"default, not verified",,,CVE-2026-63072,"cpg_2_B,csf_PR_PS_02,nist80053_SI-2,nist80053_RA-5,cis_7_3,cis_7_4,cis_7_7"
EGP-DE3B0B573B,"SI-2, RA-5",openssl: invalid pointer dereference in CMP server via crafted protectionAlg,"Issue summary: OpenSSL CMP password based protection verification only
checks whether the protectionAlg parameter was not NULL and not its
ASN.1 type, before treating it as a PBMParameter. A crafted message can
contain a parameter of a different type, which is then dereferenced as an
invalid pointer.

Impact summary: A remote, unauthenticated attacker can crash an application
acting as a CMP server that accepts PBM-protected messages, or a CMP client
talking to a malicious or intercepted CMP server, resulting in a Denial of
Service.

CWE: CWE-476: NULL Pointer Dereference

Description: When verifying the password-based MAC protection of a CMP
message, OpenSSL library reads the protectionAlg algorithm parameter with
X509_ALGOR_get0(), which returns both the parameter type and its value
pointer. The value is then cast to an ASN1_STRING and treated as the
expected PBMParameter after only checking that pointer is not NULL. The
parameter type returned by X509_ALGOR_get0() was never consulted.

This happens during protection verification, before any MAC is computed, so
no knowledge of the PBM shared secret is required; the only precondition is
that PBM verification is reachable. On the server side this is reached from
OSSL_CMP_SRV_process_request() for any application that stands up a CMP
server accepting PBM-protected messages, and on the client side from CMP
response validation against a malicious or on-path (MITM) server. The
reliable consequence is a denial of service; there is no memory disclosure,
no controlled memory write, and no path to code execution. CMP is a
specialized feature that an application must explicitly enable.

FIPS impact: no
As the CMP code lives outside the FIPS module boundary, no FIPS modules
are affected by this CVE.",vuln-scan,cve:CVE-2026-63076,httpd:2.4-alpine (alpine 3.24.1),,,"Upgrade libcrypto3 to a release that remediates CVE-2026-63076. This is a vulnerability finding, not a config-drift playbook.",2026-09-27,,2026-09-27,No,,,Moderate,,,,,,,"default, not verified",,,CVE-2026-63076,"cpg_2_B,csf_PR_PS_02,nist80053_SI-2,nist80053_RA-5,cis_7_3,cis_7_4,cis_7_7"
EGP-F8BC209857,"SI-2, RA-5",openssl: invalid pointer dereference in CMP server via crafted protectionAlg,"Issue summary: OpenSSL CMP password based protection verification only
checks whether the protectionAlg parameter was not NULL and not its
ASN.1 type, before treating it as a PBMParameter. A crafted message can
contain a parameter of a different type, which is then dereferenced as an
invalid pointer.

Impact summary: A remote, unauthenticated attacker can crash an application
acting as a CMP server that accepts PBM-protected messages, or a CMP client
talking to a malicious or intercepted CMP server, resulting in a Denial of
Service.

CWE: CWE-476: NULL Pointer Dereference

Description: When verifying the password-based MAC protection of a CMP
message, OpenSSL library reads the protectionAlg algorithm parameter with
X509_ALGOR_get0(), which returns both the parameter type and its value
pointer. The value is then cast to an ASN1_STRING and treated as the
expected PBMParameter after only checking that pointer is not NULL. The
parameter type returned by X509_ALGOR_get0() was never consulted.

This happens during protection verification, before any MAC is computed, so
no knowledge of the PBM shared secret is required; the only precondition is
that PBM verification is reachable. On the server side this is reached from
OSSL_CMP_SRV_process_request() for any application that stands up a CMP
server accepting PBM-protected messages, and on the client side from CMP
response validation against a malicious or on-path (MITM) server. The
reliable consequence is a denial of service; there is no memory disclosure,
no controlled memory write, and no path to code execution. CMP is a
specialized feature that an application must explicitly enable.

FIPS impact: no
As the CMP code lives outside the FIPS module boundary, no FIPS modules
are affected by this CVE.",vuln-scan,cve:CVE-2026-63076,nginx:1.27-alpine (alpine 3.21.3),,,"Upgrade libcrypto3 to a release that remediates CVE-2026-63076. This is a vulnerability finding, not a config-drift playbook.",2026-09-27,,2026-09-27,No,,,Moderate,,,,,,,"default, not verified",,,CVE-2026-63076,"cpg_2_B,csf_PR_PS_02,nist80053_SI-2,nist80053_RA-5,cis_7_3,cis_7_4,cis_7_7"
EGP-2D8D3C0B7F,"SI-2, RA-5",openssl: invalid pointer dereference in CMP server via crafted protectionAlg,"Issue summary: OpenSSL CMP password based protection verification only
checks whether the protectionAlg parameter was not NULL and not its
ASN.1 type, before treating it as a PBMParameter. A crafted message can
contain a parameter of a different type, which is then dereferenced as an
invalid pointer.

Impact summary: A remote, unauthenticated attacker can crash an application
acting as a CMP server that accepts PBM-protected messages, or a CMP client
talking to a malicious or intercepted CMP server, resulting in a Denial of
Service.

CWE: CWE-476: NULL Pointer Dereference

Description: When verifying the password-based MAC protection of a CMP
message, OpenSSL library reads the protectionAlg algorithm parameter with
X509_ALGOR_get0(), which returns both the parameter type and its value
pointer. The value is then cast to an ASN1_STRING and treated as the
expected PBMParameter after only checking that pointer is not NULL. The
parameter type returned by X509_ALGOR_get0() was never consulted.

This happens during protection verification, before any MAC is computed, so
no knowledge of the PBM shared secret is required; the only precondition is
that PBM verification is reachable. On the server side this is reached from
OSSL_CMP_SRV_process_request() for any application that stands up a CMP
server accepting PBM-protected messages, and on the client side from CMP
response validation against a malicious or on-path (MITM) server. The
reliable consequence is a denial of service; there is no memory disclosure,
no controlled memory write, and no path to code execution. CMP is a
specialized feature that an application must explicitly enable.

FIPS impact: no
As the CMP code lives outside the FIPS module boundary, no FIPS modules
are affected by this CVE.",vuln-scan,cve:CVE-2026-63076,postgres:16-alpine (alpine 3.24.1),,,"Upgrade libcrypto3 to a release that remediates CVE-2026-63076. This is a vulnerability finding, not a config-drift playbook.",2026-09-27,,2026-09-27,No,,,Moderate,,,,,,,"default, not verified",,,CVE-2026-63076,"cpg_2_B,csf_PR_PS_02,nist80053_SI-2,nist80053_RA-5,cis_7_3,cis_7_4,cis_7_7"
EGP-6A9E8441CC,"SI-2, RA-5",openssl: invalid pointer dereference in CMP server via crafted protectionAlg,"Issue summary: OpenSSL CMP password based protection verification only
checks whether the protectionAlg parameter was not NULL and not its
ASN.1 type, before treating it as a PBMParameter. A crafted message can
contain a parameter of a different type, which is then dereferenced as an
invalid pointer.

Impact summary: A remote, unauthenticated attacker can crash an application
acting as a CMP server that accepts PBM-protected messages, or a CMP client
talking to a malicious or intercepted CMP server, resulting in a Denial of
Service.

CWE: CWE-476: NULL Pointer Dereference

Description: When verifying the password-based MAC protection of a CMP
message, OpenSSL library reads the protectionAlg algorithm parameter with
X509_ALGOR_get0(), which returns both the parameter type and its value
pointer. The value is then cast to an ASN1_STRING and treated as the
expected PBMParameter after only checking that pointer is not NULL. The
parameter type returned by X509_ALGOR_get0() was never consulted.

This happens during protection verification, before any MAC is computed, so
no knowledge of the PBM shared secret is required; the only precondition is
that PBM verification is reachable. On the server side this is reached from
OSSL_CMP_SRV_process_request() for any application that stands up a CMP
server accepting PBM-protected messages, and on the client side from CMP
response validation against a malicious or on-path (MITM) server. The
reliable consequence is a denial of service; there is no memory disclosure,
no controlled memory write, and no path to code execution. CMP is a
specialized feature that an application must explicitly enable.

FIPS impact: no
As the CMP code lives outside the FIPS module boundary, no FIPS modules
are affected by this CVE.",vuln-scan,cve:CVE-2026-63076,redis:7-alpine (alpine 3.21.7),,,"Upgrade libcrypto3 to a release that remediates CVE-2026-63076. This is a vulnerability finding, not a config-drift playbook.",2026-09-27,,2026-09-27,No,,,Moderate,,,,,,,"default, not verified",,,CVE-2026-63076,"cpg_2_B,csf_PR_PS_02,nist80053_SI-2,nist80053_RA-5,cis_7_3,cis_7_4,cis_7_7"
EGP-A4A02320C1,"SI-2, RA-5",openssl: openssl: Information Disclosure from Uninitialized Memory via Invalid RSA Public Key,"Issue summary: Applications using RSASVE key encapsulation to establish
a secret encryption key can send contents of an uninitialized memory buffer to
a malicious peer.

Impact summary: The uninitialized buffer might contain sensitive data from the
previous execution of the application process which leads to sensitive data
leakage to an attacker.

RSA_public_encrypt() returns the number of bytes written on success and -1
on error. The affected code tests only whether the return value is non-zero.
As a result, if RSA encryption fails, encapsulation can still return success to
the caller, set the output lengths, and leave the caller to use the contents of
the ciphertext buffer as if a valid KEM ciphertext had been produced.

If applications use EVP_PKEY_encapsulate() with RSA/RSASVE on an
attacker-supplied invalid RSA public key without first validating that key,
then this may cause stale or uninitialized contents of the caller-provided
ciphertext buffer to be disclosed to the attacker in place of the KEM
ciphertext.

As a workaround calling EVP_PKEY_public_check() or
EVP_PKEY_public_check_quick() before EVP_PKEY_encapsulate() will mitigate
the issue.

The FIPS modules in 3.6, 3.5, 3.4, 3.3, 3.1 and 3.0 are affected by this issue.",vuln-scan,cve:CVE-2026-31790,nginx:1.27-alpine (alpine 3.21.3),,,"Upgrade libcrypto3 to a release that remediates CVE-2026-31790. This is a vulnerability finding, not a config-drift playbook.",2026-09-27,,2026-09-27,No,,,Moderate,,,,,,,"default, not verified",,,CVE-2026-31790,"cpg_2_B,csf_PR_PS_02,nist80053_SI-2,nist80053_RA-5,cis_7_3,cis_7_4,cis_7_7"
EGP-4D653291FD,"SI-2, RA-5",os/exec: Unexpected paths returned from LookPath in os/exec,"If the PATH environment variable contains paths which are executables (rather than just directories), passing certain strings to LookPath ("""", ""."", and ""..""), can result in the binaries listed in the PATH being unexpectedly returned.",vuln-scan,cve:CVE-2025-47906,usr/local/go/pkg/tool/linux_amd64/vet,,,"Upgrade stdlib to a release that remediates CVE-2025-47906. This is a vulnerability finding, not a config-drift playbook.",2026-09-27,,2026-09-27,No,,,Moderate,,,,,,,"default, not verified",,,CVE-2025-47906,"cpg_2_B,csf_PR_PS_02,nist80053_SI-2,nist80053_RA-5,cis_7_3,cis_7_4,cis_7_7"
EGP-0320ED5EBE,"SI-2, RA-5",os/exec: Unexpected paths returned from LookPath in os/exec,"If the PATH environment variable contains paths which are executables (rather than just directories), passing certain strings to LookPath ("""", ""."", and ""..""), can result in the binaries listed in the PATH being unexpectedly returned.",vuln-scan,cve:CVE-2025-47906,whoami,,,"Upgrade stdlib to a release that remediates CVE-2025-47906. This is a vulnerability finding, not a config-drift playbook.",2026-09-27,,2026-09-27,No,,,Moderate,,,,,,,"default, not verified",,,CVE-2025-47906,"cpg_2_B,csf_PR_PS_02,nist80053_SI-2,nist80053_RA-5,cis_7_3,cis_7_4,cis_7_7"
EGP-CF4560ED88,"SI-2, RA-5",os: os: Information disclosure via path traversal using specially crafted filenames,"It was possible to improperly access the parent directory of an os.Root by opening a filename ending in ""../"". For example, Root.Open(""../"") would open the parent directory of the Root. This escape only permits opening the parent directory itself, not ancestors of the parent or files contained within the parent.",vuln-scan,cve:CVE-2025-22873,usr/local/go/pkg/tool/linux_amd64/vet,,,"Upgrade stdlib to a release that remediates CVE-2025-22873. This is a vulnerability finding, not a config-drift playbook.",2026-09-27,,2026-09-27,No,,,Moderate,,,,,,,"default, not verified",,,CVE-2025-22873,"cpg_2_B,csf_PR_PS_02,nist80053_SI-2,nist80053_RA-5,cis_7_3,cis_7_4,cis_7_7"
EGP-B2330F61F9,"SI-2, RA-5",os: os: Information disclosure via path traversal using specially crafted filenames,"It was possible to improperly access the parent directory of an os.Root by opening a filename ending in ""../"". For example, Root.Open(""../"") would open the parent directory of the Root. This escape only permits opening the parent directory itself, not ancestors of the parent or files contained within the parent.",vuln-scan,cve:CVE-2025-22873,whoami,,,"Upgrade stdlib to a release that remediates CVE-2025-22873. This is a vulnerability finding, not a config-drift playbook.",2026-09-27,,2026-09-27,No,,,Moderate,,,,,,,"default, not verified",,,CVE-2025-22873,"cpg_2_B,csf_PR_PS_02,nist80053_SI-2,nist80053_RA-5,cis_7_3,cis_7_4,cis_7_7"
EGP-493B8BE50C,"SI-2, RA-5",p11-kit: out-of-bounds read in p11_rpc_buffer_get_byte_array function in rpc-message.c,"An issue was discovered in p11-kit 0.21.1 through 0.23.21. A heap-based buffer over-read has been discovered in the RPC protocol used by thep11-kit server/remote commands and the client library. When the remote entity supplies a byte array through a serialized PKCS#11 function call, the receiving entity may allow the reading of up to 4 bytes of memory past the heap allocation.",vuln-scan,cve:CVE-2020-29362,dperson/samba:latest (alpine 3.12.0),,,"Upgrade p11-kit to a release that remediates CVE-2020-29362. This is a vulnerability finding, not a config-drift playbook.",2026-09-27,,2026-09-27,No,,,Moderate,,,,,,,"default, not verified",,,CVE-2020-29362,"cpg_2_B,csf_PR_PS_02,nist80053_SI-2,nist80053_RA-5,cis_7_3,cis_7_4,cis_7_7"
EGP-99D14FF339,"SI-2, RA-5",pcre2: PCRE2: Denial of Service via out-of-bounds read during invalid UTF matching,PCRE2 before 10.48 has a pcre2_match out-of-bounds read during the PCRE2_MATCH_INVALID_UTF matching of an invalid UTF subject.,vuln-scan,cve:CVE-2026-89160,stilliard/pure-ftpd:latest (debian 13.6),,,"Upgrade libpcre2-8-0 to a release that remediates CVE-2026-89160. This is a vulnerability finding, not a config-drift playbook.",2026-09-27,,2026-09-27,No,,,Moderate,,,,,,,"default, not verified",,,CVE-2026-89160,"cpg_2_B,csf_PR_PS_02,nist80053_SI-2,nist80053_RA-5,cis_7_3,cis_7_4,cis_7_7"
EGP-5EEE423CD8,"SI-2, RA-5",pcre2: PCRE2: Memory corruption vulnerability in pcre2_jit_match,"In PCRE2 before 10.48, pcre2_jit_match mishandles a previously copied subject being passed in as a context. An incorrect free operation can occur.",vuln-scan,cve:CVE-2026-89161,mongo:7 (ubuntu 22.04),,,"Upgrade libpcre2-8-0 to a release that remediates CVE-2026-89161. This is a vulnerability finding, not a config-drift playbook.",2026-09-27,,2026-09-27,No,,,Moderate,,,,,,,"default, not verified",,,CVE-2026-89161,"cpg_2_B,csf_PR_PS_02,nist80053_SI-2,nist80053_RA-5,cis_7_3,cis_7_4,cis_7_7"
EGP-F6C8968CF8,"SI-2, RA-5",pcre2: PCRE2: Out-of-bounds write allows arbitrary code execution via crafted regular expressions,"PCRE2 before 10.48 allows a pcre2_dfa_match out-of-bounds write because reuse of a cached workspace block, in a recursive DFA matching workspace, lacks a size check (even though a newly allocated block, for the same purpose, does have a size check). This outcome requires an attacker-controlled regular expression, or a recursive pattern in conjunction with a small heap limit (this can be set through the API).",vuln-scan,cve:CVE-2026-86145,mongo:7 (ubuntu 22.04),,,"Upgrade libpcre2-8-0 to a release that remediates CVE-2026-86145. This is a vulnerability finding, not a config-drift playbook.",2026-09-27,,2026-09-27,No,,,Moderate,,,,,,,"default, not verified",,,CVE-2026-86145,"cpg_2_B,csf_PR_PS_02,nist80053_SI-2,nist80053_RA-5,cis_7_3,cis_7_4,cis_7_7"
EGP-EECE4CA5D8,"SI-2, RA-5",perl: Perl: Arbitrary code execution via out-of-bounds memory access in regular expression engine.,"Perl versions through 5.45.1 have out-of-bounds heap reads and writes during regular expression matching via an undersized superlinear cache in S_regmatch.

The regex engine's superlinear cache holds one bit per subject position for each participating WHILEM node, so the bit count is the subject length plus one times the number of nodes. Nothing checks that product for positive overflow of the signed 32-bit count: a 286331153 byte subject matched against a pattern with 15 participating nodes stores the count as 14, leaving a two byte cache. The cache is then indexed from the real match position and node number, so reads go past the end of the allocation, and on failure CACHEsayNO sets a bit past it.

A caller that matches an attacker controlled subject of this size against a pattern of this shape can crash the process or corrupt heap memory.",vuln-scan,cve:CVE-2026-15534,mongo:7 (ubuntu 22.04),,,"Upgrade perl-base to a release that remediates CVE-2026-15534. This is a vulnerability finding, not a config-drift playbook.",2026-09-27,,2026-09-27,No,,,Moderate,,,,,,,"default, not verified",,,CVE-2026-15534,"cpg_2_B,csf_PR_PS_02,nist80053_SI-2,nist80053_RA-5,cis_7_3,cis_7_4,cis_7_7"
EGP-B4ABB1A8CD,"SI-2, RA-5",perl: Perl: Arbitrary code execution via out-of-bounds memory access in regular expression engine.,"Perl versions through 5.45.1 have out-of-bounds heap reads and writes during regular expression matching via an undersized superlinear cache in S_regmatch.

The regex engine's superlinear cache holds one bit per subject position for each participating WHILEM node, so the bit count is the subject length plus one times the number of nodes. Nothing checks that product for positive overflow of the signed 32-bit count: a 286331153 byte subject matched against a pattern with 15 participating nodes stores the count as 14, leaving a two byte cache. The cache is then indexed from the real match position and node number, so reads go past the end of the allocation, and on failure CACHEsayNO sets a bit past it.

A caller that matches an attacker controlled subject of this size against a pattern of this shape can crash the process or corrupt heap memory.",vuln-scan,cve:CVE-2026-15534,stilliard/pure-ftpd:latest (debian 13.6),,,"Upgrade libperl5.40 to a release that remediates CVE-2026-15534. This is a vulnerability finding, not a config-drift playbook.",2026-09-27,,2026-09-27,No,,,Moderate,,,,,,,"default, not verified",,,CVE-2026-15534,"cpg_2_B,csf_PR_PS_02,nist80053_SI-2,nist80053_RA-5,cis_7_3,cis_7_4,cis_7_7"
EGP-CCA45D48C8,"SI-2, RA-5",perl: Perl: Incorrect regular expression matching can lead to wrong access or filtering decisions.,"Perl versions from 5.9.4 before 5.41.9 produce incorrect regular expression match results when a stale failure flag ends the Aho-Corasick prescan early in S_find_byclass.

The prescan walks the subject for positions where the full pattern could match, and the engine tries it from the leftmost one recorded. A failing transition sets the failed flag, and a later successful transition does not clear it, so the prescan reads the stale flag as a failure and stops before it can record a candidate that starts earlier. It takes a subject where one candidate is recorded and a later character then forces a fallback through a fail link that succeeds.

Example:

  ""ABCDE"" =~ m/ABCF|BCDE|C/;    # matches C at offset 2, not BCDE
  ""ABCDE"" =~ m/ABCF|BCDE|C(G)/; # no match, BCDE missed

An alternation like this can miss input it should match, or match it on the wrong branch, so an access or filtering decision made from the result can be wrong.",vuln-scan,cve:CVE-2026-19487,mongo:7 (ubuntu 22.04),,,"Upgrade perl-base to a release that remediates CVE-2026-19487. This is a vulnerability finding, not a config-drift playbook.",2026-09-27,,2026-09-27,No,,,Moderate,,,,,,,"default, not verified",,,CVE-2026-19487,"cpg_2_B,csf_PR_PS_02,nist80053_SI-2,nist80053_RA-5,cis_7_3,cis_7_4,cis_7_7"
EGP-BC16C36128,"SI-2, RA-5",perl: Perl: Incorrect regular expression matching can lead to wrong access or filtering decisions.,"Perl versions from 5.9.4 before 5.41.9 produce incorrect regular expression match results when a stale failure flag ends the Aho-Corasick prescan early in S_find_byclass.

The prescan walks the subject for positions where the full pattern could match, and the engine tries it from the leftmost one recorded. A failing transition sets the failed flag, and a later successful transition does not clear it, so the prescan reads the stale flag as a failure and stops before it can record a candidate that starts earlier. It takes a subject where one candidate is recorded and a later character then forces a fallback through a fail link that succeeds.

Example:

  ""ABCDE"" =~ m/ABCF|BCDE|C/;    # matches C at offset 2, not BCDE
  ""ABCDE"" =~ m/ABCF|BCDE|C(G)/; # no match, BCDE missed

An alternation like this can miss input it should match, or match it on the wrong branch, so an access or filtering decision made from the result can be wrong.",vuln-scan,cve:CVE-2026-19487,stilliard/pure-ftpd:latest (debian 13.6),,,"Upgrade libperl5.40 to a release that remediates CVE-2026-19487. This is a vulnerability finding, not a config-drift playbook.",2026-09-27,,2026-09-27,No,,,Moderate,,,,,,,"default, not verified",,,CVE-2026-19487,"cpg_2_B,csf_PR_PS_02,nist80053_SI-2,nist80053_RA-5,cis_7_3,cis_7_4,cis_7_7"
EGP-9F78F09604,"SI-2, RA-5",pip: pip: Arbitrary code execution or information disclosure via malicious wheel package installation,pip prior to version 26.1 would run self-update check functionality after installing wheel files which required importing well-known Python modules names. These module imports were intentionally deferred to increase startup time of the pip CLI. The patch changes self-update functionality to run before wheels are installed to prevent newly-installed modules from being imported shortly after the installation of a wheel package. Users should still review package contents prior to installation.,vuln-scan,cve:CVE-2026-6357,Python,,,"Upgrade pip to a release that remediates CVE-2026-6357. This is a vulnerability finding, not a config-drift playbook.",2026-09-27,,2026-09-27,No,,,Moderate,,,,,,,"default, not verified",,,CVE-2026-6357,"cpg_2_B,csf_PR_PS_02,nist80053_SI-2,nist80053_RA-5,cis_7_3,cis_7_4,cis_7_7"
EGP-A4725A64EF,"SI-2, RA-5",pip: pip: Arbitrary file installation via malicious package indexes,"pip would incorrectly handle doubly-encoded package URLs from indexes allowing for files to be installed to arbitrary locations on disk even when installing wheels.




This vulnerability requires downloading or installing a package from a malicious package index to succeed, malicious packages alone are not able to exploit this vulnerability. Note that this vulnerability only materially impacts users running `pip download` with the `--only-binary` option as installing source distributions from an untrusted index is already an unsafe operation that executes code during install time.",vuln-scan,cve:CVE-2026-13346,Python,,,"Upgrade pip to a release that remediates CVE-2026-13346. This is a vulnerability finding, not a config-drift playbook.",2026-09-27,,2026-09-27,No,,,Moderate,,,,,,,"default, not verified",,,CVE-2026-13346,"cpg_2_B,csf_PR_PS_02,nist80053_SI-2,nist80053_RA-5,cis_7_3,cis_7_4,cis_7_7"
EGP-8A1604F6F2,"SI-2, RA-5",pip: pip: Incorrect file installation due to improper archive handling,"pip handles concatenated tar and ZIP files as ZIP files regardless of filename or whether a file is both a tar and ZIP file. This behavior could result in confusing installation behavior, such as installing ""incorrect"" files according to the filename of the archive. New behavior only proceeds with installation if the file identifies uniquely as a ZIP or tar archive, not as both.",vuln-scan,cve:CVE-2026-3219,Python,,,"Upgrade pip to a release that remediates CVE-2026-3219. This is a vulnerability finding, not a config-drift playbook.",2026-09-27,,2026-09-27,No,,,Moderate,,,,,,,"default, not verified",,,CVE-2026-3219,"cpg_2_B,csf_PR_PS_02,nist80053_SI-2,nist80053_RA-5,cis_7_3,cis_7_4,cis_7_7"
EGP-983A0FC0C0,"SI-2, RA-5",python-cryptography: python-cryptography: python-cryptography verifier accepts wildcard DNS names allowing escape from permittedSubtrees,"cryptography is a package designed to expose cryptographic primitives and recipes to Python developers. In versions 45.0.0 through 48.0.0, if an intermediate constrained CA permits the DNS name foo.example.com, and the leaf certificate has a wildcard in its DNS SAN of *.example.com, python-cryptography's verifier accepts which allows escaping outside of the permitted names. The core issue is in DNSConstraint::matches, where a wildcard pattern was treated as matching a more-specific permitted constraint even though *.example.com can expand to sibling names such as bar.example.com outside foo.example.com. This allows acceptance of an invalid certificate chain. This issue is fixed in 49.0.0.",vuln-scan,cve:CVE-2026-69248,Python,,,"Upgrade cryptography to a release that remediates CVE-2026-69248. This is a vulnerability finding, not a config-drift playbook.",2026-09-27,,2026-09-27,No,,,Moderate,,,,,,,"default, not verified",,,CVE-2026-69248,"cpg_2_B,csf_PR_PS_02,nist80053_SI-2,nist80053_RA-5,cis_7_3,cis_7_4,cis_7_7"
EGP-FB6ACBE577,"SI-2, RA-5",python-pip: Path traversal via malicious entry point name in pip wheel installation allows arbitrary file overwrite,"pip would treat console_scripts and gui_scripts as paths instead of file names without sanitizing the resolved absolute path to the installation directory, leading to entry points being installed outside the installation directory.",vuln-scan,cve:CVE-2026-8643,Python,,,"Upgrade pip to a release that remediates CVE-2026-8643. This is a vulnerability finding, not a config-drift playbook.",2026-09-27,,2026-09-27,No,,,Moderate,,,,,,,"default, not verified",,,CVE-2026-8643,"cpg_2_B,csf_PR_PS_02,nist80053_SI-2,nist80053_RA-5,cis_7_3,cis_7_4,cis_7_7"
EGP-B69EB67497,"SI-2, RA-5",samba: An authenticated user can crash the DCE/RPC DNS with easily crafted records,"A flaw was found in samba's DNS server. An authenticated user could use this flaw to the RPC server to crash. This RPC server, which also serves protocols other than dnsserver, will be restarted after a short delay, but it is easy for an authenticated non administrative attacker to crash it again as soon as it returns. The Samba DNS server itself will continue to operate, but many RPC services will not.",vuln-scan,cve:CVE-2020-14383,dperson/samba:latest (alpine 3.12.0),,,"Upgrade libsmbclient to a release that remediates CVE-2020-14383. This is a vulnerability finding, not a config-drift playbook.",2026-09-27,,2026-09-27,No,,,Moderate,,,,,,,"default, not verified",,,CVE-2020-14383,"cpg_2_B,csf_PR_PS_02,nist80053_SI-2,nist80053_RA-5,cis_7_3,cis_7_4,cis_7_7"
EGP-1B9244BE97,"SI-2, RA-5",samba: LDAP Use-after-free in Samba AD DC Global Catalog with paged_results and VLV,"A use-after-free flaw was found in all samba LDAP server versions before 4.10.17, before 4.11.11, before 4.12.4 used in a AC DC configuration. A Samba LDAP user could use this flaw to crash samba.",vuln-scan,cve:CVE-2020-10760,dperson/samba:latest (alpine 3.12.0),,,"Upgrade libsmbclient to a release that remediates CVE-2020-10760. This is a vulnerability finding, not a config-drift playbook.",2026-09-27,,2026-09-27,No,,,Moderate,,,,,,,"default, not verified",,,CVE-2020-10760,"cpg_2_B,csf_PR_PS_02,nist80053_SI-2,nist80053_RA-5,cis_7_3,cis_7_4,cis_7_7"
EGP-0B1F77EBA5,"SI-2, RA-5",samba: Missing handle permissions check in SMB1/2/3 ChangeNotify,A flaw was found in the way samba handled file and directory permissions. An authenticated user could use this flaw to gain access to certain file and directory information which otherwise would be unavailable to the attacker.,vuln-scan,cve:CVE-2020-14318,dperson/samba:latest (alpine 3.12.0),,,"Upgrade libsmbclient to a release that remediates CVE-2020-14318. This is a vulnerability finding, not a config-drift playbook.",2026-09-27,,2026-09-27,No,,,Moderate,,,,,,,"default, not verified",,,CVE-2020-14318,"cpg_2_B,csf_PR_PS_02,nist80053_SI-2,nist80053_RA-5,cis_7_3,cis_7_4,cis_7_7"
EGP-ABE059934C,"SI-2, RA-5","samba: NULL pointer de-reference and use-after-free in Samba AD DC LDAP Server with ASQ, VLV and paged_results","A NULL pointer dereference, or possible use-after-free flaw was found in Samba AD LDAP server in versions before 4.10.17, before 4.11.11 and before 4.12.4. Although some versions of Samba shipped with Red Hat Enterprise Linux do not support Samba in AD mode, the affected code is shipped with the libldb package. This flaw allows an authenticated user to possibly trigger a use-after-free or NULL pointer dereference. The highest threat from this vulnerability is to system availability.",vuln-scan,cve:CVE-2020-10730,dperson/samba:latest (alpine 3.12.0),,,"Upgrade libsmbclient to a release that remediates CVE-2020-10730. This is a vulnerability finding, not a config-drift playbook.",2026-09-27,,2026-09-27,No,,,Moderate,,,,,,,"default, not verified",,,CVE-2020-10730,"cpg_2_B,csf_PR_PS_02,nist80053_SI-2,nist80053_RA-5,cis_7_3,cis_7_4,cis_7_7"
EGP-36DB9A16F9,"SI-2, RA-5",samba: Negative idmap cache entries can cause incorrect group entries in the Samba file server process token,A flaw was found in samba. The Samba smbd file server must map Windows group identities (SIDs) into unix group ids (gids). The code that performs this had a flaw that could allow it to read data beyond the end of the array in the case where a negative cache entry had been added to the mapping cache. This could cause the calling code to return those values into the process token that stores the group membership for a user. The highest threat from this vulnerability is to data confidentiality and integrity.,vuln-scan,cve:CVE-2021-20254,dperson/samba:latest (alpine 3.12.0),,,"Upgrade libsmbclient to a release that remediates CVE-2021-20254. This is a vulnerability finding, not a config-drift playbook.",2026-09-27,,2026-09-27,No,,,Moderate,,,,,,,"default, not verified",,,CVE-2021-20254,"cpg_2_B,csf_PR_PS_02,nist80053_SI-2,nist80053_RA-5,cis_7_3,cis_7_4,cis_7_7"
EGP-00CD4EC1FC,"SI-2, RA-5",samba: Unprivileged user can crash winbind,"A null pointer dereference flaw was found in samba's Winbind service in versions before 4.11.15, before 4.12.9 and before 4.13.1. A local user could use this flaw to crash the winbind service causing denial of service.",vuln-scan,cve:CVE-2020-14323,dperson/samba:latest (alpine 3.12.0),,,"Upgrade libsmbclient to a release that remediates CVE-2020-14323. This is a vulnerability finding, not a config-drift playbook.",2026-09-27,,2026-09-27,No,,,Moderate,,,,,,,"default, not verified",,,CVE-2020-14323,"cpg_2_B,csf_PR_PS_02,nist80053_SI-2,nist80053_RA-5,cis_7_3,cis_7_4,cis_7_7"
EGP-77B03DC654,"SI-2, RA-5",sqlite: SQLite: Denial of Service via malformed changeset in Session Extension,A NULL pointer dereference in the SQLite Session Extension in SQLite 3.53.1 and SQLite trunk builds before check-in e807d4e3798efd53 allows an attacker who can supply a malformed changeset blob to cause a denial of service. The issue occurs when sqlite3changeset_apply_v3() applies a corrupt changeset and reaches sqlite3_value_type() with a NULL sqlite3_value pointer.,vuln-scan,cve:CVE-2026-50812,stilliard/pure-ftpd:latest (debian 13.6),,,"Upgrade libsqlite3-0 to a release that remediates CVE-2026-50812. This is a vulnerability finding, not a config-drift playbook.",2026-09-27,,2026-09-27,No,,,Moderate,,,,,,,"default, not verified",,,CVE-2026-50812,"cpg_2_B,csf_PR_PS_02,nist80053_SI-2,nist80053_RA-5,cis_7_3,cis_7_4,cis_7_7"
EGP-815FC93CFB,"SI-2, RA-5",sqlite: SQLite: Information disclosure via Session Extension changeset merge path,An issue in SQLite before Fossil check-in 869a51ae84df allows a local attacker to obtain sensitive information via the Session Extension changeset concat/changegroup merge path,vuln-scan,cve:CVE-2026-50813,stilliard/pure-ftpd:latest (debian 13.6),,,"Upgrade libsqlite3-0 to a release that remediates CVE-2026-50813. This is a vulnerability finding, not a config-drift playbook.",2026-09-27,,2026-09-27,No,,,Moderate,,,,,,,"default, not verified",,,CVE-2026-50813,"cpg_2_B,csf_PR_PS_02,nist80053_SI-2,nist80053_RA-5,cis_7_3,cis_7_4,cis_7_7"
EGP-DD1737F80E,"SI-2, RA-5",systemd: systemd-oomd: Unprivileged users can terminate arbitrary processes via IPC API,Local unprivileged users can terminate arbitrary local processes via a systemd-oomd IPC API due to a missing path traversal validation.,vuln-scan,cve:CVE-2026-15059,stilliard/pure-ftpd:latest (debian 13.6),,,"Upgrade libsystemd0 to a release that remediates CVE-2026-15059. This is a vulnerability finding, not a config-drift playbook.",2026-09-27,,2026-09-27,No,,,Moderate,,,,,,,"default, not verified",,,CVE-2026-15059,"cpg_2_B,csf_PR_PS_02,nist80053_SI-2,nist80053_RA-5,cis_7_3,cis_7_4,cis_7_7"
EGP-DBB877D3BA,"SI-2, RA-5",tar: tar: --one-top-level hardlink targets not confined to top-level directory enabling arbitrary file overwrite,"A flaw was found in GNU tar. When extracting an archive with the --one-top-level option, hardlink targets are not confined to the designated top-level directory and may resolve relative to the extraction working directory. A crafted archive can create hardlinks that escape the intended boundary and, when combined with a preexisting symbolic link under the working directory, may allow writing outside that boundary during a single extraction.",vuln-scan,cve:CVE-2026-18508,mongo:7 (ubuntu 22.04),,,"Upgrade tar to a release that remediates CVE-2026-18508. This is a vulnerability finding, not a config-drift playbook.",2026-09-27,,2026-09-27,No,,,Moderate,,,,,,,"default, not verified",,,CVE-2026-18508,"cpg_2_B,csf_PR_PS_02,nist80053_SI-2,nist80053_RA-5,cis_7_3,cis_7_4,cis_7_7"
EGP-4ED3F99A5B,"SI-2, RA-5",tar: tar: --one-top-level hardlink targets not confined to top-level directory enabling arbitrary file overwrite,"A flaw was found in GNU tar. When extracting an archive with the --one-top-level option, hardlink targets are not confined to the designated top-level directory and may resolve relative to the extraction working directory. A crafted archive can create hardlinks that escape the intended boundary and, when combined with a preexisting symbolic link under the working directory, may allow writing outside that boundary during a single extraction.",vuln-scan,cve:CVE-2026-18508,stilliard/pure-ftpd:latest (debian 13.6),,,"Upgrade tar to a release that remediates CVE-2026-18508. This is a vulnerability finding, not a config-drift playbook.",2026-09-27,,2026-09-27,No,,,Moderate,,,,,,,"default, not verified",,,CVE-2026-18508,"cpg_2_B,csf_PR_PS_02,nist80053_SI-2,nist80053_RA-5,cis_7_3,cis_7_4,cis_7_7"
EGP-A61FDC1E29,"SI-2, RA-5",tar: tar: Hidden file injection via crafted archives,"A flaw was found in tar. A remote attacker could exploit this vulnerability by crafting a malicious archive, leading to hidden file injection with fully attacker-controlled content. This bypasses pre-extraction inspection mechanisms, potentially allowing an attacker to introduce malicious files onto a system without detection.",vuln-scan,cve:CVE-2026-5704,stilliard/pure-ftpd:latest (debian 13.6),,,"Upgrade tar to a release that remediates CVE-2026-5704. This is a vulnerability finding, not a config-drift playbook.",2026-09-27,,2026-09-27,No,,,Moderate,,,,,,,"default, not verified",,,CVE-2026-5704,"cpg_2_B,csf_PR_PS_02,nist80053_SI-2,nist80053_RA-5,cis_7_3,cis_7_4,cis_7_7"
EGP-FB07AEEE53,"SI-2, RA-5",tar: tar: TOCTOU in incremental dumpdir 'X' rename handling allows restore path escape,"A TOCTOU (Time-of-Check Time-of-Use) vulnerability in GNU tar's incremental dumpdir 'X' rename handling allows a local attacker with write access to a directory being backed up to influence the restore process if the attacker has access to the system where the restore is being performed. During restoration, files or directories may be created, renamed or overwritten outside the intended extraction directory. This could lead to unauthorized file modification or, in some cases, privilege escalation. Exploitation does not require the attacker to modify or craft the archive, and standard backup and restore workflows—including extracting into a newly created directory without using the -P option do not mitigate the issue.",vuln-scan,cve:CVE-2026-18477,mongo:7 (ubuntu 22.04),,,"Upgrade tar to a release that remediates CVE-2026-18477. This is a vulnerability finding, not a config-drift playbook.",2026-09-27,,2026-09-27,No,,,Moderate,,,,,,,"default, not verified",,,CVE-2026-18477,"cpg_2_B,csf_PR_PS_02,nist80053_SI-2,nist80053_RA-5,cis_7_3,cis_7_4,cis_7_7"
EGP-4CA8F15054,"SI-2, RA-5",tar: tar: TOCTOU in incremental dumpdir 'X' rename handling allows restore path escape,"A TOCTOU (Time-of-Check Time-of-Use) vulnerability in GNU tar's incremental dumpdir 'X' rename handling allows a local attacker with write access to a directory being backed up to influence the restore process if the attacker has access to the system where the restore is being performed. During restoration, files or directories may be created, renamed or overwritten outside the intended extraction directory. This could lead to unauthorized file modification or, in some cases, privilege escalation. Exploitation does not require the attacker to modify or craft the archive, and standard backup and restore workflows—including extracting into a newly created directory without using the -P option do not mitigate the issue.",vuln-scan,cve:CVE-2026-18477,stilliard/pure-ftpd:latest (debian 13.6),,,"Upgrade tar to a release that remediates CVE-2026-18477. This is a vulnerability finding, not a config-drift playbook.",2026-09-27,,2026-09-27,No,,,Moderate,,,,,,,"default, not verified",,,CVE-2026-18477,"cpg_2_B,csf_PR_PS_02,nist80053_SI-2,nist80053_RA-5,cis_7_3,cis_7_4,cis_7_7"
EGP-C8532E6EE6,"SI-2, RA-5",util-linux: TOCTOU in the mount program when setting up loop devices,"util-linux is a random collection of Linux utilities. Prior to version 2.41.4, a TOCTOU (Time-of-Check-Time-of-Use) vulnerability has been identified in the SUID binary /usr/bin/mount from util-linux. The mount binary, when setting up loop devices, validates the source file path with user privileges via fork() + setuid() + realpath(), but subsequently re-canonicalizes and opens it with root privileges (euid=0) without verifying that the path has not been replaced between both operations. Neither O_NOFOLLOW, nor inode comparison, nor post-open fstat() are employed. This allows a local unprivileged user to replace the source file with a symlink pointing to any root-owned file or device during the race window, causing the SUID binary to open and mount it as root. Exploitation requires an /etc/fstab entry with user,loop options whose path points to a directory where the attacker has write permission, and that /usr/bin/mount has the SUID bit set (the default configuration on virtually all Linux distributions). The impact is unauthorized read access to root-protected files and block devices, including backup images, disk volumes, and any file containing a valid filesystem. This issue has been patched in version 2.41.4.",vuln-scan,cve:CVE-2026-27456,httpd:2.4-alpine (alpine 3.24.1),,,"Upgrade libuuid to a release that remediates CVE-2026-27456. This is a vulnerability finding, not a config-drift playbook.",2026-09-27,,2026-09-27,No,,,Moderate,,,,,,,"default, not verified",,,CVE-2026-27456,"cpg_2_B,csf_PR_PS_02,nist80053_SI-2,nist80053_RA-5,cis_7_3,cis_7_4,cis_7_7"
EGP-E6B27107FE,"SI-2, RA-5",util-linux: TOCTOU in the mount program when setting up loop devices,"util-linux is a random collection of Linux utilities. Prior to version 2.41.4, a TOCTOU (Time-of-Check-Time-of-Use) vulnerability has been identified in the SUID binary /usr/bin/mount from util-linux. The mount binary, when setting up loop devices, validates the source file path with user privileges via fork() + setuid() + realpath(), but subsequently re-canonicalizes and opens it with root privileges (euid=0) without verifying that the path has not been replaced between both operations. Neither O_NOFOLLOW, nor inode comparison, nor post-open fstat() are employed. This allows a local unprivileged user to replace the source file with a symlink pointing to any root-owned file or device during the race window, causing the SUID binary to open and mount it as root. Exploitation requires an /etc/fstab entry with user,loop options whose path points to a directory where the attacker has write permission, and that /usr/bin/mount has the SUID bit set (the default configuration on virtually all Linux distributions). The impact is unauthorized read access to root-protected files and block devices, including backup images, disk volumes, and any file containing a valid filesystem. This issue has been patched in version 2.41.4.",vuln-scan,cve:CVE-2026-27456,postgres:16-alpine (alpine 3.24.1),,,"Upgrade libuuid to a release that remediates CVE-2026-27456. This is a vulnerability finding, not a config-drift playbook.",2026-09-27,,2026-09-27,No,,,Moderate,,,,,,,"default, not verified",,,CVE-2026-27456,"cpg_2_B,csf_PR_PS_02,nist80053_SI-2,nist80053_RA-5,cis_7_3,cis_7_4,cis_7_7"
EGP-D031EA21C6,"SI-2, RA-5",util-linux: util-linux: Access control bypass due to improper hostname canonicalization,"A flaw was found in util-linux. Improper hostname canonicalization in the `login(1)` utility, when invoked with the `-h` option, can modify the supplied remote hostname before setting `PAM_RHOST`. A remote attacker could exploit this by providing a specially crafted hostname, potentially bypassing host-based Pluggable Authentication Modules (PAM) access control rules that rely on fully qualified domain names. This could lead to unauthorized access.",vuln-scan,cve:CVE-2026-3184,stilliard/pure-ftpd:latest (debian 13.6),,,"Upgrade bsdutils to a release that remediates CVE-2026-3184. This is a vulnerability finding, not a config-drift playbook.",2026-09-27,,2026-09-27,No,,,Moderate,,,,,,,"default, not verified",,,CVE-2026-3184,"cpg_2_B,csf_PR_PS_02,nist80053_SI-2,nist80053_RA-5,cis_7_3,cis_7_4,cis_7_7"
EGP-7E94690A7A,"SI-2, RA-5",xmlwf in libexpat before 2.8.2 has an integer overflow for the output  ...,xmlwf in libexpat before 2.8.2 has an integer overflow for the output filename when -d outputDir is used.,vuln-scan,cve:CVE-2026-56409,httpd:2.4-alpine (alpine 3.24.1),,,"Upgrade libexpat to a release that remediates CVE-2026-56409. This is a vulnerability finding, not a config-drift playbook.",2026-09-27,,2026-09-27,No,,,Moderate,,,,,,,"default, not verified",,,CVE-2026-56409,"cpg_2_B,csf_PR_PS_02,nist80053_SI-2,nist80053_RA-5,cis_7_3,cis_7_4,cis_7_7"
EGP-E091486A3A,"SI-2, RA-5",xmlwf in libexpat before 2.8.2 has an integer overflow for the output  ...,xmlwf in libexpat before 2.8.2 has an integer overflow for the output filename when -d outputDir is used.,vuln-scan,cve:CVE-2026-56409,nginx:1.27-alpine (alpine 3.21.3),,,"Upgrade libexpat to a release that remediates CVE-2026-56409. This is a vulnerability finding, not a config-drift playbook.",2026-09-27,,2026-09-27,No,,,Moderate,,,,,,,"default, not verified",,,CVE-2026-56409,"cpg_2_B,csf_PR_PS_02,nist80053_SI-2,nist80053_RA-5,cis_7_3,cis_7_4,cis_7_7"
EGP-85442CE28E,"SI-2, RA-5",xz: XZ Utils: Denial of Service via buffer overflow in index decoding,"XZ Utils provide a general-purpose data-compression library plus command-line tools. Prior to version 5.8.3, if lzma_index_decoder() was used to decode an Index that contained no Records, the resulting lzma_index was left in a state where where a subsequent lzma_index_append() would allocate too little memory, and a buffer overflow would occur. This issue has been patched in version 5.8.3.",vuln-scan,cve:CVE-2026-34743,nginx:1.27-alpine (alpine 3.21.3),,,"Upgrade xz-libs to a release that remediates CVE-2026-34743. This is a vulnerability finding, not a config-drift playbook.",2026-09-27,,2026-09-27,No,,,Moderate,,,,,,,"default, not verified",,,CVE-2026-34743,"cpg_2_B,csf_PR_PS_02,nist80053_SI-2,nist80053_RA-5,cis_7_3,cis_7_4,cis_7_7"
EGP-E4F11D062C,"SI-2, RA-5",zlib versions 1.3.1.2 through 1.3.2 contain a heap buffer overflow vul ...,"zlib versions 1.3.1.2 through 1.3.2 contain a heap buffer overflow vulnerability in the gz_vacate() function when processing non-blocking gzwrite() operations with stale external buffer pointers. Attackers can trigger the overflow by calling gzprintf() or gzvprintf() after a write stall, causing an unchecked memmove() to write beyond the internal input buffer boundary.",vuln-scan,cve:CVE-2026-85091,mongo:7 (ubuntu 22.04),,,"Upgrade zlib1g to a release that remediates CVE-2026-85091. This is a vulnerability finding, not a config-drift playbook.",2026-09-27,,2026-09-27,No,,,Moderate,,,,,,,"default, not verified",,,CVE-2026-85091,"cpg_2_B,csf_PR_PS_02,nist80053_SI-2,nist80053_RA-5,cis_7_3,cis_7_4,cis_7_7"
EGP-B7D3D2E3E6,"SI-2, RA-5",zlib versions 1.3.1.2 through 1.3.2 contain a heap buffer overflow vul ...,"zlib versions 1.3.1.2 through 1.3.2 contain a heap buffer overflow vulnerability in the gz_vacate() function when processing non-blocking gzwrite() operations with stale external buffer pointers. Attackers can trigger the overflow by calling gzprintf() or gzvprintf() after a write stall, causing an unchecked memmove() to write beyond the internal input buffer boundary.",vuln-scan,cve:CVE-2026-85091,stilliard/pure-ftpd:latest (debian 13.6),,,"Upgrade zlib1g to a release that remediates CVE-2026-85091. This is a vulnerability finding, not a config-drift playbook.",2026-09-27,,2026-09-27,No,,,Moderate,,,,,,,"default, not verified",,,CVE-2026-85091,"cpg_2_B,csf_PR_PS_02,nist80053_SI-2,nist80053_RA-5,cis_7_3,cis_7_4,cis_7_7"
EGP-D01E6A46A0,"SI-2, RA-5",zlib: zlib: Denial of Service via infinite loop in CRC32 combine functions,zlib before 1.3.2 allows CPU consumption via crc32_combine64 and crc32_combine_gen64 because x2nmodp can do right shifts within a loop that has no termination condition.,vuln-scan,cve:CVE-2026-27171,nginx:1.27-alpine (alpine 3.21.3),,,"Upgrade zlib to a release that remediates CVE-2026-27171. This is a vulnerability finding, not a config-drift playbook.",2026-09-27,,2026-09-27,No,,,Moderate,,,,,,,"default, not verified",,,CVE-2026-27171,"cpg_2_B,csf_PR_PS_02,nist80053_SI-2,nist80053_RA-5,cis_7_3,cis_7_4,cis_7_7"
EGP-A1CF8113D4,"SI-2, RA-5",zlib: zlib: Denial of Service via infinite loop in CRC32 combine functions,zlib before 1.3.2 allows CPU consumption via crc32_combine64 and crc32_combine_gen64 because x2nmodp can do right shifts within a loop that has no termination condition.,vuln-scan,cve:CVE-2026-27171,stilliard/pure-ftpd:latest (debian 13.6),,,"Upgrade zlib1g to a release that remediates CVE-2026-27171. This is a vulnerability finding, not a config-drift playbook.",2026-09-27,,2026-09-27,No,,,Moderate,,,,,,,"default, not verified",,,CVE-2026-27171,"cpg_2_B,csf_PR_PS_02,nist80053_SI-2,nist80053_RA-5,cis_7_3,cis_7_4,cis_7_7"
EGP-665BD7444B,"SI-2, RA-5",zstd: Race condition allows attacker to access world-readable destination file,"Beginning in v1.4.1 and prior to v1.4.9, due to an incomplete fix for CVE-2021-24031, the Zstandard command-line utility created output files with default permissions and restricted those permissions immediately afterwards. Output files could therefore momentarily be readable or writable to unintended parties.",vuln-scan,cve:CVE-2021-24032,dperson/samba:latest (alpine 3.12.0),,,"Upgrade zstd-libs to a release that remediates CVE-2021-24032. This is a vulnerability finding, not a config-drift playbook.",2026-09-27,,2026-09-27,No,,,Moderate,,,,,,,"default, not verified",,,CVE-2021-24032,"cpg_2_B,csf_PR_PS_02,nist80053_SI-2,nist80053_RA-5,cis_7_3,cis_7_4,cis_7_7"
EGP-BEF60B8B8B,"SI-2, RA-5",An issue was discovered in systemd 253. An attacker can modify a seale ...,"An issue was discovered in systemd 253. An attacker can modify a sealed log file such that, in some views, not all existing and sealed log messages are displayed. NOTE: the vendor reportedly sent ""a reply denying that any of the finding was a security vulnerability.""",vuln-scan,cve:CVE-2023-31437,stilliard/pure-ftpd:latest (debian 13.6),,,"Upgrade libsystemd0 to a release that remediates CVE-2023-31437. This is a vulnerability finding, not a config-drift playbook.",2026-09-27,,2026-09-27,No,,,Low,,,,,,,"default, not verified",,,CVE-2023-31437,"cpg_2_B,csf_PR_PS_02,nist80053_SI-2,nist80053_RA-5,cis_7_3,cis_7_4,cis_7_7"
EGP-6153EF48D8,"SI-2, RA-5",An issue was discovered in systemd 253. An attacker can modify the con ...,"An issue was discovered in systemd 253. An attacker can modify the contents of past events in a sealed log file and then adjust the file such that checking the integrity shows no error, despite modifications. NOTE: the vendor reportedly sent ""a reply denying that any of the finding was a security vulnerability.""",vuln-scan,cve:CVE-2023-31439,stilliard/pure-ftpd:latest (debian 13.6),,,"Upgrade libsystemd0 to a release that remediates CVE-2023-31439. This is a vulnerability finding, not a config-drift playbook.",2026-09-27,,2026-09-27,No,,,Low,,,,,,,"default, not verified",,,CVE-2023-31439,"cpg_2_B,csf_PR_PS_02,nist80053_SI-2,nist80053_RA-5,cis_7_3,cis_7_4,cis_7_7"
EGP-7E61D442D8,"SI-2, RA-5",An issue was discovered in systemd 253. An attacker can truncate a sea ...,"An issue was discovered in systemd 253. An attacker can truncate a sealed log file and then resume log sealing such that checking the integrity shows no error, despite modifications. NOTE: the vendor reportedly sent ""a reply denying that any of the finding was a security vulnerability.""",vuln-scan,cve:CVE-2023-31438,stilliard/pure-ftpd:latest (debian 13.6),,,"Upgrade libsystemd0 to a release that remediates CVE-2023-31438. This is a vulnerability finding, not a config-drift playbook.",2026-09-27,,2026-09-27,No,,,Low,,,,,,,"default, not verified",,,CVE-2023-31438,"cpg_2_B,csf_PR_PS_02,nist80053_SI-2,nist80053_RA-5,cis_7_3,cis_7_4,cis_7_7"
EGP-E8B9C2C67B,"CM-7, SC-7",HTTP exposed,evergreen-lab-n2web0-1.evergreen-lab_labnet2 has open TCP/80 (http).,inventory-nmap,nmap:nmap-port-80/tcp,evergreen-lab-n2web0-1.evergreen-lab_labnet2 (80/TCP),,,Limit the exposed service on evergreen-lab-n2web0-1.evergreen-lab_labnet2 to required networks. Confirm the listener is still needed.,not recorded,,2026-09-27,No,,,Low,,,,,,,"default, not verified",,,,"cpg_3_I,csf_PR_IR_01,nist80053_CM-7,nist80053_SC-7"
EGP-01514860E2,"CM-7, SC-7",HTTP exposed,evergreen-lab-n2web1-1.evergreen-lab_labnet2 has open TCP/80 (http).,inventory-nmap,nmap:nmap-port-80/tcp,evergreen-lab-n2web1-1.evergreen-lab_labnet2 (80/TCP),,,Limit the exposed service on evergreen-lab-n2web1-1.evergreen-lab_labnet2 to required networks. Confirm the listener is still needed.,not recorded,,2026-09-27,No,,,Low,,,,,,,"default, not verified",,,,"cpg_3_I,csf_PR_IR_01,nist80053_CM-7,nist80053_SC-7"
EGP-22915E222B,"CM-7, SC-7",HTTP exposed,evergreen-lab-n2web2-1.evergreen-lab_labnet2 has open TCP/80 (http).,inventory-nmap,nmap:nmap-port-80/tcp,evergreen-lab-n2web2-1.evergreen-lab_labnet2 (80/TCP),,,Limit the exposed service on evergreen-lab-n2web2-1.evergreen-lab_labnet2 to required networks. Confirm the listener is still needed.,not recorded,,2026-09-27,No,,,Low,,,,,,,"default, not verified",,,,"cpg_3_I,csf_PR_IR_01,nist80053_CM-7,nist80053_SC-7"
EGP-ADF165A4A0,"CM-7, SC-7",HTTP exposed,evergreen-lab-n2web3-1.evergreen-lab_labnet2 has open TCP/80 (http).,inventory-nmap,nmap:nmap-port-80/tcp,evergreen-lab-n2web3-1.evergreen-lab_labnet2 (80/TCP),,,Limit the exposed service on evergreen-lab-n2web3-1.evergreen-lab_labnet2 to required networks. Confirm the listener is still needed.,not recorded,,2026-09-27,No,,,Low,,,,,,,"default, not verified",,,,"cpg_3_I,csf_PR_IR_01,nist80053_CM-7,nist80053_SC-7"
EGP-55A1CEC509,"CM-7, SC-7",HTTP exposed,evergreen-lab-n2web4-1.evergreen-lab_labnet2 has open TCP/80 (http).,inventory-nmap,nmap:nmap-port-80/tcp,evergreen-lab-n2web4-1.evergreen-lab_labnet2 (80/TCP),,,Limit the exposed service on evergreen-lab-n2web4-1.evergreen-lab_labnet2 to required networks. Confirm the listener is still needed.,not recorded,,2026-09-27,No,,,Low,,,,,,,"default, not verified",,,,"cpg_3_I,csf_PR_IR_01,nist80053_CM-7,nist80053_SC-7"
EGP-2D1FF75B44,"CM-7, SC-7",HTTP exposed,evergreen-lab-n2web5-1.evergreen-lab_labnet2 has open TCP/80 (http).,inventory-nmap,nmap:nmap-port-80/tcp,evergreen-lab-n2web5-1.evergreen-lab_labnet2 (80/TCP),,,Limit the exposed service on evergreen-lab-n2web5-1.evergreen-lab_labnet2 to required networks. Confirm the listener is still needed.,not recorded,,2026-09-27,No,,,Low,,,,,,,"default, not verified",,,,"cpg_3_I,csf_PR_IR_01,nist80053_CM-7,nist80053_SC-7"
EGP-FE6F9B08F0,"CM-7, SC-7",HTTP exposed,evergreen-lab-n2web6-1.evergreen-lab_labnet2 has open TCP/80 (http).,inventory-nmap,nmap:nmap-port-80/tcp,evergreen-lab-n2web6-1.evergreen-lab_labnet2 (80/TCP),,,Limit the exposed service on evergreen-lab-n2web6-1.evergreen-lab_labnet2 to required networks. Confirm the listener is still needed.,not recorded,,2026-09-27,No,,,Low,,,,,,,"default, not verified",,,,"cpg_3_I,csf_PR_IR_01,nist80053_CM-7,nist80053_SC-7"
EGP-3AFA32C57A,"CM-7, SC-7",HTTP exposed,evergreen-lab-n2web7-1.evergreen-lab_labnet2 has open TCP/80 (http).,inventory-nmap,nmap:nmap-port-80/tcp,evergreen-lab-n2web7-1.evergreen-lab_labnet2 (80/TCP),,,Limit the exposed service on evergreen-lab-n2web7-1.evergreen-lab_labnet2 to required networks. Confirm the listener is still needed.,not recorded,,2026-09-27,No,,,Low,,,,,,,"default, not verified",,,,"cpg_3_I,csf_PR_IR_01,nist80053_CM-7,nist80053_SC-7"
EGP-1C073E56B3,"CM-7, SC-7",HTTP exposed,evergreen-lab-n2whoami0-1.evergreen-lab_labnet2 has open TCP/80 (http).,inventory-nmap,nmap:nmap-port-80/tcp,evergreen-lab-n2whoami0-1.evergreen-lab_labnet2 (80/TCP),,,Limit the exposed service on evergreen-lab-n2whoami0-1.evergreen-lab_labnet2 to required networks. Confirm the listener is still needed.,not recorded,,2026-09-27,No,,,Low,,,,,,,"default, not verified",,,,"cpg_3_I,csf_PR_IR_01,nist80053_CM-7,nist80053_SC-7"
EGP-E3CC1C2130,"CM-7, SC-7",HTTP exposed,evergreen-lab-n2whoami1-1.evergreen-lab_labnet2 has open TCP/80 (http).,inventory-nmap,nmap:nmap-port-80/tcp,evergreen-lab-n2whoami1-1.evergreen-lab_labnet2 (80/TCP),,,Limit the exposed service on evergreen-lab-n2whoami1-1.evergreen-lab_labnet2 to required networks. Confirm the listener is still needed.,not recorded,,2026-09-27,No,,,Low,,,,,,,"default, not verified",,,,"cpg_3_I,csf_PR_IR_01,nist80053_CM-7,nist80053_SC-7"
EGP-85843B47DB,"CM-7, SC-7",HTTP exposed,evergreen-lab-n2whoami2-1.evergreen-lab_labnet2 has open TCP/80 (http).,inventory-nmap,nmap:nmap-port-80/tcp,evergreen-lab-n2whoami2-1.evergreen-lab_labnet2 (80/TCP),,,Limit the exposed service on evergreen-lab-n2whoami2-1.evergreen-lab_labnet2 to required networks. Confirm the listener is still needed.,not recorded,,2026-09-27,No,,,Low,,,,,,,"default, not verified",,,,"cpg_3_I,csf_PR_IR_01,nist80053_CM-7,nist80053_SC-7"
EGP-497078DE16,"CM-7, SC-7",HTTP exposed,evergreen-lab-n2whoami3-1.evergreen-lab_labnet2 has open TCP/80 (http).,inventory-nmap,nmap:nmap-port-80/tcp,evergreen-lab-n2whoami3-1.evergreen-lab_labnet2 (80/TCP),,,Limit the exposed service on evergreen-lab-n2whoami3-1.evergreen-lab_labnet2 to required networks. Confirm the listener is still needed.,not recorded,,2026-09-27,No,,,Low,,,,,,,"default, not verified",,,,"cpg_3_I,csf_PR_IR_01,nist80053_CM-7,nist80053_SC-7"
EGP-76C686E911,"CM-7, SC-7",HTTP exposed,evergreen-lab-web-httpd-1.evergreen-lab_labnet has open TCP/80 (http).,inventory-nmap,nmap:nmap-port-80/tcp,evergreen-lab-web-httpd-1.evergreen-lab_labnet (80/TCP),,,Limit the exposed service on evergreen-lab-web-httpd-1.evergreen-lab_labnet to required networks. Confirm the listener is still needed.,not recorded,,2026-09-27,No,,,Low,,,,,,,"default, not verified",,,,"cpg_3_I,csf_PR_IR_01,nist80053_CM-7,nist80053_SC-7"
EGP-C4E6411240,"CM-7, SC-7",HTTP exposed,evergreen-lab-web-nginx-1.evergreen-lab_labnet has open TCP/80 (http).,inventory-nmap,nmap:nmap-port-80/tcp,evergreen-lab-web-nginx-1.evergreen-lab_labnet (80/TCP),,,Limit the exposed service on evergreen-lab-web-nginx-1.evergreen-lab_labnet to required networks. Confirm the listener is still needed.,not recorded,,2026-09-27,No,,,Low,,,,,,,"default, not verified",,,,"cpg_3_I,csf_PR_IR_01,nist80053_CM-7,nist80053_SC-7"
EGP-3D640D0A8A,"CM-7, SC-7",HTTP exposed,evergreen-lab-web0-1.evergreen-lab_labnet has open TCP/80 (http).,inventory-nmap,nmap:nmap-port-80/tcp,evergreen-lab-web0-1.evergreen-lab_labnet (80/TCP),,,Limit the exposed service on evergreen-lab-web0-1.evergreen-lab_labnet to required networks. Confirm the listener is still needed.,not recorded,,2026-09-27,No,,,Low,,,,,,,"default, not verified",,,,"cpg_3_I,csf_PR_IR_01,nist80053_CM-7,nist80053_SC-7"
EGP-53EB8C06C1,"CM-7, SC-7",HTTP exposed,evergreen-lab-web1-1.evergreen-lab_labnet has open TCP/80 (http).,inventory-nmap,nmap:nmap-port-80/tcp,evergreen-lab-web1-1.evergreen-lab_labnet (80/TCP),,,Limit the exposed service on evergreen-lab-web1-1.evergreen-lab_labnet to required networks. Confirm the listener is still needed.,not recorded,,2026-09-27,No,,,Low,,,,,,,"default, not verified",,,,"cpg_3_I,csf_PR_IR_01,nist80053_CM-7,nist80053_SC-7"
EGP-D80DEEAEB7,"CM-7, SC-7",HTTP exposed,evergreen-lab-web2-1.evergreen-lab_labnet has open TCP/80 (http).,inventory-nmap,nmap:nmap-port-80/tcp,evergreen-lab-web2-1.evergreen-lab_labnet (80/TCP),,,Limit the exposed service on evergreen-lab-web2-1.evergreen-lab_labnet to required networks. Confirm the listener is still needed.,not recorded,,2026-09-27,No,,,Low,,,,,,,"default, not verified",,,,"cpg_3_I,csf_PR_IR_01,nist80053_CM-7,nist80053_SC-7"
EGP-6C954C6F46,"CM-7, SC-7",HTTP exposed,evergreen-lab-web3-1.evergreen-lab_labnet has open TCP/80 (http).,inventory-nmap,nmap:nmap-port-80/tcp,evergreen-lab-web3-1.evergreen-lab_labnet (80/TCP),,,Limit the exposed service on evergreen-lab-web3-1.evergreen-lab_labnet to required networks. Confirm the listener is still needed.,not recorded,,2026-09-27,No,,,Low,,,,,,,"default, not verified",,,,"cpg_3_I,csf_PR_IR_01,nist80053_CM-7,nist80053_SC-7"
EGP-25091429EC,"CM-7, SC-7",HTTP exposed,evergreen-lab-web4-1.evergreen-lab_labnet has open TCP/80 (http).,inventory-nmap,nmap:nmap-port-80/tcp,evergreen-lab-web4-1.evergreen-lab_labnet (80/TCP),,,Limit the exposed service on evergreen-lab-web4-1.evergreen-lab_labnet to required networks. Confirm the listener is still needed.,not recorded,,2026-09-27,No,,,Low,,,,,,,"default, not verified",,,,"cpg_3_I,csf_PR_IR_01,nist80053_CM-7,nist80053_SC-7"
EGP-25AFD6FD74,"CM-7, SC-7",HTTP exposed,evergreen-lab-web5-1.evergreen-lab_labnet has open TCP/80 (http).,inventory-nmap,nmap:nmap-port-80/tcp,evergreen-lab-web5-1.evergreen-lab_labnet (80/TCP),,,Limit the exposed service on evergreen-lab-web5-1.evergreen-lab_labnet to required networks. Confirm the listener is still needed.,not recorded,,2026-09-27,No,,,Low,,,,,,,"default, not verified",,,,"cpg_3_I,csf_PR_IR_01,nist80053_CM-7,nist80053_SC-7"
EGP-B2068871C6,"CM-7, SC-7",HTTP exposed,evergreen-lab-web6-1.evergreen-lab_labnet has open TCP/80 (http).,inventory-nmap,nmap:nmap-port-80/tcp,evergreen-lab-web6-1.evergreen-lab_labnet (80/TCP),,,Limit the exposed service on evergreen-lab-web6-1.evergreen-lab_labnet to required networks. Confirm the listener is still needed.,not recorded,,2026-09-27,No,,,Low,,,,,,,"default, not verified",,,,"cpg_3_I,csf_PR_IR_01,nist80053_CM-7,nist80053_SC-7"
EGP-66235DFE8B,"CM-7, SC-7",HTTP exposed,evergreen-lab-web7-1.evergreen-lab_labnet has open TCP/80 (http).,inventory-nmap,nmap:nmap-port-80/tcp,evergreen-lab-web7-1.evergreen-lab_labnet (80/TCP),,,Limit the exposed service on evergreen-lab-web7-1.evergreen-lab_labnet to required networks. Confirm the listener is still needed.,not recorded,,2026-09-27,No,,,Low,,,,,,,"default, not verified",,,,"cpg_3_I,csf_PR_IR_01,nist80053_CM-7,nist80053_SC-7"
EGP-1F2EF0D8C4,"CM-7, SC-7",HTTP exposed,evergreen-lab-whoami-1.evergreen-lab_labnet has open TCP/80 (http).,inventory-nmap,nmap:nmap-port-80/tcp,evergreen-lab-whoami-1.evergreen-lab_labnet (80/TCP),,,Limit the exposed service on evergreen-lab-whoami-1.evergreen-lab_labnet to required networks. Confirm the listener is still needed.,not recorded,,2026-09-27,No,,,Low,,,,,,,"default, not verified",,,,"cpg_3_I,csf_PR_IR_01,nist80053_CM-7,nist80053_SC-7"
EGP-DEEE504196,"CM-7, SC-7",HTTP exposed,evergreen-lab-whoami0-1.evergreen-lab_labnet has open TCP/80 (http).,inventory-nmap,nmap:nmap-port-80/tcp,evergreen-lab-whoami0-1.evergreen-lab_labnet (80/TCP),,,Limit the exposed service on evergreen-lab-whoami0-1.evergreen-lab_labnet to required networks. Confirm the listener is still needed.,not recorded,,2026-09-27,No,,,Low,,,,,,,"default, not verified",,,,"cpg_3_I,csf_PR_IR_01,nist80053_CM-7,nist80053_SC-7"
EGP-BF9D048A7C,"CM-7, SC-7",HTTP exposed,evergreen-lab-whoami1-1.evergreen-lab_labnet has open TCP/80 (http).,inventory-nmap,nmap:nmap-port-80/tcp,evergreen-lab-whoami1-1.evergreen-lab_labnet (80/TCP),,,Limit the exposed service on evergreen-lab-whoami1-1.evergreen-lab_labnet to required networks. Confirm the listener is still needed.,not recorded,,2026-09-27,No,,,Low,,,,,,,"default, not verified",,,,"cpg_3_I,csf_PR_IR_01,nist80053_CM-7,nist80053_SC-7"
EGP-F884766DD3,"CM-7, SC-7",HTTP exposed,evergreen-lab-whoami2-1.evergreen-lab_labnet has open TCP/80 (http).,inventory-nmap,nmap:nmap-port-80/tcp,evergreen-lab-whoami2-1.evergreen-lab_labnet (80/TCP),,,Limit the exposed service on evergreen-lab-whoami2-1.evergreen-lab_labnet to required networks. Confirm the listener is still needed.,not recorded,,2026-09-27,No,,,Low,,,,,,,"default, not verified",,,,"cpg_3_I,csf_PR_IR_01,nist80053_CM-7,nist80053_SC-7"
EGP-4876132A77,"CM-7, SC-7",HTTP exposed,evergreen-lab-whoami3-1.evergreen-lab_labnet has open TCP/80 (http).,inventory-nmap,nmap:nmap-port-80/tcp,evergreen-lab-whoami3-1.evergreen-lab_labnet (80/TCP),,,Limit the exposed service on evergreen-lab-whoami3-1.evergreen-lab_labnet to required networks. Confirm the listener is still needed.,not recorded,,2026-09-27,No,,,Low,,,,,,,"default, not verified",,,,"cpg_3_I,csf_PR_IR_01,nist80053_CM-7,nist80053_SC-7"
EGP-2C0823B7F6,"CM-7, SC-7",HTTP exposed,evergreen-lab-whoami4-1.evergreen-lab_labnet has open TCP/80 (http).,inventory-nmap,nmap:nmap-port-80/tcp,evergreen-lab-whoami4-1.evergreen-lab_labnet (80/TCP),,,Limit the exposed service on evergreen-lab-whoami4-1.evergreen-lab_labnet to required networks. Confirm the listener is still needed.,not recorded,,2026-09-27,No,,,Low,,,,,,,"default, not verified",,,,"cpg_3_I,csf_PR_IR_01,nist80053_CM-7,nist80053_SC-7"
EGP-894BBF1EEE,"SI-2, RA-5","In tar in BusyBox through 1.37.0, a TAR archive can have filenames hid ...","In tar in BusyBox through 1.37.0, a TAR archive can have filenames hidden from a listing through the use of terminal escape sequences.",vuln-scan,cve:CVE-2025-46394,nginx:1.27-alpine (alpine 3.21.3),,,"Upgrade busybox to a release that remediates CVE-2025-46394. This is a vulnerability finding, not a config-drift playbook.",2026-09-27,,2026-09-27,No,,,Low,,,,,,,"default, not verified",,,CVE-2025-46394,"cpg_2_B,csf_PR_PS_02,nist80053_SI-2,nist80053_RA-5,cis_7_3,cis_7_4,cis_7_7"
EGP-C3E221D8F4,"SI-2, RA-5","It was found that apt-key in apt, all versions, do not correctly valid ...","It was found that apt-key in apt, all versions, do not correctly validate gpg keys with the master keyring, leading to a potential man-in-the-middle attack.",vuln-scan,cve:CVE-2011-3374,stilliard/pure-ftpd:latest (debian 13.6),,,"Upgrade apt to a release that remediates CVE-2011-3374. This is a vulnerability finding, not a config-drift playbook.",2026-09-27,,2026-09-27,No,,,Low,,,,,,,"default, not verified",,,CVE-2011-3374,"cpg_2_B,csf_PR_PS_02,nist80053_SI-2,nist80053_RA-5,cis_7_3,cis_7_4,cis_7_7"
EGP-56177206FF,"CM-7, SC-7",Open port 1025/smtp,evergreen-lab-mailhog-1.evergreen-lab_labnet has open TCP/1025 (smtp).,inventory-nmap,nmap:nmap-port-1025/tcp,evergreen-lab-mailhog-1.evergreen-lab_labnet (1025/TCP),,,Limit the exposed service on evergreen-lab-mailhog-1.evergreen-lab_labnet to required networks. Confirm the listener is still needed.,not recorded,,2026-09-27,No,,,Low,,,,,,,"default, not verified",,,,"cpg_3_I,csf_PR_IR_01,nist80053_CM-7,nist80053_SC-7"
EGP-D52D4488B0,"CM-7, SC-7",Open port 2222/ssh,evergreen-lab-ssh-1.evergreen-lab_labnet has open TCP/2222 (ssh).,inventory-nmap,nmap:nmap-port-2222/tcp,evergreen-lab-ssh-1.evergreen-lab_labnet (2222/TCP),,,Limit the exposed service on evergreen-lab-ssh-1.evergreen-lab_labnet to required networks. Confirm the listener is still needed.,not recorded,,2026-09-27,No,,,Low,,,,,,,"default, not verified",,,,"cpg_3_I,csf_PR_IR_01,nist80053_CM-7,nist80053_SC-7"
EGP-6162F0C717,"CM-7, SC-7",Open port 2222/ssh,evergreen-lab-ssh2-1.evergreen-lab_labnet2 has open TCP/2222 (ssh).,inventory-nmap,nmap:nmap-port-2222/tcp,evergreen-lab-ssh2-1.evergreen-lab_labnet2 (2222/TCP),,,Limit the exposed service on evergreen-lab-ssh2-1.evergreen-lab_labnet2 to required networks. Confirm the listener is still needed.,not recorded,,2026-09-27,No,,,Low,,,,,,,"default, not verified",,,,"cpg_3_I,csf_PR_IR_01,nist80053_CM-7,nist80053_SC-7"
EGP-3CA16A9255,"CM-7, SC-7",Open port 27017/mongodb,evergreen-lab-mongo-1.evergreen-lab_labnet has open TCP/27017 (mongodb).,inventory-nmap,nmap:nmap-port-27017/tcp,evergreen-lab-mongo-1.evergreen-lab_labnet (27017/TCP),,,Limit the exposed service on evergreen-lab-mongo-1.evergreen-lab_labnet to required networks. Confirm the listener is still needed.,not recorded,,2026-09-27,No,,,Low,,,,,,,"default, not verified",,,,"cpg_3_I,csf_PR_IR_01,nist80053_CM-7,nist80053_SC-7"
EGP-71DD5FA233,"CM-7, SC-7",Open port 27017/mongodb,evergreen-lab-mongo2-1.evergreen-lab_labnet2 has open TCP/27017 (mongodb).,inventory-nmap,nmap:nmap-port-27017/tcp,evergreen-lab-mongo2-1.evergreen-lab_labnet2 (27017/TCP),,,Limit the exposed service on evergreen-lab-mongo2-1.evergreen-lab_labnet2 to required networks. Confirm the listener is still needed.,not recorded,,2026-09-27,No,,,Low,,,,,,,"default, not verified",,,,"cpg_3_I,csf_PR_IR_01,nist80053_CM-7,nist80053_SC-7"
EGP-0424B5B66B,"CM-7, SC-7",Open port 3306/mysql,evergreen-lab-mysql-1.evergreen-lab_labnet has open TCP/3306 (mysql).,inventory-nmap,nmap:nmap-port-3306/tcp,evergreen-lab-mysql-1.evergreen-lab_labnet (3306/TCP),,,Limit the exposed service on evergreen-lab-mysql-1.evergreen-lab_labnet to required networks. Confirm the listener is still needed.,not recorded,,2026-09-27,No,,,Low,,,,,,,"default, not verified",,,,"cpg_3_I,csf_PR_IR_01,nist80053_CM-7,nist80053_SC-7"
EGP-919C87428E,"CM-7, SC-7",Open port 3306/mysql,evergreen-lab-mysql2-1.evergreen-lab_labnet2 has open TCP/3306 (mysql).,inventory-nmap,nmap:nmap-port-3306/tcp,evergreen-lab-mysql2-1.evergreen-lab_labnet2 (3306/TCP),,,Limit the exposed service on evergreen-lab-mysql2-1.evergreen-lab_labnet2 to required networks. Confirm the listener is still needed.,not recorded,,2026-09-27,No,,,Low,,,,,,,"default, not verified",,,,"cpg_3_I,csf_PR_IR_01,nist80053_CM-7,nist80053_SC-7"
EGP-B5DA6118EA,"CM-7, SC-7",Open port 5432/postgresql,evergreen-lab-postgres-1.evergreen-lab_labnet has open TCP/5432 (postgresql).,inventory-nmap,nmap:nmap-port-5432/tcp,evergreen-lab-postgres-1.evergreen-lab_labnet (5432/TCP),,,Limit the exposed service on evergreen-lab-postgres-1.evergreen-lab_labnet to required networks. Confirm the listener is still needed.,not recorded,,2026-09-27,No,,,Low,,,,,,,"default, not verified",,,,"cpg_3_I,csf_PR_IR_01,nist80053_CM-7,nist80053_SC-7"
EGP-61BF023915,"CM-7, SC-7",Open port 5432/postgresql,evergreen-lab-postgres2-1.evergreen-lab_labnet2 has open TCP/5432 (postgresql).,inventory-nmap,nmap:nmap-port-5432/tcp,evergreen-lab-postgres2-1.evergreen-lab_labnet2 (5432/TCP),,,Limit the exposed service on evergreen-lab-postgres2-1.evergreen-lab_labnet2 to required networks. Confirm the listener is still needed.,not recorded,,2026-09-27,No,,,Low,,,,,,,"default, not verified",,,,"cpg_3_I,csf_PR_IR_01,nist80053_CM-7,nist80053_SC-7"
EGP-39010E70FD,"CM-7, SC-7",Open port 8025/http,evergreen-lab-mailhog-1.evergreen-lab_labnet has open TCP/8025 (http).,inventory-nmap,nmap:nmap-port-8025/tcp,evergreen-lab-mailhog-1.evergreen-lab_labnet (8025/TCP),,,Limit the exposed service on evergreen-lab-mailhog-1.evergreen-lab_labnet to required networks. Confirm the listener is still needed.,not recorded,,2026-09-27,No,,,Low,,,,,,,"default, not verified",,,,"cpg_3_I,csf_PR_IR_01,nist80053_CM-7,nist80053_SC-7"
EGP-5096D13CF0,"SC-8, SC-8(1), SC-13",TLS 1.3 is not offered,not offered,vuln-scan,testssl:TLS1_3,172.28.10.10,,,"Require TLS 1.2 or newer, disable weak ciphers, and use a valid certificate. This is a posture finding, not a specific TLS CVE.",not recorded,,2026-09-27,No,,,Low,,,,,,,"default, not verified",,,,"cpg_3_K,csf_PR_DS_02,nist80053_SC-8,nist80053_SC-8(1),nist80053_SC-13"
EGP-9A1577AA1C,AC-6,[Privilege escalation possible to other user than root],bash,vuln-scan,trivy:TEMP-0841856-B18BAF,stilliard/pure-ftpd:latest (debian 13.6),,,"Set allowPrivilegeEscalation=false. This is a dropped Kubescape finding, not a live kubectl call.",2026-09-27,,2026-09-27,No,,,Low,,,,,,,"default, not verified",,,,"cpg_3_H,csf_PR_AA_05,nist80053_AC-6"
EGP-1363040F71,"SI-2, RA-5",[more related to CVE-2005-4890],login.defs,vuln-scan,trivy:TEMP-0628843-DBAD28,stilliard/pure-ftpd:latest (debian 13.6),,,"Upgrade login.defs to a release that remediates CVE-2005-4890. This is a vulnerability finding, not a config-drift playbook.",2026-09-27,,2026-09-27,No,,,Low,,,,,,,"default, not verified",,,,"cpg_2_B,csf_PR_PS_02,nist80053_SI-2,nist80053_RA-5,cis_7_3,cis_7_4,cis_7_7"
EGP-6CB1D59278,"SI-2, RA-5",[sysvinit: no-root option in expert installer exposes locally exploitable security flaw],sysvinit-utils,vuln-scan,trivy:TEMP-0517018-A83CE6,stilliard/pure-ftpd:latest (debian 13.6),,,"Identify the affected package or service and upgrade or isolate it so the reported vulnerability is not present. This is a vulnerability finding, not a config-drift playbook.",2026-09-27,,2026-09-27,No,,,Low,,,,,,,"default, not verified",,,,"cpg_2_B,csf_PR_PS_02,nist80053_SI-2,nist80053_RA-5,cis_7_3,cis_7_4,cis_7_7"
EGP-0B2CB3DED7,"SI-2, RA-5",[tar's rmt command may have undesired side effects],tar,vuln-scan,trivy:TEMP-0290435-0B57B5,stilliard/pure-ftpd:latest (debian 13.6),,,"Identify the affected package or service and upgrade or isolate it so the reported vulnerability is not present. This is a vulnerability finding, not a config-drift playbook.",2026-09-27,,2026-09-27,No,,,Low,,,,,,,"default, not verified",,,,"cpg_2_B,csf_PR_PS_02,nist80053_SI-2,nist80053_RA-5,cis_7_3,cis_7_4,cis_7_7"
EGP-BA0A266266,"SI-2, RA-5",apr-util: Apache Portable Runtime Utility: Information disclosure via timing attack in password validation,"APR-util versions 1.6.3 (and earlier) function apr_password_validate() was not constant-time with regards to hashes or passwords comparisons, potentially leaking their content via a side channel timing attack particularly on platforms without crypt() such as  Windows, BeOS, NetWare, or Android.

Users are recommended to upgrade to version 1.6.4, which fixes this issue.",vuln-scan,cve:CVE-2025-49506,httpd:2.4-alpine (alpine 3.24.1),,,"Upgrade apr-util to a release that remediates CVE-2025-49506. This is a vulnerability finding, not a config-drift playbook.",2026-09-27,,2026-09-27,No,,,Low,,,,,,,"default, not verified",,,CVE-2025-49506,"cpg_2_B,csf_PR_PS_02,nist80053_SI-2,nist80053_RA-5,cis_7_3,cis_7_4,cis_7_7"
EGP-8CC455EC2D,"SI-2, RA-5",binutils: libiberty/rust-demangle.c in GNU GCC 11.2 allows stack exhaustion in demangle_const,"libiberty/rust-demangle.c in GNU GCC 11.2 allows stack consumption in demangle_const, as demonstrated by nm-new.",vuln-scan,cve:CVE-2022-27943,mongo:7 (ubuntu 22.04),,,"Upgrade gcc-12-base to a release that remediates CVE-2022-27943. This is a vulnerability finding, not a config-drift playbook.",2026-09-27,,2026-09-27,No,,,Low,,,,,,,"default, not verified",,,CVE-2022-27943,"cpg_2_B,csf_PR_PS_02,nist80053_SI-2,nist80053_RA-5,cis_7_3,cis_7_4,cis_7_7"
EGP-F6722FA401,"SI-2, RA-5",coreutils: GNU coreutils unexpand: Denial of Service via crafted tab stop values,"GNU coreutils unexpand is vulnerable to a heap-based buffer overflow due to an integer overflow during buffer allocation when processing large tab stop (-t) values. The multiplication used to calculate the allocation size can wrap around, resulting in an undersized buffer.
When processing crafted input, subsequent writes exceed the allocated memory, leading to an out‑of‑bounds heap write.

When running GNU coreutils unexpand with attacker-provided large tab stop (-t) arguments, this behavior leads to a crash and potentially achieve a heap write primitive depending on memory layout.










This issue has been fixed in the commit b60a159fdc5bfcf9988d3a4cb6f53abe8ad5d35d",vuln-scan,cve:CVE-2026-56392,stilliard/pure-ftpd:latest (debian 13.6),,,"Upgrade coreutils to a release that remediates CVE-2026-56392. This is a vulnerability finding, not a config-drift playbook.",2026-09-27,,2026-09-27,No,,,Low,,,,,,,"default, not verified",,,CVE-2026-56392,"cpg_2_B,csf_PR_PS_02,nist80053_SI-2,nist80053_RA-5,cis_7_3,cis_7_4,cis_7_7"
EGP-A4ED7AC46F,"SI-2, RA-5",coreutils: GNU coreutils uniq: Denial of Service and information disclosure via out-of-bounds read with multibyte input,"GNU coreutils uniq is vulnerable to an out‑of‑bounds read due to incorrect handling of multibyte input when the -w (--check-chars) option is used. The find_field() function miscalculates the byte length of characters by repeatedly processing a fixed pointer instead of advancing through the input, resulting in an inflated length value. 
This incorrect length is later used in a memcmp operation, causing reads beyond the allocated buffer when processing crafted multibyte input.

When running GNU coreutils uniq with attacker-provided arguments, this behavior leads to a crash and potential adjacent heap memory exposure.


This issue has been fixed in the commit d64e35a8a4c0e4608321433e0d84d917e4e36371.",vuln-scan,cve:CVE-2026-56391,stilliard/pure-ftpd:latest (debian 13.6),,,"Upgrade coreutils to a release that remediates CVE-2026-56391. This is a vulnerability finding, not a config-drift playbook.",2026-09-27,,2026-09-27,No,,,Low,,,,,,,"default, not verified",,,CVE-2026-56391,"cpg_2_B,csf_PR_PS_02,nist80053_SI-2,nist80053_RA-5,cis_7_3,cis_7_4,cis_7_7"
EGP-8D44CCAB25,"SI-2, RA-5",coreutils: Heap Buffer Under-Read in GNU Coreutils sort via Key Specification,A flaw was found in GNU Coreutils. The sort utility's begfield() function is vulnerable to a heap buffer under-read. The program may access memory outside the allocated buffer if a user runs a crafted command using the traditional key format. A malicious input could lead to a crash or leak sensitive data.,vuln-scan,cve:CVE-2025-5278,stilliard/pure-ftpd:latest (debian 13.6),,,"Upgrade coreutils to a release that remediates CVE-2025-5278. This is a vulnerability finding, not a config-drift playbook.",2026-09-27,,2026-09-27,No,,,Low,,,,,,,"default, not verified",,,CVE-2025-5278,"cpg_2_B,csf_PR_PS_02,nist80053_SI-2,nist80053_RA-5,cis_7_3,cis_7_4,cis_7_7"
EGP-C143B0C1AE,"SI-2, RA-5",coreutils: race condition vulnerability in chown and chgrp,"In GNU Coreutils through 8.29, chown-core.c in chown and chgrp does not prevent replacement of a plain file with a symlink during use of the POSIX ""-R -L"" options, which allows local users to modify the ownership of arbitrary files by leveraging a race condition.",vuln-scan,cve:CVE-2017-18018,stilliard/pure-ftpd:latest (debian 13.6),,,"Upgrade coreutils to a release that remediates CVE-2017-18018. This is a vulnerability finding, not a config-drift playbook.",2026-09-27,,2026-09-27,No,,,Low,,,,,,,"default, not verified",,,CVE-2017-18018,"cpg_2_B,csf_PR_PS_02,nist80053_SI-2,nist80053_RA-5,cis_7_3,cis_7_4,cis_7_7"
EGP-2BD2A9BB54,"SI-2, RA-5",curl: curl: Authentication bypass in OpenLDAP SASL negotiation via Man-in-the-Middle (MITM) attack,"A flaw in the libcurl SASL negotiation for LDAP authentication allows an
incomplete handshake sequence to be misinterpreted as a successful
cryptographic verification. An attacker executing a Man-in-the-Middle (MITM)
attack can inject a premature or shortcut response that bypasses complete peer
validation.",vuln-scan,cve:CVE-2026-13608,httpd:2.4-alpine (alpine 3.24.1),,,"Upgrade libcurl to a release that remediates CVE-2026-13608. This is a vulnerability finding, not a config-drift playbook.",2026-09-27,,2026-09-27,No,,,Low,,,,,,,"default, not verified",,,CVE-2026-13608,"cpg_2_B,csf_PR_PS_02,nist80053_SI-2,nist80053_RA-5,cis_7_3,cis_7_4,cis_7_7"
EGP-BFAB73D578,"SI-2, RA-5",curl: curl: Incorrect HTTPS connection reuse with Native CA Store,"A flaw in libcurl makes it wrongly reuse an existing HTTPS connection setup
for a given hostname even when using a different Native CA Store setting
(`CURLSSLOPT_NATIVE_CA`) than when the connection was created.",vuln-scan,cve:CVE-2026-80231,httpd:2.4-alpine (alpine 3.24.1),,,"Upgrade libcurl to a release that remediates CVE-2026-80231. This is a vulnerability finding, not a config-drift playbook.",2026-09-27,,2026-09-27,No,,,Low,,,,,,,"default, not verified",,,CVE-2026-80231,"cpg_2_B,csf_PR_PS_02,nist80053_SI-2,nist80053_RA-5,cis_7_3,cis_7_4,cis_7_7"
EGP-D831F84D34,"SI-2, RA-5",curl: curl: Information disclosure due to secure cookie attribute bypass,"A `Set-Cookie:` header using tab (horizontal tab, ASCII code 9) instead of
space (ascii code 32) immediately before the `Secure` attribute causes curl to
store the cookie without its Secure flag. The cookie might then wrongfully be
sent over plaintext HTTP on subsequent requests to the same host.",vuln-scan,cve:CVE-2026-80255,httpd:2.4-alpine (alpine 3.24.1),,,"Upgrade libcurl to a release that remediates CVE-2026-80255. This is a vulnerability finding, not a config-drift playbook.",2026-09-27,,2026-09-27,No,,,Low,,,,,,,"default, not verified",,,CVE-2026-80255,"cpg_2_B,csf_PR_PS_02,nist80053_SI-2,nist80053_RA-5,cis_7_3,cis_7_4,cis_7_7"
EGP-AD16E06F75,"SI-2, RA-5",curl: curl: Public key pinning bypass allows unauthenticated connections,"When `CURLOPT_PINNEDPUBLICKEY` is configured alongside options that disable
standard peer verification (`CURLOPT_SSL_VERIFYPEER = 0` and
`CURLOPT_SSL_VERIFYHOST = 0`), libcurl fails to enforce public key pinning on
connections established without a presented server certificate. Bypassing the
pinning check under these disabled-verification conditions allows
unauthenticated connections to succeed when they should be rejected.",vuln-scan,cve:CVE-2026-80230,httpd:2.4-alpine (alpine 3.24.1),,,"Upgrade libcurl to a release that remediates CVE-2026-80230. This is a vulnerability finding, not a config-drift playbook.",2026-09-27,,2026-09-27,No,,,Low,,,,,,,"default, not verified",,,CVE-2026-80230,"cpg_2_B,csf_PR_PS_02,nist80053_SI-2,nist80053_RA-5,cis_7_3,cis_7_4,cis_7_7"
EGP-B67B906944,"SI-2, RA-5",curl: libcurl: Information disclosure via improper Public Suffix List boundary check,"When libpsl support is enabled, libcurl fails to enforce the Public Suffix
List boundary check when processing a `Set-Cookie` header where the `Domain`
attribute explicitly matches an origin host that is itself a public suffix
(e.g., `Domain=co.uk` set by `co.uk`).

Instead of coercing it into a strict host-only cookie, libcurl saves the
cookie with wildcard domain scope (`.co.uk`). Consequently, the cookie is
inappropriately included in subsequent outbound requests or HTTP redirects to
arbitrary sibling subdomains under the same public suffix (e.g.,
`attacker.co.uk`).",vuln-scan,cve:CVE-2026-82209,httpd:2.4-alpine (alpine 3.24.1),,,"Upgrade libcurl to a release that remediates CVE-2026-82209. This is a vulnerability finding, not a config-drift playbook.",2026-09-27,,2026-09-27,No,,,Low,,,,,,,"default, not verified",,,CVE-2026-82209,"cpg_2_B,csf_PR_PS_02,nist80053_SI-2,nist80053_RA-5,cis_7_3,cis_7_4,cis_7_7"
EGP-F8FFA0A49A,"SI-2, RA-5",curl: libcurl: Use-after-free in HTTP/2 Server Push with shared connections,"A flaw in libcurl's handling of HTTP/2 Server Push streams, when the parent
handle is set to share connections with other handles, can lead to
use-after-free in the cleanup process.",vuln-scan,cve:CVE-2026-18924,httpd:2.4-alpine (alpine 3.24.1),,,"Upgrade libcurl to a release that remediates CVE-2026-18924. This is a vulnerability finding, not a config-drift playbook.",2026-09-27,,2026-09-27,No,,,Low,,,,,,,"default, not verified",,,CVE-2026-18924,"cpg_2_B,csf_PR_PS_02,nist80053_SI-2,nist80053_RA-5,cis_7_3,cis_7_4,cis_7_7"
EGP-ADAAF2953A,"SI-2, RA-5",curl: predictable WebSocket mask,"curl's WebSocket code did not update the 32-bit mask pattern for each new
outgoing frame as the specification says. Instead it used a fixed mask that
persisted and was used throughout the entire connection.

A predictable mask pattern allows for a malicious server to induce traffic
between the two communicating parties that could be interpreted by an involved
proxy (configured or transparent) as genuine, real, HTTP traffic with content
and thereby poison its cache. That cached poisoned content could then be
served to all users of that proxy.",vuln-scan,cve:CVE-2025-10148,nginx:1.27-alpine (alpine 3.21.3),,,"Upgrade curl to a release that remediates CVE-2025-10148. This is a vulnerability finding, not a config-drift playbook.",2026-09-27,,2026-09-27,No,,,Low,,,,,,,"default, not verified",,,CVE-2025-10148,"cpg_2_B,csf_PR_PS_02,nist80053_SI-2,nist80053_RA-5,cis_7_3,cis_7_4,cis_7_7"
EGP-FA59807108,"SI-2, RA-5",diffutils: heap‑based buffer overflow due to multiple signed integer overflows in line‑mapping calculations,"diff3 tool from GNU diffutils is vulnerable to a heap‑based buffer overflow due to multiple signed integer overflows in line‑mapping calculations. Incorrect arithmetic in mapping line ranges can result in corrupted values being used for memory allocation and loop bounds.
When processing crafted diff output, these overflows may cause the application to allocate insufficient memory and subsequently perform out‑of‑bounds writes during internal processing. 
An attacker who can control the output of the diff program used by diff3 (e.g. via --diff-program pointing to a malicious script) can trigger out-of-bounds writes, resulting in a crash and potentially remote code execution depending on the environment.


This issue has been fixed in commit 9ff04d5b84743e331e80b589335a52c5480d1815 

NOTE:
The project maintainers claim that this is not a security issue. They state that the worst outcome this issue can cause is a crash of diff and that it cannot be used to escalate privileges.",vuln-scan,cve:CVE-2026-53910,stilliard/pure-ftpd:latest (debian 13.6),,,"Upgrade diffutils to a release that remediates CVE-2026-53910. This is a vulnerability finding, not a config-drift playbook.",2026-09-27,,2026-09-27,No,,,Low,,,,,,,"default, not verified",,,CVE-2026-53910,"cpg_2_B,csf_PR_PS_02,nist80053_SI-2,nist80053_RA-5,cis_7_3,cis_7_4,cis_7_7"
EGP-0D3EE1FCC4,"SI-2, RA-5",glibc: ASLR bypass using cache of thread stack and heap,"GNU Libc current is affected by: Mitigation bypass. The impact is: Attacker may bypass ASLR using cache of thread stack and heap. The component is: glibc. NOTE: Upstream comments indicate ""this is being treated as a non-security bug and no real threat.",vuln-scan,cve:CVE-2019-1010024,stilliard/pure-ftpd:latest (debian 13.6),,,"Upgrade libc-bin to a release that remediates CVE-2019-1010024. This is a vulnerability finding, not a config-drift playbook.",2026-09-27,,2026-09-27,No,,,Low,,,,,,,"default, not verified",,,CVE-2019-1010024,"cpg_2_B,csf_PR_PS_02,nist80053_SI-2,nist80053_RA-5,cis_7_3,cis_7_4,cis_7_7"
EGP-81C73759BD,"SI-2, RA-5",glibc: glob implementation can cause excessive CPU and memory consumption due to crafted glob expressions,"The glob implementation in the GNU C Library (aka glibc or libc6) allows remote authenticated users to cause a denial of service (CPU and memory consumption) via crafted glob expressions that do not match any pathnames, as demonstrated by glob expressions in STAT commands to an FTP daemon, a different vulnerability than CVE-2010-2632.",vuln-scan,cve:CVE-2010-4756,stilliard/pure-ftpd:latest (debian 13.6),,,"Upgrade libc-bin to a release that remediates CVE-2010-4756. This is a vulnerability finding, not a config-drift playbook.",2026-09-27,,2026-09-27,No,,,Low,,,,,,,"default, not verified",,,CVE-2010-4756,"cpg_2_B,csf_PR_PS_02,nist80053_SI-2,nist80053_RA-5,cis_7_3,cis_7_4,cis_7_7"
EGP-CC62235C64,"SI-2, RA-5",glibc: information disclosure of heap addresses of pthread_created thread,"GNU Libc current is affected by: Mitigation bypass. The impact is: Attacker may guess the heap addresses of pthread_created thread. The component is: glibc. NOTE: the vendor's position is ""ASLR bypass itself is not a vulnerability.",vuln-scan,cve:CVE-2019-1010025,stilliard/pure-ftpd:latest (debian 13.6),,,"Upgrade libc-bin to a release that remediates CVE-2019-1010025. This is a vulnerability finding, not a config-drift playbook.",2026-09-27,,2026-09-27,No,,,Low,,,,,,,"default, not verified",,,CVE-2019-1010025,"cpg_2_B,csf_PR_PS_02,nist80053_SI-2,nist80053_RA-5,cis_7_3,cis_7_4,cis_7_7"
EGP-582D362148,"SI-2, RA-5",glibc: running ldd on malicious ELF leads to code execution because of wrong size computation,"GNU Libc current is affected by: Re-mapping current loaded library with malicious ELF file. The impact is: In worst case attacker may evaluate privileges. The component is: libld. The attack vector is: Attacker sends 2 ELF files to victim and asks to run ldd on it. ldd execute code. NOTE: Upstream comments indicate ""this is being treated as a non-security bug and no real threat.",vuln-scan,cve:CVE-2019-1010023,stilliard/pure-ftpd:latest (debian 13.6),,,"Upgrade libc-bin to a release that remediates CVE-2019-1010023. This is a vulnerability finding, not a config-drift playbook.",2026-09-27,,2026-09-27,No,,,Low,,,,,,,"default, not verified",,,CVE-2019-1010023,"cpg_2_B,csf_PR_PS_02,nist80053_SI-2,nist80053_RA-5,cis_7_3,cis_7_4,cis_7_7"
EGP-A67A52C8BB,"SI-2, RA-5",glibc: stack guard protection bypass,"GNU Libc current is affected by: Mitigation bypass. The impact is: Attacker may bypass stack guard protection. The component is: nptl. The attack vector is: Exploit stack buffer overflow vulnerability and use this bypass vulnerability to bypass stack guard. NOTE: Upstream comments indicate ""this is being treated as a non-security bug and no real threat.",vuln-scan,cve:CVE-2019-1010022,stilliard/pure-ftpd:latest (debian 13.6),,,"Upgrade libc-bin to a release that remediates CVE-2019-1010022. This is a vulnerability finding, not a config-drift playbook.",2026-09-27,,2026-09-27,No,,,Low,,,,,,,"default, not verified",,,CVE-2019-1010022,"cpg_2_B,csf_PR_PS_02,nist80053_SI-2,nist80053_RA-5,cis_7_3,cis_7_4,cis_7_7"
EGP-46D5667EE0,"SI-2, RA-5",glibc: uncontrolled recursion in function check_dst_limits_calc_pos_1 in posix/regexec.c,"In the GNU C Library (aka glibc or libc6) through 2.29, check_dst_limits_calc_pos_1 in posix/regexec.c has Uncontrolled Recursion, as demonstrated by '(\227|)(\\1\\1|t1|\\\2537)+' in grep.",vuln-scan,cve:CVE-2018-20796,stilliard/pure-ftpd:latest (debian 13.6),,,"Upgrade libc-bin to a release that remediates CVE-2018-20796. This is a vulnerability finding, not a config-drift playbook.",2026-09-27,,2026-09-27,No,,,Low,,,,,,,"default, not verified",,,CVE-2018-20796,"cpg_2_B,csf_PR_PS_02,nist80053_SI-2,nist80053_RA-5,cis_7_3,cis_7_4,cis_7_7"
EGP-C6EBC8E367,"SI-2, RA-5",glibc: uncontrolled recursion in function check_dst_limits_calc_pos_1 in posix/regexec.c,"In the GNU C Library (aka glibc or libc6) through 2.29, check_dst_limits_calc_pos_1 in posix/regexec.c has Uncontrolled Recursion, as demonstrated by '(|)(\\1\\1)*' in grep, a different issue than CVE-2018-20796. NOTE: the software maintainer disputes that this is a vulnerability because the behavior occurs only with a crafted pattern",vuln-scan,cve:CVE-2019-9192,stilliard/pure-ftpd:latest (debian 13.6),,,"Upgrade libc-bin to a release that remediates CVE-2019-9192. This is a vulnerability finding, not a config-drift playbook.",2026-09-27,,2026-09-27,No,,,Low,,,,,,,"default, not verified",,,CVE-2019-9192,"cpg_2_B,csf_PR_PS_02,nist80053_SI-2,nist80053_RA-5,cis_7_3,cis_7_4,cis_7_7"
EGP-8780E083A6,"SI-2, RA-5",gnu-ncurses: ncurses Stack Buffer Overflow,A vulnerability has been found in GNU ncurses up to 6.5-20250322 and classified as problematic. This vulnerability affects the function postprocess_termcap of the file tinfo/parse_entry.c. The manipulation leads to stack-based buffer overflow. The attack needs to be approached locally. Upgrading to version 6.5-20250329 is able to address this issue. It is recommended to upgrade the affected component.,vuln-scan,cve:CVE-2025-6141,stilliard/pure-ftpd:latest (debian 13.6),,,"Upgrade libtinfo6 to a release that remediates CVE-2025-6141. This is a vulnerability finding, not a config-drift playbook.",2026-09-27,,2026-09-27,No,,,Low,,,,,,,"default, not verified",,,CVE-2025-6141,"cpg_2_B,csf_PR_PS_02,nist80053_SI-2,nist80053_RA-5,cis_7_3,cis_7_4,cis_7_7"
EGP-1FE858980F,"SI-2, RA-5",golang.org/net/http: Lack of limit when parsing cookies can cause memory exhaustion in net/http,"Despite HTTP headers having a default limit of 1MB, the number of cookies that can be parsed does not have a limit. By sending a lot of very small cookies such as ""a=;"", an attacker can make an HTTP server allocate a large amount of structs, causing large memory consumption.",vuln-scan,cve:CVE-2025-58186,usr/local/bin/gosu,,,"Upgrade stdlib to a release that remediates CVE-2025-58186. This is a vulnerability finding, not a config-drift playbook.",2026-09-27,,2026-09-27,No,,,Low,,,,,,,"default, not verified",,,CVE-2025-58186,"cpg_2_B,csf_PR_PS_02,nist80053_SI-2,nist80053_RA-5,cis_7_3,cis_7_4,cis_7_7"
EGP-71AD1572A1,"SI-2, RA-5",golang.org/net/http: Lack of limit when parsing cookies can cause memory exhaustion in net/http,"Despite HTTP headers having a default limit of 1MB, the number of cookies that can be parsed does not have a limit. By sending a lot of very small cookies such as ""a=;"", an attacker can make an HTTP server allocate a large amount of structs, causing large memory consumption.",vuln-scan,cve:CVE-2025-58186,usr/local/go/pkg/tool/linux_amd64/vet,,,"Upgrade stdlib to a release that remediates CVE-2025-58186. This is a vulnerability finding, not a config-drift playbook.",2026-09-27,,2026-09-27,No,,,Low,,,,,,,"default, not verified",,,CVE-2025-58186,"cpg_2_B,csf_PR_PS_02,nist80053_SI-2,nist80053_RA-5,cis_7_3,cis_7_4,cis_7_7"
EGP-92AFA8ED0F,"SI-2, RA-5",golang.org/net/http: Lack of limit when parsing cookies can cause memory exhaustion in net/http,"Despite HTTP headers having a default limit of 1MB, the number of cookies that can be parsed does not have a limit. By sending a lot of very small cookies such as ""a=;"", an attacker can make an HTTP server allocate a large amount of structs, causing large memory consumption.",vuln-scan,cve:CVE-2025-58186,whoami,,,"Upgrade stdlib to a release that remediates CVE-2025-58186. This is a vulnerability finding, not a config-drift playbook.",2026-09-27,,2026-09-27,No,,,Low,,,,,,,"default, not verified",,,CVE-2025-58186,"cpg_2_B,csf_PR_PS_02,nist80053_SI-2,nist80053_RA-5,cis_7_3,cis_7_4,cis_7_7"
EGP-E6D01DCC76,"SI-2, RA-5",golang: crypto/tls: session tickets lack random ticket_age_add,Non-random values for ticket_age_add in session tickets in crypto/tls before Go 1.17.11 and Go 1.18.3 allow an attacker that can observe TLS handshakes to correlate successive connections by comparing ticket ages during session resumption.,vuln-scan,cve:CVE-2022-30629,usr/local/go/pkg/tool/linux_amd64/vet,,,"Upgrade stdlib to a release that remediates CVE-2022-30629. This is a vulnerability finding, not a config-drift playbook.",2026-09-27,,2026-09-27,No,,,Low,,,,,,,"default, not verified",,,CVE-2022-30629,"cpg_2_B,csf_PR_PS_02,nist80053_SI-2,nist80053_RA-5,cis_7_3,cis_7_4,cis_7_7"
EGP-ABE975084F,"SI-2, RA-5",golang: crypto/x509: crypto/x509: usage of IPv6 zone IDs can bypass URI name constraints,"A certificate with a URI which has a IPv6 address with a zone ID may incorrectly satisfy a URI name constraint that applies to the certificate chain. Certificates containing URIs are not permitted in the web PKI, so this only affects users of private PKIs which make use of URIs.",vuln-scan,cve:CVE-2024-45341,usr/local/go/pkg/tool/linux_amd64/vet,,,"Upgrade stdlib to a release that remediates CVE-2024-45341. This is a vulnerability finding, not a config-drift playbook.",2026-09-27,,2026-09-27,No,,,Low,,,,,,,"default, not verified",,,CVE-2024-45341,"cpg_2_B,csf_PR_PS_02,nist80053_SI-2,nist80053_RA-5,cis_7_3,cis_7_4,cis_7_7"
EGP-EB29F12FF2,"SI-2, RA-5",initscripts in rPath Linux 1 sets insecure permissions for the /var/lo ...,"initscripts in rPath Linux 1 sets insecure permissions for the /var/log/btmp file, which allows local users to obtain sensitive information regarding authentication attempts.  NOTE: because sshd detects the insecure permissions and does not log certain events, this also prevents sshd from logging failed authentication attempts by remote attackers.",vuln-scan,cve:CVE-2007-5686,stilliard/pure-ftpd:latest (debian 13.6),,,"Upgrade login.defs to a release that remediates CVE-2007-5686. This is a vulnerability finding, not a config-drift playbook.",2026-09-27,,2026-09-27,No,,,Low,,,,,,,"default, not verified",,,CVE-2007-5686,"cpg_2_B,csf_PR_PS_02,nist80053_SI-2,nist80053_RA-5,cis_7_3,cis_7_4,cis_7_7"
EGP-2D0D27ADA4,"SI-2, RA-5",krb5: Memory leak at /krb5/src/lib/gssapi/krb5/k5sealv3.c,Kerberos 5 (aka krb5) 1.21.2 contains a memory leak vulnerability in /krb5/src/lib/gssapi/krb5/k5sealv3.c.,vuln-scan,cve:CVE-2024-26461,stilliard/pure-ftpd:latest (debian 13.6),,,"Upgrade libgssapi-krb5-2 to a release that remediates CVE-2024-26461. This is a vulnerability finding, not a config-drift playbook.",2026-09-27,,2026-09-27,No,,,Low,,,,,,,"default, not verified",,,CVE-2024-26461,"cpg_2_B,csf_PR_PS_02,nist80053_SI-2,nist80053_RA-5,cis_7_3,cis_7_4,cis_7_7"
EGP-010F5943C2,"SI-2, RA-5",krb5: Memory leak at /krb5/src/lib/rpc/pmap_rmt.c,Kerberos 5 (aka krb5) 1.21.2 contains a memory leak in /krb5/src/lib/rpc/pmap_rmt.c.,vuln-scan,cve:CVE-2024-26458,stilliard/pure-ftpd:latest (debian 13.6),,,"Upgrade libgssapi-krb5-2 to a release that remediates CVE-2024-26458. This is a vulnerability finding, not a config-drift playbook.",2026-09-27,,2026-09-27,No,,,Low,,,,,,,"default, not verified",,,CVE-2024-26458,"cpg_2_B,csf_PR_PS_02,nist80053_SI-2,nist80053_RA-5,cis_7_3,cis_7_4,cis_7_7"
EGP-DD27AD9BF6,"SI-2, RA-5",krb5: integer overflow in dbentry->n_key_data in kadmin/dbutil/dump.c,"An issue was discovered in MIT Kerberos 5 (aka krb5) through 1.16. There is a variable ""dbentry->n_key_data"" in kadmin/dbutil/dump.c that can store 16-bit data but unknowingly the developer has assigned a ""u4"" variable to it, which is for 32-bit data. An attacker can use this vulnerability to affect other artifacts of the database as we know that a Kerberos database dump file contains trusted data.",vuln-scan,cve:CVE-2018-5709,stilliard/pure-ftpd:latest (debian 13.6),,,"Upgrade libgssapi-krb5-2 to a release that remediates CVE-2018-5709. This is a vulnerability finding, not a config-drift playbook.",2026-09-27,,2026-09-27,No,,,Low,,,,,,,"default, not verified",,,CVE-2018-5709,"cpg_2_B,csf_PR_PS_02,nist80053_SI-2,nist80053_RA-5,cis_7_3,cis_7_4,cis_7_7"
EGP-FCCC295B9B,"SI-2, RA-5",krb5: krb5: integer underflow in berval2tl_data() leads to heap out-of-bounds read,"An integer underflow vulnerability was found in MIT krb5 in the berval2tl_data() function in plugins/kdb/ldap/libkdb_ldap/ldap_principal2.c. The function performs an unsigned subtraction (bv_len - 2) without a prior bounds check. When bv_len is 0 or 1, the subtraction wraps to a large value which is then truncated to uint16_t, yielding 0xFFFE (65534) or 0xFFFF (65535). The subsequent malloc succeeds and memcpy reads up to 65534 bytes from a 0-1 byte buffer, resulting in a heap out-of-bounds read.
The attack vector involves a malicious or compromised LDAP KDB backend returning a krbExtraData attribute with bv_len < 2, triggering the underflow when the KDC or kadmind reads principal data.",vuln-scan,cve:CVE-2026-11850,stilliard/pure-ftpd:latest (debian 13.6),,,"Upgrade libgssapi-krb5-2 to a release that remediates CVE-2026-11850. This is a vulnerability finding, not a config-drift playbook.",2026-09-27,,2026-09-27,No,,,Low,,,,,,,"default, not verified",,,CVE-2026-11850,"cpg_2_B,csf_PR_PS_02,nist80053_SI-2,nist80053_RA-5,cis_7_3,cis_7_4,cis_7_7"
EGP-AA4642E611,"SI-2, RA-5",libexpat: expat: libexpat: Denial of Service via hash flooding with crafted XML,"libexpat before 2.8.0 uses insufficient entropy, and thus hash flooding can occur via a crafted XML document.",vuln-scan,cve:CVE-2026-41080,nginx:1.27-alpine (alpine 3.21.3),,,"Upgrade libexpat to a release that remediates CVE-2026-41080. This is a vulnerability finding, not a config-drift playbook.",2026-09-27,,2026-09-27,No,,,Low,,,,,,,"default, not verified",,,CVE-2026-41080,"cpg_2_B,csf_PR_PS_02,nist80053_SI-2,nist80053_RA-5,cis_7_3,cis_7_4,cis_7_7"
EGP-748B6880FC,"SI-2, RA-5",libexpat: libexpat null pointer dereference,"In libexpat before 2.7.4, XML_ExternalEntityParserCreate does not copy unknown encoding handler user data.",vuln-scan,cve:CVE-2026-24515,nginx:1.27-alpine (alpine 3.21.3),,,"Upgrade libexpat to a release that remediates CVE-2026-24515. This is a vulnerability finding, not a config-drift playbook.",2026-09-27,,2026-09-27,No,,,Low,,,,,,,"default, not verified",,,CVE-2026-24515,"cpg_2_B,csf_PR_PS_02,nist80053_SI-2,nist80053_RA-5,cis_7_3,cis_7_4,cis_7_7"
EGP-E42B647282,"SI-2, RA-5",libtiff: LibTIFF memory corruption,A weakness has been identified in LibTIFF 4.7.0. This affects the function main of the file tiffcrop.c of the component tiffcrop. Executing manipulation can lead to memory corruption. The attack can only be executed locally. The exploit has been made available to the public and could be exploited.,vuln-scan,cve:CVE-2025-8961,nginx:1.27-alpine (alpine 3.21.3),,,"Upgrade tiff to a release that remediates CVE-2025-8961. This is a vulnerability finding, not a config-drift playbook.",2026-09-27,,2026-09-27,No,,,Low,,,,,,,"default, not verified",,,CVE-2025-8961,"cpg_2_B,csf_PR_PS_02,nist80053_SI-2,nist80053_RA-5,cis_7_3,cis_7_4,cis_7_7"
EGP-FA6A5F1D82,"SI-2, RA-5",libtiff: LibTIFF memory leak,"A flaw has been found in LibTIFF 4.7.0. This affects the function _TIFFmallocExt/_TIFFCheckRealloc/TIFFHashSetNew/InitCCITTFax3 of the file tools/tiffcmp.c of the component tiffcmp. Executing manipulation can lead to memory leak. The attack is restricted to local execution. This attack is characterized by high complexity. It is indicated that the exploitability is difficult. The exploit has been published and may be used. There is ongoing doubt regarding the real existence of this vulnerability. This patch is called ed141286a37f6e5ddafb5069347ff5d587e7a4e0. It is best practice to apply a patch to resolve this issue. A researcher disputes the security impact of this issue, because ""this is a memory leak on a command line tool that is about to exit anyway"". In the reply the project maintainer declares this issue as ""a simple 'bug' when leaving the command line tool and (...) not a security issue at all"".",vuln-scan,cve:CVE-2025-9165,nginx:1.27-alpine (alpine 3.21.3),,,"Upgrade tiff to a release that remediates CVE-2025-9165. This is a vulnerability finding, not a config-drift playbook.",2026-09-27,,2026-09-27,No,,,Low,,,,,,,"default, not verified",,,CVE-2025-9165,"cpg_2_B,csf_PR_PS_02,nist80053_SI-2,nist80053_RA-5,cis_7_3,cis_7_4,cis_7_7"
EGP-AB496C39B3,"SI-2, RA-5",libxml2: Stack Buffer Overflow in xmllint Interactive Shell Command Handling,"A flaw was found in the interactive shell of the xmllint command-line tool, used for parsing XML files. When a user inputs an overly long command, the program does not check the input size properly, which can cause it to crash. This issue might allow attackers to run harmful code in rare configurations without modern protections.",vuln-scan,cve:CVE-2025-6170,nginx:1.27-alpine (alpine 3.21.3),,,"Upgrade libxml2 to a release that remediates CVE-2025-6170. This is a vulnerability finding, not a config-drift playbook.",2026-09-27,,2026-09-27,No,,,Low,,,,,,,"default, not verified",,,CVE-2025-6170,"cpg_2_B,csf_PR_PS_02,nist80053_SI-2,nist80053_RA-5,cis_7_3,cis_7_4,cis_7_7"
EGP-87132E0AC2,"SI-2, RA-5",mysql: Performance Schema unspecified vulnerability (CPU Jul 2026),"Vulnerability in the MySQL Server, MySQL Cluster product of Oracle MySQL (component: Server: Performance Schema).  Supported versions that are affected are MySQL Server: 8.4.0-8.4.10, 9.7.0-9.7.1; MySQL Cluster: 8.0.0-8.0.47, 8.4.0-8.4.10 and  9.7.0-9.7.1. Easily exploitable vulnerability allows high privileged attacker with network access via multiple protocols to compromise MySQL Server, MySQL Cluster.  Successful attacks of this vulnerability can result in  unauthorized read access to a subset of MySQL Server, MySQL Cluster accessible data. CVSS 3.1 Base Score 2.7 (Confidentiality impacts).  CVSS Vector: (CVSS:3.1/AV:N/AC:L/PR:H/UI:N/S:U/C:L/I:N/A:N).",vuln-scan,cve:CVE-2026-61081,stilliard/pure-ftpd:latest (debian 13.6),,,"Upgrade libmariadb3 to a release that remediates CVE-2026-61081. This is a vulnerability finding, not a config-drift playbook.",2026-09-27,,2026-09-27,No,,,Low,,,,,,,"default, not verified",,,CVE-2026-61081,"cpg_2_B,csf_PR_PS_02,nist80053_SI-2,nist80053_RA-5,cis_7_3,cis_7_4,cis_7_7"
EGP-EED5F2D384,"SI-2, RA-5",ncurses: segmentation fault via _nc_wrap_entry(),NCurse v6.4-20230418 was discovered to contain a segmentation fault via the component _nc_wrap_entry().,vuln-scan,cve:CVE-2023-50495,mongo:7 (ubuntu 22.04),,,"Upgrade libncurses6 to a release that remediates CVE-2023-50495. This is a vulnerability finding, not a config-drift playbook.",2026-09-27,,2026-09-27,No,,,Low,,,,,,,"default, not verified",,,CVE-2023-50495,"cpg_2_B,csf_PR_PS_02,nist80053_SI-2,nist80053_RA-5,cis_7_3,cis_7_4,cis_7_7"
EGP-81C95F34FB,"SI-2, RA-5",openssl: CMP indefinite cache growth of ExtraCerts,"Issue summary: The OpenSSL Certificate Management Protocol (CMP) caches
additional certificates (extraCerts) sent in a CMP message, but never expunges
them (for instance if they are invalid).  If a server reuses an OSSL_CMP_CTX
frequently, this cache of extraCerts may grow unboundedly, and a malicious
client may flood a CMP server with requests driving this growth.

Impact summary: Users utilizing a CMP server that reuses a single OSSL_CMP_CTX
for the lifetime of a server process may observe unbounded memory growth in the
event a malicious client repeatedly sends requests containing unique extra
certificates, which may lead to OOM conditions.

CWE: CWE-770: Allocation of Resources Without Limits or Throttling

Description: If a remote user sends CMP messages to a server with a list of
extraCerts and the message is rejected, the extraCerts from the message remains
in the server contexts untrusted certificate stack.  This exposes servers with
long lived ctx objects to Denial of Service attacks in which an attacker sends
messages intending to be rejected with a large list of additional certificates
repeatedly, forcing the server to store them indefinitely.
   
The issue was fixed by removing the added extra certs if the message is
rejected, using the same method as when the context is configured to not do
caching at all.

FIPS impact: no
As the CMP code lives outside the FIPS module boundary, no FIPS
modules are affected by this CVE.",vuln-scan,cve:CVE-2026-63074,httpd:2.4-alpine (alpine 3.24.1),,,"Upgrade libcrypto3 to a release that remediates CVE-2026-63074. This is a vulnerability finding, not a config-drift playbook.",2026-09-27,,2026-09-27,No,,,Low,,,,,,,"default, not verified",,,CVE-2026-63074,"cpg_2_B,csf_PR_PS_02,nist80053_SI-2,nist80053_RA-5,cis_7_3,cis_7_4,cis_7_7"
EGP-8F744B4EC2,"SI-2, RA-5",openssl: CMP indefinite cache growth of ExtraCerts,"Issue summary: The OpenSSL Certificate Management Protocol (CMP) caches
additional certificates (extraCerts) sent in a CMP message, but never expunges
them (for instance if they are invalid).  If a server reuses an OSSL_CMP_CTX
frequently, this cache of extraCerts may grow unboundedly, and a malicious
client may flood a CMP server with requests driving this growth.

Impact summary: Users utilizing a CMP server that reuses a single OSSL_CMP_CTX
for the lifetime of a server process may observe unbounded memory growth in the
event a malicious client repeatedly sends requests containing unique extra
certificates, which may lead to OOM conditions.

CWE: CWE-770: Allocation of Resources Without Limits or Throttling

Description: If a remote user sends CMP messages to a server with a list of
extraCerts and the message is rejected, the extraCerts from the message remains
in the server contexts untrusted certificate stack.  This exposes servers with
long lived ctx objects to Denial of Service attacks in which an attacker sends
messages intending to be rejected with a large list of additional certificates
repeatedly, forcing the server to store them indefinitely.
   
The issue was fixed by removing the added extra certs if the message is
rejected, using the same method as when the context is configured to not do
caching at all.

FIPS impact: no
As the CMP code lives outside the FIPS module boundary, no FIPS
modules are affected by this CVE.",vuln-scan,cve:CVE-2026-63074,postgres:16-alpine (alpine 3.24.1),,,"Upgrade libcrypto3 to a release that remediates CVE-2026-63074. This is a vulnerability finding, not a config-drift playbook.",2026-09-27,,2026-09-27,No,,,Low,,,,,,,"default, not verified",,,CVE-2026-63074,"cpg_2_B,csf_PR_PS_02,nist80053_SI-2,nist80053_RA-5,cis_7_3,cis_7_4,cis_7_7"
EGP-E631E318EF,"SI-2, RA-5",openssl: FFC-DH Peer Validation Uses Attacker-Supplied q,"Issue summary: When EVP_PKEY_derive_set_peer() is called with a DHX (X9.42)
peer key, the peer key is not properly checked for the subgroup membership.

Impact summary: A malicious peer which presents an X9.42 key carrying the
victim's p and g parameters, a forged q = r (a small prime factor of the
cofactor (p−1)/q_local), and a public value Y of order r can recover the
victim's private key after a small number of key exchange attempts.

When EVP_PKEY_derive_set_peer() is called with a DHX (X9.42) peer key, the
subgroup membership check Y^q ≡ 1 (mod p) is performed using the peer's
own q parameter, not the local key's q. The peer's domain parameters are
then matched against the domain parameters of the private key, but the value
of q is not compared.

A malicious peer who presents an X9.42 key carrying the victim's p, g,
a forged q = r (a small prime factor of the cofactor), and a public
value Y of order r passes all checks. The shared secret then takes only
r distinct values, leaking priv mod r. Repeating for each small-prime
factor of the cofactor and combining via CRT recovers the full private
key (Lim–Lee / small-subgroup-confinement attack).

The realistic attack surface is narrow: principally CMP deployments with
long-lived RA/CA DHX keys and bespoke enterprise or government applications
using X9.42 DHX static keys with interactive protocols and therefore this
issue was assigned Low severity.

The FIPS modules in 4.0, 3.6, 3.5, 3.4, 3.1.2 and 3.0 are affected by this
issue.",vuln-scan,cve:CVE-2026-42770,nginx:1.27-alpine (alpine 3.21.3),,,"Upgrade libcrypto3 to a release that remediates CVE-2026-42770. This is a vulnerability finding, not a config-drift playbook.",2026-09-27,,2026-09-27,No,,,Low,,,,,,,"default, not verified",,,CVE-2026-42770,"cpg_2_B,csf_PR_PS_02,nist80053_SI-2,nist80053_RA-5,cis_7_3,cis_7_4,cis_7_7"
EGP-046A9D9F4E,"SI-2, RA-5",openssl: FFC-DH Peer Validation Uses Attacker-Supplied q,"Issue summary: When EVP_PKEY_derive_set_peer() is called with a DHX (X9.42)
peer key, the peer key is not properly checked for the subgroup membership.

Impact summary: A malicious peer which presents an X9.42 key carrying the
victim's p and g parameters, a forged q = r (a small prime factor of the
cofactor (p−1)/q_local), and a public value Y of order r can recover the
victim's private key after a small number of key exchange attempts.

When EVP_PKEY_derive_set_peer() is called with a DHX (X9.42) peer key, the
subgroup membership check Y^q ≡ 1 (mod p) is performed using the peer's
own q parameter, not the local key's q. The peer's domain parameters are
then matched against the domain parameters of the private key, but the value
of q is not compared.

A malicious peer who presents an X9.42 key carrying the victim's p, g,
a forged q = r (a small prime factor of the cofactor), and a public
value Y of order r passes all checks. The shared secret then takes only
r distinct values, leaking priv mod r. Repeating for each small-prime
factor of the cofactor and combining via CRT recovers the full private
key (Lim–Lee / small-subgroup-confinement attack).

The realistic attack surface is narrow: principally CMP deployments with
long-lived RA/CA DHX keys and bespoke enterprise or government applications
using X9.42 DHX static keys with interactive protocols and therefore this
issue was assigned Low severity.

The FIPS modules in 4.0, 3.6, 3.5, 3.4, 3.1.2 and 3.0 are affected by this
issue.",vuln-scan,cve:CVE-2026-42770,redis:7-alpine (alpine 3.21.7),,,"Upgrade libcrypto3 to a release that remediates CVE-2026-42770. This is a vulnerability finding, not a config-drift playbook.",2026-09-27,,2026-09-27,No,,,Low,,,,,,,"default, not verified",,,CVE-2026-42770,"cpg_2_B,csf_PR_PS_02,nist80053_SI-2,nist80053_RA-5,cis_7_3,cis_7_4,cis_7_7"
EGP-239BEDDB00,"SI-2, RA-5",openssl: Incorrect Tag Processing for Empty Messages in AES-GCM-SIV and AES-SIV modes,"Issue summary: The implementations of AES-SIV (RFC 5297) and AES-GCM-SIV
(RFC 8452) mishandle the authentication of AAD (Additional Authenticated
Data) with an empty ciphertext allowing a forgery of such messages.

Impact summary: An attacker can forge empty messages with arbitrary AAD
to the victim's application using these ciphers.

AES-SIV (RFC 5297) and AES-GCM-SIV (RFC 8452) are nonce-misuse-resistant AEAD
modes: they accept a key, nonce, optional AAD (bytes that are authenticated
but not encrypted), and plaintext, and produces ciphertext plus a 16-byte
tag. On decrypt, `EVP_DecryptFinal_ex()` is documented to return success only
if the tag is verified succesfully.

In OpenSSL's provider implementation of these ciphers, the expected tag is
computed only when decryption function is invoked with non-empty data.
If the caller supplies AAD and then calls `EVP_DecryptFinal_ex()` without
invocation of the ciphertext update, which can happen when the received
ciphertext length is zero, the tag is never recalculated and still holds its
all-zeros value.

When AES-GCM-SIV is used, an attacker who sends arbitrary AAD, empty
ciphertext, and all-zeros tag passes authentication under any key they do not
know, single-shot. When AES-SIV is used, for mounting the attack it's
necessary for the application to reuse the decryption context without
resetting the key.

AES-SIV is implemented since OpenSSL 3.0. AES-GCM-SIV is implemented since
OpenSSL 3.2.

No protocols implemented in OpenSSL itself (TLS/CMS/PKCS7/HPKE/QUIC) support
either AES-GCM-SIV or AES-SIV. To mount an attack, the applications must
implement their own protocol and use the EVP interface. Also they must skip the
ciphertext update when a message with an empty ciphertext arrives.

The FIPS modules in 4.0, 3.6, 3.5, 3.4, and 3.0 are not affected by this
issue, as these algorithms are not FIPS approved and the affected code is
outside the OpenSSL FIPS module boundary.",vuln-scan,cve:CVE-2026-45446,nginx:1.27-alpine (alpine 3.21.3),,,"Upgrade libcrypto3 to a release that remediates CVE-2026-45446. This is a vulnerability finding, not a config-drift playbook.",2026-09-27,,2026-09-27,No,,,Low,,,,,,,"default, not verified",,,CVE-2026-45446,"cpg_2_B,csf_PR_PS_02,nist80053_SI-2,nist80053_RA-5,cis_7_3,cis_7_4,cis_7_7"
EGP-D168B557C5,"SI-2, RA-5",openssl: Incorrect Tag Processing for Empty Messages in AES-GCM-SIV and AES-SIV modes,"Issue summary: The implementations of AES-SIV (RFC 5297) and AES-GCM-SIV
(RFC 8452) mishandle the authentication of AAD (Additional Authenticated
Data) with an empty ciphertext allowing a forgery of such messages.

Impact summary: An attacker can forge empty messages with arbitrary AAD
to the victim's application using these ciphers.

AES-SIV (RFC 5297) and AES-GCM-SIV (RFC 8452) are nonce-misuse-resistant AEAD
modes: they accept a key, nonce, optional AAD (bytes that are authenticated
but not encrypted), and plaintext, and produces ciphertext plus a 16-byte
tag. On decrypt, `EVP_DecryptFinal_ex()` is documented to return success only
if the tag is verified succesfully.

In OpenSSL's provider implementation of these ciphers, the expected tag is
computed only when decryption function is invoked with non-empty data.
If the caller supplies AAD and then calls `EVP_DecryptFinal_ex()` without
invocation of the ciphertext update, which can happen when the received
ciphertext length is zero, the tag is never recalculated and still holds its
all-zeros value.

When AES-GCM-SIV is used, an attacker who sends arbitrary AAD, empty
ciphertext, and all-zeros tag passes authentication under any key they do not
know, single-shot. When AES-SIV is used, for mounting the attack it's
necessary for the application to reuse the decryption context without
resetting the key.

AES-SIV is implemented since OpenSSL 3.0. AES-GCM-SIV is implemented since
OpenSSL 3.2.

No protocols implemented in OpenSSL itself (TLS/CMS/PKCS7/HPKE/QUIC) support
either AES-GCM-SIV or AES-SIV. To mount an attack, the applications must
implement their own protocol and use the EVP interface. Also they must skip the
ciphertext update when a message with an empty ciphertext arrives.

The FIPS modules in 4.0, 3.6, 3.5, 3.4, and 3.0 are not affected by this
issue, as these algorithms are not FIPS approved and the affected code is
outside the OpenSSL FIPS module boundary.",vuln-scan,cve:CVE-2026-45446,redis:7-alpine (alpine 3.21.7),,,"Upgrade libcrypto3 to a release that remediates CVE-2026-45446. This is a vulnerability finding, not a config-drift playbook.",2026-09-27,,2026-09-27,No,,,Low,,,,,,,"default, not verified",,,CVE-2026-45446,"cpg_2_B,csf_PR_PS_02,nist80053_SI-2,nist80053_RA-5,cis_7_3,cis_7_4,cis_7_7"
EGP-2C0BAE77CA,"SI-2, RA-5",openssl: Multi-RecipientInfo Bleichenbacher Oracle in CMS_decrypt() and PKCS7_decrypt(),"Issue summary: The CMS_decrypt and PKCS7_decrypt functions are vulnerable to
Bleichenbacher-style attack when an attacker is able to provide the CMS or
S/MIME messages and observe the error code and/or decryption output.

Impact summary: The Bleichenbacher-style attack allows an attacker to use the
victim's vulnerable application as a way to decrypt or sign messages with the
victim's private RSA key.

The attack is possible in 2 variants.

1. The decryption API (CMS_decrypt(), PKCS7_decrypt()) is used without
providing the recipient certificate. In this case OpenSSL iterates over every
KeyTransRecipientInfo (KTRI) without stopping at the first success.

An attacker who authors a message with two KTRI entries — the first one
wrapping a real CEK under the victim's public key, the second with an
arbitrary probe ciphertext — obtains opportunity to iterate the 2nd KTRI to
get a valid PKCS#1 v1.5 padding if the error code of the application is
available.

That is a Bleichenbacher oracle (Bleichenbacher, CRYPTO '98): an
adaptive-chosen-ciphertext side channel from which the attacker decrypts any
RSA ciphertext to the victim's key or forges any PKCS#1 v1.5 signature under
it.

2. When the decryption API (CMS_decrypt(), PKCS7_decrypt()) is provided with
the recipient certificate, and the recipient is not found, a random
key is substituted.

An attacker who authors a message and is able to compare both error code and
the result of the decryption, can mount a Bleichenbacher oracle.

We are not aware of any applications that provide a remote attacker
an opportunity to mount an attack described in these scenarios. We consider
the existence of such application very unlikely, and for this reason this
CVE has been evaluated as Low severity.

To avoid these attacks, when RSA PKCS#1 v1.5 Key Transport is in use, the
invoked EVP_PKEY_decrypt() will use the implicit rejection mechanism described
in draft-irtf-cfrg-rsa-guidance. In previous OpenSSL releases the implicit
rejection was explicitly disabled.

The implicit rejection mechanism always returns a plaintext value,
the symmetric key. This result is deterministic for the ciphertext and the
private key.  The length of the decryption result can happen to match the
length of the key of the symmetric cipher that was used for the content
encryption. When a certificate is not provided, the last RecipientInfo
producing a key that looks valid will be used. It may cause getting garbage
content on decryption. As a proper way to deal with this a recipient
certificate has to be provided to identify the particular RecipientInfo for
decryption.

The FIPS modules in 4.0, 3.6, 3.5, and 3.4 are not affected by this issue, as
CMS and S/MIME processing happens outside the OpenSSL FIPS module boundary.",vuln-scan,cve:CVE-2026-42768,nginx:1.27-alpine (alpine 3.21.3),,,"Upgrade libcrypto3 to a release that remediates CVE-2026-42768. This is a vulnerability finding, not a config-drift playbook.",2026-09-27,,2026-09-27,No,,,Low,,,,,,,"default, not verified",,,CVE-2026-42768,"cpg_2_B,csf_PR_PS_02,nist80053_SI-2,nist80053_RA-5,cis_7_3,cis_7_4,cis_7_7"
EGP-5BF90DB02F,"SI-2, RA-5",openssl: Multi-RecipientInfo Bleichenbacher Oracle in CMS_decrypt() and PKCS7_decrypt(),"Issue summary: The CMS_decrypt and PKCS7_decrypt functions are vulnerable to
Bleichenbacher-style attack when an attacker is able to provide the CMS or
S/MIME messages and observe the error code and/or decryption output.

Impact summary: The Bleichenbacher-style attack allows an attacker to use the
victim's vulnerable application as a way to decrypt or sign messages with the
victim's private RSA key.

The attack is possible in 2 variants.

1. The decryption API (CMS_decrypt(), PKCS7_decrypt()) is used without
providing the recipient certificate. In this case OpenSSL iterates over every
KeyTransRecipientInfo (KTRI) without stopping at the first success.

An attacker who authors a message with two KTRI entries — the first one
wrapping a real CEK under the victim's public key, the second with an
arbitrary probe ciphertext — obtains opportunity to iterate the 2nd KTRI to
get a valid PKCS#1 v1.5 padding if the error code of the application is
available.

That is a Bleichenbacher oracle (Bleichenbacher, CRYPTO '98): an
adaptive-chosen-ciphertext side channel from which the attacker decrypts any
RSA ciphertext to the victim's key or forges any PKCS#1 v1.5 signature under
it.

2. When the decryption API (CMS_decrypt(), PKCS7_decrypt()) is provided with
the recipient certificate, and the recipient is not found, a random
key is substituted.

An attacker who authors a message and is able to compare both error code and
the result of the decryption, can mount a Bleichenbacher oracle.

We are not aware of any applications that provide a remote attacker
an opportunity to mount an attack described in these scenarios. We consider
the existence of such application very unlikely, and for this reason this
CVE has been evaluated as Low severity.

To avoid these attacks, when RSA PKCS#1 v1.5 Key Transport is in use, the
invoked EVP_PKEY_decrypt() will use the implicit rejection mechanism described
in draft-irtf-cfrg-rsa-guidance. In previous OpenSSL releases the implicit
rejection was explicitly disabled.

The implicit rejection mechanism always returns a plaintext value,
the symmetric key. This result is deterministic for the ciphertext and the
private key.  The length of the decryption result can happen to match the
length of the key of the symmetric cipher that was used for the content
encryption. When a certificate is not provided, the last RecipientInfo
producing a key that looks valid will be used. It may cause getting garbage
content on decryption. As a proper way to deal with this a recipient
certificate has to be provided to identify the particular RecipientInfo for
decryption.

The FIPS modules in 4.0, 3.6, 3.5, and 3.4 are not affected by this issue, as
CMS and S/MIME processing happens outside the OpenSSL FIPS module boundary.",vuln-scan,cve:CVE-2026-42768,redis:7-alpine (alpine 3.21.7),,,"Upgrade libcrypto3 to a release that remediates CVE-2026-42768. This is a vulnerability finding, not a config-drift playbook.",2026-09-27,,2026-09-27,No,,,Low,,,,,,,"default, not verified",,,CVE-2026-42768,"cpg_2_B,csf_PR_PS_02,nist80053_SI-2,nist80053_RA-5,cis_7_3,cis_7_4,cis_7_7"
EGP-14E67F5296,"SI-2, RA-5",openssl: OpenSSL: Denial of Service due to excessive memory allocation in TLS 1.3 certificate compression,"Issue summary: A TLS 1.3 connection using certificate compression can be
forced to allocate a large buffer before decompression without checking
against the configured certificate size limit.

Impact summary: An attacker can cause per-connection memory allocations of
up to approximately 22 MiB and extra CPU work, potentially leading to
service degradation or resource exhaustion (Denial of Service).

In affected configurations, the peer-supplied uncompressed certificate
length from a CompressedCertificate message is used to grow a heap buffer
prior to decompression. This length is not bounded by the max_cert_list
setting, which otherwise constrains certificate message sizes. An attacker
can exploit this to cause large per-connection allocations followed by
handshake failure. No memory corruption or information disclosure occurs.

This issue only affects builds where TLS 1.3 certificate compression is
compiled in (i.e., not OPENSSL_NO_COMP_ALG) and at least one compression
algorithm (brotli, zlib, or zstd) is available, and where the compression
extension is negotiated. Both clients receiving a server CompressedCertificate
and servers in mutual TLS scenarios receiving a client CompressedCertificate
are affected. Servers that do not request client certificates are not
vulnerable to client-initiated attacks.

Users can mitigate this issue by setting SSL_OP_NO_RX_CERTIFICATE_COMPRESSION
to disable receiving compressed certificates.

The FIPS modules in 3.6, 3.5, 3.4 and 3.3 are not affected by this issue,
as the TLS implementation is outside the OpenSSL FIPS module boundary.

OpenSSL 3.6, 3.5, 3.4 and 3.3 are vulnerable to this issue.

OpenSSL 3.0, 1.1.1 and 1.0.2 are not affected by this issue.",vuln-scan,cve:CVE-2025-66199,nginx:1.27-alpine (alpine 3.21.3),,,"Upgrade libcrypto3 to a release that remediates CVE-2025-66199. This is a vulnerability finding, not a config-drift playbook.",2026-09-27,,2026-09-27,No,,,Low,,,,,,,"default, not verified",,,CVE-2025-66199,"cpg_2_B,csf_PR_PS_02,nist80053_SI-2,nist80053_RA-5,cis_7_3,cis_7_4,cis_7_7"
EGP-C45007496B,"SI-2, RA-5",openssl: OpenSSL: Denial of Service due to heap out-of-bounds read in CMS password-based decryption,"Issue summary: When CMS password-based decryption (RFC 3211 / PWRI key unwrap)
processes attacker-supplied CMS data, an attacker-chosen stream-mode KEK
cipher can trigger a heap out-of-bounds read in kek_unwrap_key().

Impact summary: A heap buffer over-read may trigger a crash which leads to
Denial of Service for an application if the input buffer ends at a memory
page boundary and the following page is unmapped. There is no information
disclosure as the over-read bytes are not revealed to the attacker.

The key unwrapping function performs a check-byte test as specified in the
RFC that reads 7 bytes from a heap allocation that is based on the wrapped
key length from the message. There is a minimum length check based on the
block length of the wrapping cipher. However the cipher is selected from
an OID carried in the attacker's PWRI keyEncryptionAlgorithm with no
requirement that the cipher be a block cipher. When an attacker selects
a stream-mode cipher the guard will be ineffective and the allocated buffer
containing the unwrapped key can be too small to fit the check-bytes
specified in the RFC and a buffer over-read can happen.

Applications calling CMS_decrypt() or CMS_decrypt_set1_password()
(equivalently openssl cms -decrypt -pwri_password ...) on untrusted CMS
data are vulnerable to this issue. No password knowledge is required: the
over-read happens during the unwrap attempt before any authentication
succeeds.

The over-read is limited to a few bytes and is not written to output, so
there is no information disclosure. Triggering a crash requires the
allocation to border unmapped memory, which is unlikely with the normal
allocator.

The FIPS modules are not affected by this issue.",vuln-scan,cve:CVE-2026-9076,nginx:1.27-alpine (alpine 3.21.3),,,"Upgrade libcrypto3 to a release that remediates CVE-2026-9076. This is a vulnerability finding, not a config-drift playbook.",2026-09-27,,2026-09-27,No,,,Low,,,,,,,"default, not verified",,,CVE-2026-9076,"cpg_2_B,csf_PR_PS_02,nist80053_SI-2,nist80053_RA-5,cis_7_3,cis_7_4,cis_7_7"
EGP-488F717D01,"SI-2, RA-5",openssl: OpenSSL: Denial of Service due to heap out-of-bounds read in CMS password-based decryption,"Issue summary: When CMS password-based decryption (RFC 3211 / PWRI key unwrap)
processes attacker-supplied CMS data, an attacker-chosen stream-mode KEK
cipher can trigger a heap out-of-bounds read in kek_unwrap_key().

Impact summary: A heap buffer over-read may trigger a crash which leads to
Denial of Service for an application if the input buffer ends at a memory
page boundary and the following page is unmapped. There is no information
disclosure as the over-read bytes are not revealed to the attacker.

The key unwrapping function performs a check-byte test as specified in the
RFC that reads 7 bytes from a heap allocation that is based on the wrapped
key length from the message. There is a minimum length check based on the
block length of the wrapping cipher. However the cipher is selected from
an OID carried in the attacker's PWRI keyEncryptionAlgorithm with no
requirement that the cipher be a block cipher. When an attacker selects
a stream-mode cipher the guard will be ineffective and the allocated buffer
containing the unwrapped key can be too small to fit the check-bytes
specified in the RFC and a buffer over-read can happen.

Applications calling CMS_decrypt() or CMS_decrypt_set1_password()
(equivalently openssl cms -decrypt -pwri_password ...) on untrusted CMS
data are vulnerable to this issue. No password knowledge is required: the
over-read happens during the unwrap attempt before any authentication
succeeds.

The over-read is limited to a few bytes and is not written to output, so
there is no information disclosure. Triggering a crash requires the
allocation to border unmapped memory, which is unlikely with the normal
allocator.

The FIPS modules are not affected by this issue.",vuln-scan,cve:CVE-2026-9076,redis:7-alpine (alpine 3.21.7),,,"Upgrade libcrypto3 to a release that remediates CVE-2026-9076. This is a vulnerability finding, not a config-drift playbook.",2026-09-27,,2026-09-27,No,,,Low,,,,,,,"default, not verified",,,CVE-2026-9076,"cpg_2_B,csf_PR_PS_02,nist80053_SI-2,nist80053_RA-5,cis_7_3,cis_7_4,cis_7_7"
EGP-AA68606F22,"SI-2, RA-5",openssl: OpenSSL: Denial of Service due to out-of-bounds write in BIO filter,"Issue summary: Writing large, newline-free data into a BIO chain using the
line-buffering filter where the next BIO performs short writes can trigger
a heap-based out-of-bounds write.

Impact summary: This out-of-bounds write can cause memory corruption which
typically results in a crash, leading to Denial of Service for an application.

The line-buffering BIO filter (BIO_f_linebuffer) is not used by default in
TLS/SSL data paths. In OpenSSL command-line applications, it is typically
only pushed onto stdout/stderr on VMS systems. Third-party applications that
explicitly use this filter with a BIO chain that can short-write and that
write large, newline-free data influenced by an attacker would be affected.
However, the circumstances where this could happen are unlikely to be under
attacker control, and BIO_f_linebuffer is unlikely to be handling non-curated
data controlled by an attacker. For that reason the issue was assessed as
Low severity.

The FIPS modules in 3.6, 3.5, 3.4, 3.3 and 3.0 are not affected by this issue,
as the BIO implementation is outside the OpenSSL FIPS module boundary.

OpenSSL 3.6, 3.5, 3.4, 3.3, 3.0, 1.1.1 and 1.0.2 are vulnerable to this issue.",vuln-scan,cve:CVE-2025-68160,nginx:1.27-alpine (alpine 3.21.3),,,"Upgrade libcrypto3 to a release that remediates CVE-2025-68160. This is a vulnerability finding, not a config-drift playbook.",2026-09-27,,2026-09-27,No,,,Low,,,,,,,"default, not verified",,,CVE-2025-68160,"cpg_2_B,csf_PR_PS_02,nist80053_SI-2,nist80053_RA-5,cis_7_3,cis_7_4,cis_7_7"
EGP-71BED33CF9,"SI-2, RA-5",openssl: OpenSSL: Denial of Service due to type confusion in PKCS#12 file processing,"Issue summary: An invalid or NULL pointer dereference can happen in
an application processing a malformed PKCS#12 file.

Impact summary: An application processing a malformed PKCS#12 file can be
caused to dereference an invalid or NULL pointer on memory read, resulting
in a Denial of Service.

A type confusion vulnerability exists in PKCS#12 parsing code where
an ASN1_TYPE union member is accessed without first validating the type,
causing an invalid pointer read.

The location is constrained to a 1-byte address space, meaning any
attempted pointer manipulation can only target addresses between 0x00 and 0xFF.
This range corresponds to the zero page, which is unmapped on most modern
operating systems and will reliably result in a crash, leading only to a
Denial of Service. Exploiting this issue also requires a user or application
to process a maliciously crafted PKCS#12 file. It is uncommon to accept
untrusted PKCS#12 files in applications as they are usually used to store
private keys which are trusted by definition. For these reasons, the issue
was assessed as Low severity.

The FIPS modules in 3.5, 3.4, 3.3 and 3.0 are not affected by this issue,
as the PKCS12 implementation is outside the OpenSSL FIPS module boundary.

OpenSSL 3.6, 3.5, 3.4, 3.3, 3.0 and 1.1.1 are vulnerable to this issue.

OpenSSL 1.0.2 is not affected by this issue.",vuln-scan,cve:CVE-2026-22795,nginx:1.27-alpine (alpine 3.21.3),,,"Upgrade libcrypto3 to a release that remediates CVE-2026-22795. This is a vulnerability finding, not a config-drift playbook.",2026-09-27,,2026-09-27,No,,,Low,,,,,,,"default, not verified",,,CVE-2026-22795,"cpg_2_B,csf_PR_PS_02,nist80053_SI-2,nist80053_RA-5,cis_7_3,cis_7_4,cis_7_7"
EGP-E868697D76,"SI-2, RA-5",openssl: OpenSSL: Denial of Service via NULL pointer dereference in QUIC protocol handling,"Issue summary: If an application using the SSL_CIPHER_find() function in
a QUIC protocol client or server receives an unknown cipher suite from
the peer, a NULL dereference occurs.

Impact summary: A NULL pointer dereference leads to abnormal termination of
the running process causing Denial of Service.

Some applications call SSL_CIPHER_find() from the client_hello_cb callback
on the cipher ID received from the peer. If this is done with an SSL object
implementing the QUIC protocol, NULL pointer dereference will happen if
the examined cipher ID is unknown or unsupported.

As it is not very common to call this function in applications using the QUIC 
protocol and the worst outcome is Denial of Service, the issue was assessed
as Low severity.

The vulnerable code was introduced in the 3.2 version with the addition
of the QUIC protocol support.

The FIPS modules in 3.6, 3.5, 3.4 and 3.3 are not affected by this issue,
as the QUIC implementation is outside the OpenSSL FIPS module boundary.

OpenSSL 3.6, 3.5, 3.4 and 3.3 are vulnerable to this issue.

OpenSSL 3.0, 1.1.1 and 1.0.2 are not affected by this issue.",vuln-scan,cve:CVE-2025-15468,nginx:1.27-alpine (alpine 3.21.3),,,"Upgrade libcrypto3 to a release that remediates CVE-2025-15468. This is a vulnerability finding, not a config-drift playbook.",2026-09-27,,2026-09-27,No,,,Low,,,,,,,"default, not verified",,,CVE-2025-15468,"cpg_2_B,csf_PR_PS_02,nist80053_SI-2,nist80053_RA-5,cis_7_3,cis_7_4,cis_7_7"
EGP-ED3388A144,"SI-2, RA-5",openssl: OpenSSL: Denial of Service via malformed TimeStamp Response,"Issue summary: A type confusion vulnerability exists in the TimeStamp Response
verification code where an ASN1_TYPE union member is accessed without first
validating the type, causing an invalid or NULL pointer dereference when
processing a malformed TimeStamp Response file.

Impact summary: An application calling TS_RESP_verify_response() with a
malformed TimeStamp Response can be caused to dereference an invalid or
NULL pointer when reading, resulting in a Denial of Service.

The functions ossl_ess_get_signing_cert() and ossl_ess_get_signing_cert_v2()
access the signing cert attribute value without validating its type.
When the type is not V_ASN1_SEQUENCE, this results in accessing invalid memory
through the ASN1_TYPE union, causing a crash.

Exploiting this vulnerability requires an attacker to provide a malformed
TimeStamp Response to an application that verifies timestamp responses. The
TimeStamp protocol (RFC 3161) is not widely used and the impact of the
exploit is just a Denial of Service. For these reasons the issue was
assessed as Low severity.

The FIPS modules in 3.5, 3.4, 3.3 and 3.0 are not affected by this issue,
as the TimeStamp Response implementation is outside the OpenSSL FIPS module
boundary.

OpenSSL 3.6, 3.5, 3.4, 3.3, 3.0 and 1.1.1 are vulnerable to this issue.

OpenSSL 1.0.2 is not affected by this issue.",vuln-scan,cve:CVE-2025-69420,nginx:1.27-alpine (alpine 3.21.3),,,"Upgrade libcrypto3 to a release that remediates CVE-2025-69420. This is a vulnerability finding, not a config-drift playbook.",2026-09-27,,2026-09-27,No,,,Low,,,,,,,"default, not verified",,,CVE-2025-69420,"cpg_2_B,csf_PR_PS_02,nist80053_SI-2,nist80053_RA-5,cis_7_3,cis_7_4,cis_7_7"
EGP-5064A6E863,"SI-2, RA-5",openssl: OpenSSL: Denial of Service via type confusion in PKCS#7 signature verification,"Issue summary: A type confusion vulnerability exists in the signature
verification of signed PKCS#7 data where an ASN1_TYPE union member is
accessed without first validating the type, causing an invalid or NULL
pointer dereference when processing malformed PKCS#7 data.

Impact summary: An application performing signature verification of PKCS#7
data or calling directly the PKCS7_digest_from_attributes() function can be
caused to dereference an invalid or NULL pointer when reading, resulting in
a Denial of Service.

The function PKCS7_digest_from_attributes() accesses the message digest attribute
value without validating its type. When the type is not V_ASN1_OCTET_STRING,
this results in accessing invalid memory through the ASN1_TYPE union, causing
a crash.

Exploiting this vulnerability requires an attacker to provide a malformed
signed PKCS#7 to an application that verifies it. The impact of the
exploit is just a Denial of Service, the PKCS7 API is legacy and applications
should be using the CMS API instead. For these reasons the issue was
assessed as Low severity.

The FIPS modules in 3.5, 3.4, 3.3 and 3.0 are not affected by this issue,
as the PKCS#7 parsing implementation is outside the OpenSSL FIPS module
boundary.

OpenSSL 3.6, 3.5, 3.4, 3.3, 3.0, 1.1.1 and 1.0.2 are vulnerable to this issue.",vuln-scan,cve:CVE-2026-22796,nginx:1.27-alpine (alpine 3.21.3),,,"Upgrade libcrypto3 to a release that remediates CVE-2026-22796. This is a vulnerability finding, not a config-drift playbook.",2026-09-27,,2026-09-27,No,,,Low,,,,,,,"default, not verified",,,CVE-2026-22796,"cpg_2_B,csf_PR_PS_02,nist80053_SI-2,nist80053_RA-5,cis_7_3,cis_7_4,cis_7_7"
EGP-15619B1E72,"SI-2, RA-5",openssl: OpenSSL: Information disclosure and data tampering via specific low-level OCB encryption/decryption calls,"Issue summary: When using the low-level OCB API directly with AES-NI or<br>other hardware-accelerated code paths, inputs whose length is not a multiple<br>of 16 bytes can leave the final partial block unencrypted and unauthenticated.<br><br>Impact summary: The trailing 1-15 bytes of a message may be exposed in<br>cleartext on encryption and are not covered by the authentication tag,<br>allowing an attacker to read or tamper with those bytes without detection.<br><br>The low-level OCB encrypt and decrypt routines in the hardware-accelerated<br>stream path process full 16-byte blocks but do not advance the input/output<br>pointers. The subsequent tail-handling code then operates on the original<br>base pointers, effectively reprocessing the beginning of the buffer while<br>leaving the actual trailing bytes unprocessed. The authentication checksum<br>also excludes the true tail bytes.<br><br>However, typical OpenSSL consumers using EVP are not affected because the<br>higher-level EVP and provider OCB implementations split inputs so that full<br>blocks and trailing partial blocks are processed in separate calls, avoiding<br>the problematic code path. Additionally, TLS does not use OCB ciphersuites.<br>The vulnerability only affects applications that call the low-level<br>CRYPTO_ocb128_encrypt() or CRYPTO_ocb128_decrypt() functions directly with<br>non-block-aligned lengths in a single call on hardware-accelerated builds.<br>For these reasons the issue was assessed as Low severity.<br><br>The FIPS modules in 3.6, 3.5, 3.4, 3.3, 3.2, 3.1 and 3.0 are not affected<br>by this issue, as OCB mode is not a FIPS-approved algorithm.<br><br>OpenSSL 3.6, 3.5, 3.4, 3.3, 3.0 and 1.1.1 are vulnerable to this issue.<br><br>OpenSSL 1.0.2 is not affected by this issue.",vuln-scan,cve:CVE-2025-69418,nginx:1.27-alpine (alpine 3.21.3),,,"Upgrade libcrypto3 to a release that remediates CVE-2025-69418. This is a vulnerability finding, not a config-drift playbook.",2026-09-27,,2026-09-27,No,,,Low,,,,,,,"default, not verified",,,CVE-2025-69418,"cpg_2_B,csf_PR_PS_02,nist80053_SI-2,nist80053_RA-5,cis_7_3,cis_7_4,cis_7_7"
EGP-7B3BCC4EC0,"SI-2, RA-5",openssl: Out-of-bounds read in HTTP client no_proxy handling,"Issue summary: An application using the OpenSSL HTTP client API functions may
trigger an out-of-bounds read if the 'no_proxy' environment variable is set and
the host portion of the authority component of the HTTP URL is an IPv6 address.

Impact summary: An out-of-bounds read can trigger a crash which leads to
Denial of Service for an application.

The OpenSSL HTTP client API functions can be used directly by applications
but they are also used by the OCSP client functions and CMP (Certificate
Management Protocol) client implementation in OpenSSL. However the URLs used
by these implementations are unlikely to be controlled by an attacker.

In this vulnerable code the out of bounds read can only trigger a crash.
Furthermore the vulnerability requires an attacker-controlled URL to be
passed from an application to the OpenSSL function and the user has to have
a 'no_proxy' environment variable set. For the aforementioned reasons the
issue was assessed as Low severity.

The vulnerable code was introduced in the following patch releases:
3.0.16, 3.1.8, 3.2.4, 3.3.3, 3.4.0 and 3.5.0.

The FIPS modules in 3.5, 3.4, 3.3, 3.2, 3.1 and 3.0 are not affected by this
issue, as the HTTP client implementation is outside the OpenSSL FIPS module
boundary.",vuln-scan,cve:CVE-2025-9232,nginx:1.27-alpine (alpine 3.21.3),,,"Upgrade libcrypto3 to a release that remediates CVE-2025-9232. This is a vulnerability finding, not a config-drift playbook.",2026-09-27,,2026-09-27,No,,,Low,,,,,,,"default, not verified",,,CVE-2025-9232,"cpg_2_B,csf_PR_PS_02,nist80053_SI-2,nist80053_RA-5,cis_7_3,cis_7_4,cis_7_7"
EGP-7EED07141B,"SI-2, RA-5",openssl: Possible NULL Dereference in Password-Based CMS Decryption,"Issue summary: A specially crafted password-encrypted CMS message
can trigger a NULL pointer dereference during CMS decryption.

Impact summary: This NULL pointer dereference leads to an application crash
and a Denial of Service.

The CMS PasswordRecipientInfo.keyDerivationAlgorithm field is defined as
OPTIONAL in the ASN.1 specification and may therefore be absent in specially
crafted inputs. During the password-based CMS decryption the OpenSSL
CMS implementation dereferences this field without first checking whether it
was present.

An attacker who supplies such a CMS message to an application performing
password-based CMS decryption can trigger an application crash, leading to
a Denial of Service.

Applications that process password-encrypted CMS messages may be affected.

The FIPS modules in 4.0, 3.6, 3.5, 3.4, and 3.0 are not affected by this
issue, as the affected code is outside the OpenSSL FIPS module boundary.",vuln-scan,cve:CVE-2026-42766,nginx:1.27-alpine (alpine 3.21.3),,,"Upgrade libcrypto3 to a release that remediates CVE-2026-42766. This is a vulnerability finding, not a config-drift playbook.",2026-09-27,,2026-09-27,No,,,Low,,,,,,,"default, not verified",,,CVE-2026-42766,"cpg_2_B,csf_PR_PS_02,nist80053_SI-2,nist80053_RA-5,cis_7_3,cis_7_4,cis_7_7"
EGP-56E40DB94D,"SI-2, RA-5",openssl: Possible NULL Dereference in Password-Based CMS Decryption,"Issue summary: A specially crafted password-encrypted CMS message
can trigger a NULL pointer dereference during CMS decryption.

Impact summary: This NULL pointer dereference leads to an application crash
and a Denial of Service.

The CMS PasswordRecipientInfo.keyDerivationAlgorithm field is defined as
OPTIONAL in the ASN.1 specification and may therefore be absent in specially
crafted inputs. During the password-based CMS decryption the OpenSSL
CMS implementation dereferences this field without first checking whether it
was present.

An attacker who supplies such a CMS message to an application performing
password-based CMS decryption can trigger an application crash, leading to
a Denial of Service.

Applications that process password-encrypted CMS messages may be affected.

The FIPS modules in 4.0, 3.6, 3.5, 3.4, and 3.0 are not affected by this
issue, as the affected code is outside the OpenSSL FIPS module boundary.",vuln-scan,cve:CVE-2026-42766,redis:7-alpine (alpine 3.21.7),,,"Upgrade libcrypto3 to a release that remediates CVE-2026-42766. This is a vulnerability finding, not a config-drift playbook.",2026-09-27,,2026-09-27,No,,,Low,,,,,,,"default, not verified",,,CVE-2026-42766,"cpg_2_B,csf_PR_PS_02,nist80053_SI-2,nist80053_RA-5,cis_7_3,cis_7_4,cis_7_7"
EGP-50D7469281,"SI-2, RA-5",openssl: QUIC ACK-only packet retention can cause memory exhaustion,"Issue summary: When OpenSSL processes QUIC traffic from a peer that repeatedly
sends ack-eliciting packets while not acknowledging ACK-only responses, the
QUIC stack can retain ACK-only packet metadata for the lifetime of the
connection.

Impact summary: A remote peer that can complete a QUIC handshake can
cause connection-scoped memory growth which may lead to Denial of Service
through memory exhaustion, especially with sustained traffic or many concurrent
QUIC connections.

CWE: CWE-770: Allocation of Resources Without Limits or Throttling

Description: When the OpenSSL QUIC stack sends an ACK-only packet,
there is no requirement by the QUIC protocol that the peer will acknowledge
that ACK-only packet (i.e. it is itself not ack-eliciting). However, the OpenSSL
implementation stores the metadata about the ACK frames regardless.
In and of itself that's ok, but if a malicious peer establishes a connection, and
then drives the connection such that ACK-only packets are forced from the 
OpenSSL implementation peer (i.e., by sending numerous PING frames),
and then withholding any subsequent acks for ack-eliciting data, like
legitimate data, said malicious peer can force inappropriate memory growth
on the OpenSSL peer, potentially leading to a Denial of Service.

The fix is to ensure that we account for the transmission of the ACK-only
packet in the packet histories high and low watermark without actually storing
the ACK-only packet metadata itself.

FIPS impact: no
The OpenSSL FIPS module is not affected as the QUIC code is
outside the FIPS module boundary.",vuln-scan,cve:CVE-2026-63075,httpd:2.4-alpine (alpine 3.24.1),,,"Upgrade libcrypto3 to a release that remediates CVE-2026-63075. This is a vulnerability finding, not a config-drift playbook.",2026-09-27,,2026-09-27,No,,,Low,,,,,,,"default, not verified",,,CVE-2026-63075,"cpg_2_B,csf_PR_PS_02,nist80053_SI-2,nist80053_RA-5,cis_7_3,cis_7_4,cis_7_7"
EGP-604FC92BDD,"SI-2, RA-5",openssl: QUIC ACK-only packet retention can cause memory exhaustion,"Issue summary: When OpenSSL processes QUIC traffic from a peer that repeatedly
sends ack-eliciting packets while not acknowledging ACK-only responses, the
QUIC stack can retain ACK-only packet metadata for the lifetime of the
connection.

Impact summary: A remote peer that can complete a QUIC handshake can
cause connection-scoped memory growth which may lead to Denial of Service
through memory exhaustion, especially with sustained traffic or many concurrent
QUIC connections.

CWE: CWE-770: Allocation of Resources Without Limits or Throttling

Description: When the OpenSSL QUIC stack sends an ACK-only packet,
there is no requirement by the QUIC protocol that the peer will acknowledge
that ACK-only packet (i.e. it is itself not ack-eliciting). However, the OpenSSL
implementation stores the metadata about the ACK frames regardless.
In and of itself that's ok, but if a malicious peer establishes a connection, and
then drives the connection such that ACK-only packets are forced from the 
OpenSSL implementation peer (i.e., by sending numerous PING frames),
and then withholding any subsequent acks for ack-eliciting data, like
legitimate data, said malicious peer can force inappropriate memory growth
on the OpenSSL peer, potentially leading to a Denial of Service.

The fix is to ensure that we account for the transmission of the ACK-only
packet in the packet histories high and low watermark without actually storing
the ACK-only packet metadata itself.

FIPS impact: no
The OpenSSL FIPS module is not affected as the QUIC code is
outside the FIPS module boundary.",vuln-scan,cve:CVE-2026-63075,postgres:16-alpine (alpine 3.24.1),,,"Upgrade libcrypto3 to a release that remediates CVE-2026-63075. This is a vulnerability finding, not a config-drift playbook.",2026-09-27,,2026-09-27,No,,,Low,,,,,,,"default, not verified",,,CVE-2026-63075,"cpg_2_B,csf_PR_PS_02,nist80053_SI-2,nist80053_RA-5,cis_7_3,cis_7_4,cis_7_7"
EGP-7352AFE1AD,"SI-2, RA-5",openssl: RPK server signature algorithm selection can dereference a missing certificate,"Issue summary: In a server or client configuration with RFC7250 Raw Public Keys (RPKs)
enabled, and only the private key (with no associated certificate) configured locally,
a NULL pointer dereference may occur when the remote peer solicits raw public keys and
also sends the typically omitted ""signature_algorithms_cert"" TLS extension.

Impact summary: The impact is limited to a possible Denial of Service as a result of
an application abort, no data disclosure or remote command execution are possible.

CWE: CWE-476: NULL Pointer Dereference

Description: While a passing comment in sample code in the documentation suggests
that key-only RPK configurations are supported, the best-practice RPK configuration
is to always configure a corresponding certificate (possibly self-signed or
signed by any convenient CA).

When the private key is configured along with a matching certificate, the
""signature_algorithms_cert"" extension is handled reliably even without the
fix, and peer clients or servers that don't support raw public keys may be
able to complete a TLS connection by pinning or verifying the corresponding
certificate or its public key.

Deployments that prefer to configure just a private key with no certificate
need to upgrade to an updated release as noted below.

FIPS impact: no

No FIPS modules are affected by this issue, as the SSL protocol implementation
is outside the OpenSSL FIPS module boundary.",vuln-scan,cve:CVE-2026-14457,httpd:2.4-alpine (alpine 3.24.1),,,"Upgrade libcrypto3 to a release that remediates CVE-2026-14457. This is a vulnerability finding, not a config-drift playbook.",2026-09-27,,2026-09-27,No,,,Low,,,,,,,"default, not verified",,,CVE-2026-14457,"cpg_2_B,csf_PR_PS_02,nist80053_SI-2,nist80053_RA-5,cis_7_3,cis_7_4,cis_7_7"
EGP-14237D7831,"SI-2, RA-5",openssl: RPK server signature algorithm selection can dereference a missing certificate,"Issue summary: In a server or client configuration with RFC7250 Raw Public Keys (RPKs)
enabled, and only the private key (with no associated certificate) configured locally,
a NULL pointer dereference may occur when the remote peer solicits raw public keys and
also sends the typically omitted ""signature_algorithms_cert"" TLS extension.

Impact summary: The impact is limited to a possible Denial of Service as a result of
an application abort, no data disclosure or remote command execution are possible.

CWE: CWE-476: NULL Pointer Dereference

Description: While a passing comment in sample code in the documentation suggests
that key-only RPK configurations are supported, the best-practice RPK configuration
is to always configure a corresponding certificate (possibly self-signed or
signed by any convenient CA).

When the private key is configured along with a matching certificate, the
""signature_algorithms_cert"" extension is handled reliably even without the
fix, and peer clients or servers that don't support raw public keys may be
able to complete a TLS connection by pinning or verifying the corresponding
certificate or its public key.

Deployments that prefer to configure just a private key with no certificate
need to upgrade to an updated release as noted below.

FIPS impact: no

No FIPS modules are affected by this issue, as the SSL protocol implementation
is outside the OpenSSL FIPS module boundary.",vuln-scan,cve:CVE-2026-14457,postgres:16-alpine (alpine 3.24.1),,,"Upgrade libcrypto3 to a release that remediates CVE-2026-14457. This is a vulnerability finding, not a config-drift playbook.",2026-09-27,,2026-09-27,No,,,Low,,,,,,,"default, not verified",,,CVE-2026-14457,"cpg_2_B,csf_PR_PS_02,nist80053_SI-2,nist80053_RA-5,cis_7_3,cis_7_4,cis_7_7"
EGP-50B52C849E,"SI-2, RA-5",openssl: excessive memory use buffering DTLS records for a future epoch,"Issue summary: Receiving a DTLS record for a future epoch while a handshake
is in progress causes OpenSSL to buffer far more memory than the record
itself requires.

Impact summary: A peer can use a small amount of network traffic to make an
OpenSSL DTLS endpoint retain a disproportionately large amount of memory,
which may lead to a Denial of Service.

CWE: CWE-405: Asymmetric Resource Consumption (Amplification)

Description: While a DTLS handshake is in progress, a peer may legitimately
have already moved on to the next epoch (for example, having sent its
ChangeCipherSpec and Finished messages) before the local endpoint has
processed the same transition, typically because of reordering on the
underlying UDP transport. OpenSSL buffers such early records so that they
can be processed once the local endpoint catches up.

Buffering a record currently retains the entire read buffer it arrived in,
which is sized to hold the largest possible DTLS record (around 16
kilobytes), rather than just the bytes that make up the record itself. Up
to 100 such records may be buffered per connection. As a result, a peer
that sends a stream of small forged records claiming to belong to the next
epoch can cause an OpenSSL DTLS endpoint to retain around 1.7 megabytes of
memory, despite sending only a small fraction of that amount of data over
the network.

An attacker therefore gains a memory amplification factor of around 1200,
and can multiply the effect across as many associations as it is able to
open, making this a remote memory exhaustion Denial of Service risk for
DTLS servers. Since the memory retained per connection remains bounded,
and any limit an application already places on the number of concurrent
associations also bounds the total exposure, this issue has been assessed
as Low severity.

FIPS impact: no

No FIPS modules are affected by this issue as the affected code is outside
the OpenSSL FIPS module boundary.

OpenSSL 4.0, 3.6, 3.5, 3.4, 3.0, 1.1.1 and 1.0.2 are vulnerable to this
issue.

OpenSSL 4.0 users should upgrade to OpenSSL 4.0.2.
OpenSSL 3.6 users should upgrade to OpenSSL 3.6.4.
OpenSSL 3.5 users should upgrade to OpenSSL 3.5.8.
OpenSSL 3.4 users should upgrade to OpenSSL 3.4.7.
OpenSSL 3.0 users should upgrade to OpenSSL 3.0.22.

Premium support customers only:
OpenSSL 1.1.1 users should upgrade to OpenSSL 1.1.1zi
OpenSSL 1.0.2 users should upgrade to OpenSSL 1.0.2zr

This issue was reported on 18 May 2026 by Amazon Web Services.
The fix has been developed by Matt Caswell.

-- cut (non-publishing metadata for internal use) --
Reported by: Amazon Web Services
Fixed by: Matt Caswell",vuln-scan,cve:CVE-2026-54874,httpd:2.4-alpine (alpine 3.24.1),,,"Upgrade libcrypto3 to a release that remediates CVE-2026-54874. This is a vulnerability finding, not a config-drift playbook.",2026-09-27,,2026-09-27,No,,,Low,,,,,,,"default, not verified",,,CVE-2026-54874,"cpg_2_B,csf_PR_PS_02,nist80053_SI-2,nist80053_RA-5,cis_7_3,cis_7_4,cis_7_7"
EGP-0926DB37D5,"SI-2, RA-5",openssl: excessive memory use buffering DTLS records for a future epoch,"Issue summary: Receiving a DTLS record for a future epoch while a handshake
is in progress causes OpenSSL to buffer far more memory than the record
itself requires.

Impact summary: A peer can use a small amount of network traffic to make an
OpenSSL DTLS endpoint retain a disproportionately large amount of memory,
which may lead to a Denial of Service.

CWE: CWE-405: Asymmetric Resource Consumption (Amplification)

Description: While a DTLS handshake is in progress, a peer may legitimately
have already moved on to the next epoch (for example, having sent its
ChangeCipherSpec and Finished messages) before the local endpoint has
processed the same transition, typically because of reordering on the
underlying UDP transport. OpenSSL buffers such early records so that they
can be processed once the local endpoint catches up.

Buffering a record currently retains the entire read buffer it arrived in,
which is sized to hold the largest possible DTLS record (around 16
kilobytes), rather than just the bytes that make up the record itself. Up
to 100 such records may be buffered per connection. As a result, a peer
that sends a stream of small forged records claiming to belong to the next
epoch can cause an OpenSSL DTLS endpoint to retain around 1.7 megabytes of
memory, despite sending only a small fraction of that amount of data over
the network.

An attacker therefore gains a memory amplification factor of around 1200,
and can multiply the effect across as many associations as it is able to
open, making this a remote memory exhaustion Denial of Service risk for
DTLS servers. Since the memory retained per connection remains bounded,
and any limit an application already places on the number of concurrent
associations also bounds the total exposure, this issue has been assessed
as Low severity.

FIPS impact: no

No FIPS modules are affected by this issue as the affected code is outside
the OpenSSL FIPS module boundary.

OpenSSL 4.0, 3.6, 3.5, 3.4, 3.0, 1.1.1 and 1.0.2 are vulnerable to this
issue.

OpenSSL 4.0 users should upgrade to OpenSSL 4.0.2.
OpenSSL 3.6 users should upgrade to OpenSSL 3.6.4.
OpenSSL 3.5 users should upgrade to OpenSSL 3.5.8.
OpenSSL 3.4 users should upgrade to OpenSSL 3.4.7.
OpenSSL 3.0 users should upgrade to OpenSSL 3.0.22.

Premium support customers only:
OpenSSL 1.1.1 users should upgrade to OpenSSL 1.1.1zi
OpenSSL 1.0.2 users should upgrade to OpenSSL 1.0.2zr

This issue was reported on 18 May 2026 by Amazon Web Services.
The fix has been developed by Matt Caswell.

-- cut (non-publishing metadata for internal use) --
Reported by: Amazon Web Services
Fixed by: Matt Caswell",vuln-scan,cve:CVE-2026-54874,postgres:16-alpine (alpine 3.24.1),,,"Upgrade libcrypto3 to a release that remediates CVE-2026-54874. This is a vulnerability finding, not a config-drift playbook.",2026-09-27,,2026-09-27,No,,,Low,,,,,,,"default, not verified",,,CVE-2026-54874,"cpg_2_B,csf_PR_PS_02,nist80053_SI-2,nist80053_RA-5,cis_7_3,cis_7_4,cis_7_7"
EGP-013024AB38,"SI-2, RA-5",openssl: incorrect SSLv2 rollback protection,"OpenSSL 1.0.2 supports SSLv2. If a client attempts to negotiate SSLv2 with a server that is configured to support both SSLv2 and more recent SSL and TLS versions then a check is made for a version rollback attack when unpadding an RSA signature. Clients that support SSL or TLS versions greater than SSLv2 are supposed to use a special form of padding. A server that supports greater than SSLv2 is supposed to reject connection attempts from a client where this special form of padding is present, because this indicates that a version rollback has occurred (i.e. both client and server support greater than SSLv2, and yet this is the version that is being requested). The implementation of this padding check inverted the logic so that the connection attempt is accepted if the padding is present, and rejected if it is absent. This means that such as server will accept a connection if a version rollback attack has occurred. Further the server will erroneously reject a connection if a normal SSLv2 connection attempt is made. Only OpenSSL 1.0.2 servers from version 1.0.2s to 1.0.2x are affected by this issue. In order to be vulnerable a 1.0.2 server must: 1) have configured SSLv2 support at compile time (this is off by default), 2) have configured SSLv2 support at runtime (this is off by default), 3) have configured SSLv2 ciphersuites (these are not in the default ciphersuite list) OpenSSL 1.1.1 does not have SSLv2 support and therefore is not vulnerable to this issue. The underlying error is in the implementation of the RSA_padding_check_SSLv23() function. This also affects the RSA_SSLV23_PADDING padding mode used by various other functions. Although 1.1.1 does not support SSLv2 the RSA_padding_check_SSLv23() function still exists, as does the RSA_SSLV23_PADDING padding mode. Applications that directly call that function or use that padding mode will encounter this issue. However since there is no support for the SSLv2 protocol in 1.1.1 this is considered a bug and not a security issue in that version. OpenSSL 1.0.2 is out of support and no longer receiving public updates. Premium support customers of OpenSSL 1.0.2 should upgrade to 1.0.2y. Other users should upgrade to 1.1.1j. Fixed in OpenSSL 1.0.2y (Affected 1.0.2s-1.0.2x).",vuln-scan,cve:CVE-2021-23839,dperson/samba:latest (alpine 3.12.0),,,"Upgrade libcrypto1.1 to a release that remediates CVE-2021-23839. This is a vulnerability finding, not a config-drift playbook.",2026-09-27,,2026-09-27,No,,,Low,,,,,,,"default, not verified",,,CVE-2021-23839,"cpg_2_B,csf_PR_PS_02,nist80053_SI-2,nist80053_RA-5,cis_7_3,cis_7_4,cis_7_7"
EGP-5524B04B64,"SI-2, RA-5",openssl: incorrect SSLv2 rollback protection,"OpenSSL 1.0.2 supports SSLv2. If a client attempts to negotiate SSLv2 with a server that is configured to support both SSLv2 and more recent SSL and TLS versions then a check is made for a version rollback attack when unpadding an RSA signature. Clients that support SSL or TLS versions greater than SSLv2 are supposed to use a special form of padding. A server that supports greater than SSLv2 is supposed to reject connection attempts from a client where this special form of padding is present, because this indicates that a version rollback has occurred (i.e. both client and server support greater than SSLv2, and yet this is the version that is being requested). The implementation of this padding check inverted the logic so that the connection attempt is accepted if the padding is present, and rejected if it is absent. This means that such as server will accept a connection if a version rollback attack has occurred. Further the server will erroneously reject a connection if a normal SSLv2 connection attempt is made. Only OpenSSL 1.0.2 servers from version 1.0.2s to 1.0.2x are affected by this issue. In order to be vulnerable a 1.0.2 server must: 1) have configured SSLv2 support at compile time (this is off by default), 2) have configured SSLv2 support at runtime (this is off by default), 3) have configured SSLv2 ciphersuites (these are not in the default ciphersuite list) OpenSSL 1.1.1 does not have SSLv2 support and therefore is not vulnerable to this issue. The underlying error is in the implementation of the RSA_padding_check_SSLv23() function. This also affects the RSA_SSLV23_PADDING padding mode used by various other functions. Although 1.1.1 does not support SSLv2 the RSA_padding_check_SSLv23() function still exists, as does the RSA_SSLV23_PADDING padding mode. Applications that directly call that function or use that padding mode will encounter this issue. However since there is no support for the SSLv2 protocol in 1.1.1 this is considered a bug and not a security issue in that version. OpenSSL 1.0.2 is out of support and no longer receiving public updates. Premium support customers of OpenSSL 1.0.2 should upgrade to 1.0.2y. Other users should upgrade to 1.1.1j. Fixed in OpenSSL 1.0.2y (Affected 1.0.2s-1.0.2x).",vuln-scan,cve:CVE-2021-23839,mailhog/mailhog:v1.0.1 (alpine 3.12.0),,,"Upgrade libcrypto1.1 to a release that remediates CVE-2021-23839. This is a vulnerability finding, not a config-drift playbook.",2026-09-27,,2026-09-27,No,,,Low,,,,,,,"default, not verified",,,CVE-2021-23839,"cpg_2_B,csf_PR_PS_02,nist80053_SI-2,nist80053_RA-5,cis_7_3,cis_7_4,cis_7_7"
EGP-3C9F0E22C3,"SI-2, RA-5",openssl: openssl: AEAD forgeries possible with empty ciphertext in EVP_Cipher(),"Issue summary: ChaCha20-Poly1305 and AES-OCB decryption with an empty
ciphertext can report success without verifying the supplied authentication
tag when the operation is finalized by calling the EVP_Cipher() function.

Impact summary: Applications calling EVP_Cipher() on an empty ciphertext and
expecting the call to check the AEAD tag may accept forged messages.

CWE: CWE-354 (Improper Validation of Integrity Check Value)

Description: The EVP_Cipher() API call for AEAD ciphers behaves like a one
shot encryption and decryption call. It also verifies the AEAD tag after the
decryption operation. However for AES-OCB and ChaCha20-Poly1305 ciphers
it skipped the AEAD tag verification when an empty ciphertext was passed to
the function. The callers of this function might believe that a successful
return indicates a valid AEAD tag for these ciphers, even when that has not
truly been validated in this case.

FIPS impact: no
The FIPS modules in 4.0, 3.6, 3.5, 3.4, and 3.0 are not affected by this CVE
as the affected algorithms are not FIPS approved and thus not implemented
in the FIPS module.",vuln-scan,cve:CVE-2026-75803,httpd:2.4-alpine (alpine 3.24.1),,,"Upgrade libcrypto3 to a release that remediates CVE-2026-75803. This is a vulnerability finding, not a config-drift playbook.",2026-09-27,,2026-09-27,No,,,Low,,,,,,,"default, not verified",,,CVE-2026-75803,"cpg_2_B,csf_PR_PS_02,nist80053_SI-2,nist80053_RA-5,cis_7_3,cis_7_4,cis_7_7"
EGP-542219701C,"SI-2, RA-5",openssl: openssl: AEAD forgeries possible with empty ciphertext in EVP_Cipher(),"Issue summary: ChaCha20-Poly1305 and AES-OCB decryption with an empty
ciphertext can report success without verifying the supplied authentication
tag when the operation is finalized by calling the EVP_Cipher() function.

Impact summary: Applications calling EVP_Cipher() on an empty ciphertext and
expecting the call to check the AEAD tag may accept forged messages.

CWE: CWE-354 (Improper Validation of Integrity Check Value)

Description: The EVP_Cipher() API call for AEAD ciphers behaves like a one
shot encryption and decryption call. It also verifies the AEAD tag after the
decryption operation. However for AES-OCB and ChaCha20-Poly1305 ciphers
it skipped the AEAD tag verification when an empty ciphertext was passed to
the function. The callers of this function might believe that a successful
return indicates a valid AEAD tag for these ciphers, even when that has not
truly been validated in this case.

FIPS impact: no
The FIPS modules in 4.0, 3.6, 3.5, 3.4, and 3.0 are not affected by this CVE
as the affected algorithms are not FIPS approved and thus not implemented
in the FIPS module.",vuln-scan,cve:CVE-2026-75803,nginx:1.27-alpine (alpine 3.21.3),,,"Upgrade libcrypto3 to a release that remediates CVE-2026-75803. This is a vulnerability finding, not a config-drift playbook.",2026-09-27,,2026-09-27,No,,,Low,,,,,,,"default, not verified",,,CVE-2026-75803,"cpg_2_B,csf_PR_PS_02,nist80053_SI-2,nist80053_RA-5,cis_7_3,cis_7_4,cis_7_7"
EGP-130EECE58F,"SI-2, RA-5",openssl: openssl: AEAD forgeries possible with empty ciphertext in EVP_Cipher(),"Issue summary: ChaCha20-Poly1305 and AES-OCB decryption with an empty
ciphertext can report success without verifying the supplied authentication
tag when the operation is finalized by calling the EVP_Cipher() function.

Impact summary: Applications calling EVP_Cipher() on an empty ciphertext and
expecting the call to check the AEAD tag may accept forged messages.

CWE: CWE-354 (Improper Validation of Integrity Check Value)

Description: The EVP_Cipher() API call for AEAD ciphers behaves like a one
shot encryption and decryption call. It also verifies the AEAD tag after the
decryption operation. However for AES-OCB and ChaCha20-Poly1305 ciphers
it skipped the AEAD tag verification when an empty ciphertext was passed to
the function. The callers of this function might believe that a successful
return indicates a valid AEAD tag for these ciphers, even when that has not
truly been validated in this case.

FIPS impact: no
The FIPS modules in 4.0, 3.6, 3.5, 3.4, and 3.0 are not affected by this CVE
as the affected algorithms are not FIPS approved and thus not implemented
in the FIPS module.",vuln-scan,cve:CVE-2026-75803,postgres:16-alpine (alpine 3.24.1),,,"Upgrade libcrypto3 to a release that remediates CVE-2026-75803. This is a vulnerability finding, not a config-drift playbook.",2026-09-27,,2026-09-27,No,,,Low,,,,,,,"default, not verified",,,CVE-2026-75803,"cpg_2_B,csf_PR_PS_02,nist80053_SI-2,nist80053_RA-5,cis_7_3,cis_7_4,cis_7_7"
EGP-F4B874FDA6,"SI-2, RA-5",openssl: openssl: AEAD forgeries possible with empty ciphertext in EVP_Cipher(),"Issue summary: ChaCha20-Poly1305 and AES-OCB decryption with an empty
ciphertext can report success without verifying the supplied authentication
tag when the operation is finalized by calling the EVP_Cipher() function.

Impact summary: Applications calling EVP_Cipher() on an empty ciphertext and
expecting the call to check the AEAD tag may accept forged messages.

CWE: CWE-354 (Improper Validation of Integrity Check Value)

Description: The EVP_Cipher() API call for AEAD ciphers behaves like a one
shot encryption and decryption call. It also verifies the AEAD tag after the
decryption operation. However for AES-OCB and ChaCha20-Poly1305 ciphers
it skipped the AEAD tag verification when an empty ciphertext was passed to
the function. The callers of this function might believe that a successful
return indicates a valid AEAD tag for these ciphers, even when that has not
truly been validated in this case.

FIPS impact: no
The FIPS modules in 4.0, 3.6, 3.5, 3.4, and 3.0 are not affected by this CVE
as the affected algorithms are not FIPS approved and thus not implemented
in the FIPS module.",vuln-scan,cve:CVE-2026-75803,redis:7-alpine (alpine 3.21.7),,,"Upgrade libcrypto3 to a release that remediates CVE-2026-75803. This is a vulnerability finding, not a config-drift playbook.",2026-09-27,,2026-09-27,No,,,Low,,,,,,,"default, not verified",,,CVE-2026-75803,"cpg_2_B,csf_PR_PS_02,nist80053_SI-2,nist80053_RA-5,cis_7_3,cis_7_4,cis_7_7"
EGP-78C299021E,"SI-2, RA-5",openssl: untrusted sender DN used as format string in CMP response validation,"Issue summary: OpenSSL CMP response validation passed an unexpected response
sender distinguished name directly as the format string to `ERR_raise_data()`.

Impact summary: A malicious or intercepted CMP endpoint can crash a CMP client
that enforces an expected sender or uses a pinned server certificate whose
subject becomes the default expected sender.

CWE: CWE-134 (Use of Externally-Controlled Format String)

Description: When validating a received CMP message, ossl_cmp_msg_check_update()
converts the peer-supplied sender distinguished name with X509_NAME_oneline()
and passes it directly as the format argument to ERR_raise_data(). Percent
characters survive the conversion, so a sender DN such as ""CN=%s%n"" reaches
BIO_vsnprintf() as an attacker-controlled format string with no matching variadic
arguments. This path is only reached when the caller configures an expected
sender or pins a server certificate, which is the normal configuration for a
CMP client validating server responses.

Since the attacker controls the format string but none of the variadic
arguments, such specifiers as %s and %n dereference or write through unrelated
stack contents and crash the client. The reliable consequence is a denial of
service, when the response comes from a malicious or intercepted CMP endpoint.
There is no controlled memory write, arbitrary-address read, or reliable path
to remote code execution.

FIPS impact: no

No FIPS modules are affected by this issue, as the CMP protocol
implementation is outside the OpenSSL FIPS module boundary.",vuln-scan,cve:CVE-2026-63073,httpd:2.4-alpine (alpine 3.24.1),,,"Upgrade libcrypto3 to a release that remediates CVE-2026-63073. This is a vulnerability finding, not a config-drift playbook.",2026-09-27,,2026-09-27,No,,,Low,,,,,,,"default, not verified",,,CVE-2026-63073,"cpg_2_B,csf_PR_PS_02,nist80053_SI-2,nist80053_RA-5,cis_7_3,cis_7_4,cis_7_7"
EGP-D5D6D4EDD9,"SI-2, RA-5",openssl: untrusted sender DN used as format string in CMP response validation,"Issue summary: OpenSSL CMP response validation passed an unexpected response
sender distinguished name directly as the format string to `ERR_raise_data()`.

Impact summary: A malicious or intercepted CMP endpoint can crash a CMP client
that enforces an expected sender or uses a pinned server certificate whose
subject becomes the default expected sender.

CWE: CWE-134 (Use of Externally-Controlled Format String)

Description: When validating a received CMP message, ossl_cmp_msg_check_update()
converts the peer-supplied sender distinguished name with X509_NAME_oneline()
and passes it directly as the format argument to ERR_raise_data(). Percent
characters survive the conversion, so a sender DN such as ""CN=%s%n"" reaches
BIO_vsnprintf() as an attacker-controlled format string with no matching variadic
arguments. This path is only reached when the caller configures an expected
sender or pins a server certificate, which is the normal configuration for a
CMP client validating server responses.

Since the attacker controls the format string but none of the variadic
arguments, such specifiers as %s and %n dereference or write through unrelated
stack contents and crash the client. The reliable consequence is a denial of
service, when the response comes from a malicious or intercepted CMP endpoint.
There is no controlled memory write, arbitrary-address read, or reliable path
to remote code execution.

FIPS impact: no

No FIPS modules are affected by this issue, as the CMP protocol
implementation is outside the OpenSSL FIPS module boundary.",vuln-scan,cve:CVE-2026-63073,nginx:1.27-alpine (alpine 3.21.3),,,"Upgrade libcrypto3 to a release that remediates CVE-2026-63073. This is a vulnerability finding, not a config-drift playbook.",2026-09-27,,2026-09-27,No,,,Low,,,,,,,"default, not verified",,,CVE-2026-63073,"cpg_2_B,csf_PR_PS_02,nist80053_SI-2,nist80053_RA-5,cis_7_3,cis_7_4,cis_7_7"
EGP-6C0C250D13,"SI-2, RA-5",openssl: untrusted sender DN used as format string in CMP response validation,"Issue summary: OpenSSL CMP response validation passed an unexpected response
sender distinguished name directly as the format string to `ERR_raise_data()`.

Impact summary: A malicious or intercepted CMP endpoint can crash a CMP client
that enforces an expected sender or uses a pinned server certificate whose
subject becomes the default expected sender.

CWE: CWE-134 (Use of Externally-Controlled Format String)

Description: When validating a received CMP message, ossl_cmp_msg_check_update()
converts the peer-supplied sender distinguished name with X509_NAME_oneline()
and passes it directly as the format argument to ERR_raise_data(). Percent
characters survive the conversion, so a sender DN such as ""CN=%s%n"" reaches
BIO_vsnprintf() as an attacker-controlled format string with no matching variadic
arguments. This path is only reached when the caller configures an expected
sender or pins a server certificate, which is the normal configuration for a
CMP client validating server responses.

Since the attacker controls the format string but none of the variadic
arguments, such specifiers as %s and %n dereference or write through unrelated
stack contents and crash the client. The reliable consequence is a denial of
service, when the response comes from a malicious or intercepted CMP endpoint.
There is no controlled memory write, arbitrary-address read, or reliable path
to remote code execution.

FIPS impact: no

No FIPS modules are affected by this issue, as the CMP protocol
implementation is outside the OpenSSL FIPS module boundary.",vuln-scan,cve:CVE-2026-63073,postgres:16-alpine (alpine 3.24.1),,,"Upgrade libcrypto3 to a release that remediates CVE-2026-63073. This is a vulnerability finding, not a config-drift playbook.",2026-09-27,,2026-09-27,No,,,Low,,,,,,,"default, not verified",,,CVE-2026-63073,"cpg_2_B,csf_PR_PS_02,nist80053_SI-2,nist80053_RA-5,cis_7_3,cis_7_4,cis_7_7"
EGP-D5462D2523,"SI-2, RA-5",openssl: untrusted sender DN used as format string in CMP response validation,"Issue summary: OpenSSL CMP response validation passed an unexpected response
sender distinguished name directly as the format string to `ERR_raise_data()`.

Impact summary: A malicious or intercepted CMP endpoint can crash a CMP client
that enforces an expected sender or uses a pinned server certificate whose
subject becomes the default expected sender.

CWE: CWE-134 (Use of Externally-Controlled Format String)

Description: When validating a received CMP message, ossl_cmp_msg_check_update()
converts the peer-supplied sender distinguished name with X509_NAME_oneline()
and passes it directly as the format argument to ERR_raise_data(). Percent
characters survive the conversion, so a sender DN such as ""CN=%s%n"" reaches
BIO_vsnprintf() as an attacker-controlled format string with no matching variadic
arguments. This path is only reached when the caller configures an expected
sender or pins a server certificate, which is the normal configuration for a
CMP client validating server responses.

Since the attacker controls the format string but none of the variadic
arguments, such specifiers as %s and %n dereference or write through unrelated
stack contents and crash the client. The reliable consequence is a denial of
service, when the response comes from a malicious or intercepted CMP endpoint.
There is no controlled memory write, arbitrary-address read, or reliable path
to remote code execution.

FIPS impact: no

No FIPS modules are affected by this issue, as the CMP protocol
implementation is outside the OpenSSL FIPS module boundary.",vuln-scan,cve:CVE-2026-63073,redis:7-alpine (alpine 3.21.7),,,"Upgrade libcrypto3 to a release that remediates CVE-2026-63073. This is a vulnerability finding, not a config-drift playbook.",2026-09-27,,2026-09-27,No,,,Low,,,,,,,"default, not verified",,,CVE-2026-63073,"cpg_2_B,csf_PR_PS_02,nist80053_SI-2,nist80053_RA-5,cis_7_3,cis_7_4,cis_7_7"
EGP-E9FC2C5E48,"SI-2, RA-5",os: FileInfo can escape from a Root in golang os module,"On Unix platforms, when listing the contents of a directory using File.ReadDir or File.Readdir the returned FileInfo could reference a file outside of the Root in which the File was opened. The impact of this escape is limited to reading metadata provided by lstat from arbitrary locations on the filesystem without permitting reading or writing files outside the root.",vuln-scan,cve:CVE-2026-27139,usr/local/bin/gosu,,,"Upgrade stdlib to a release that remediates CVE-2026-27139. This is a vulnerability finding, not a config-drift playbook.",2026-09-27,,2026-09-27,No,,,Low,,,,,,,"default, not verified",,,CVE-2026-27139,"cpg_2_B,csf_PR_PS_02,nist80053_SI-2,nist80053_RA-5,cis_7_3,cis_7_4,cis_7_7"
EGP-06D80D28EC,"SI-2, RA-5",os: FileInfo can escape from a Root in golang os module,"On Unix platforms, when listing the contents of a directory using File.ReadDir or File.Readdir the returned FileInfo could reference a file outside of the Root in which the File was opened. The impact of this escape is limited to reading metadata provided by lstat from arbitrary locations on the filesystem without permitting reading or writing files outside the root.",vuln-scan,cve:CVE-2026-27139,usr/local/go/pkg/tool/linux_amd64/vet,,,"Upgrade stdlib to a release that remediates CVE-2026-27139. This is a vulnerability finding, not a config-drift playbook.",2026-09-27,,2026-09-27,No,,,Low,,,,,,,"default, not verified",,,CVE-2026-27139,"cpg_2_B,csf_PR_PS_02,nist80053_SI-2,nist80053_RA-5,cis_7_3,cis_7_4,cis_7_7"
EGP-B816C35078,"SI-2, RA-5",os: FileInfo can escape from a Root in golang os module,"On Unix platforms, when listing the contents of a directory using File.ReadDir or File.Readdir the returned FileInfo could reference a file outside of the Root in which the File was opened. The impact of this escape is limited to reading metadata provided by lstat from arbitrary locations on the filesystem without permitting reading or writing files outside the root.",vuln-scan,cve:CVE-2026-27139,whoami,,,"Upgrade stdlib to a release that remediates CVE-2026-27139. This is a vulnerability finding, not a config-drift playbook.",2026-09-27,,2026-09-27,No,,,Low,,,,,,,"default, not verified",,,CVE-2026-27139,"cpg_2_B,csf_PR_PS_02,nist80053_SI-2,nist80053_RA-5,cis_7_3,cis_7_4,cis_7_7"
EGP-0B7FD75F53,"SI-2, RA-5",paramiko: Paramiko: Data integrity could be compromised due to SHA-1 algorithm use,"In Paramiko through 4.0.0 before a448945, rsakey.py allows the SHA-1 algorithm.",vuln-scan,cve:CVE-2026-44405,Python,,,"Upgrade paramiko to a release that remediates CVE-2026-44405. This is a vulnerability finding, not a config-drift playbook.",2026-09-27,,2026-09-27,No,,,Low,,,,,,,"default, not verified",,,CVE-2026-44405,"cpg_2_B,csf_PR_PS_02,nist80053_SI-2,nist80053_RA-5,cis_7_3,cis_7_4,cis_7_7"
EGP-C96DA90B75,"SI-2, RA-5",pcre2: PCRE2: Information disclosure via pcre2_serialize_encode,"In PCRE2 before 10.48, pcre2_serialize_encode might disclose two bytes to an adversary, typically in a situation where the access available to the adversary is already unsafe.",vuln-scan,cve:CVE-2026-89162,stilliard/pure-ftpd:latest (debian 13.6),,,"Upgrade libpcre2-8-0 to a release that remediates CVE-2026-89162. This is a vulnerability finding, not a config-drift playbook.",2026-09-27,,2026-09-27,No,,,Low,,,,,,,"default, not verified",,,CVE-2026-89162,"cpg_2_B,csf_PR_PS_02,nist80053_SI-2,nist80053_RA-5,cis_7_3,cis_7_4,cis_7_7"
EGP-5C55E8677A,"SI-2, RA-5",pcre2: negative repeat value in a pcre2test subject line leads to inifinite loop,Integer overflow vulnerability in pcre2test before 10.41 allows attackers to cause a denial of service or other unspecified impacts via negative input.,vuln-scan,cve:CVE-2022-41409,mongo:7 (ubuntu 22.04),,,"Upgrade libpcre2-8-0 to a release that remediates CVE-2022-41409. This is a vulnerability finding, not a config-drift playbook.",2026-09-27,,2026-09-27,No,,,Low,,,,,,,"default, not verified",,,CVE-2022-41409,"cpg_2_B,csf_PR_PS_02,nist80053_SI-2,nist80053_RA-5,cis_7_3,cis_7_4,cis_7_7"
EGP-B03BA37778,"SI-2, RA-5",perl: File:: Temp insecure temporary file handling,_is_safe in the File::Temp module for Perl does not properly handle symlinks.,vuln-scan,cve:CVE-2011-4116,stilliard/pure-ftpd:latest (debian 13.6),,,"Upgrade libperl5.40 to a release that remediates CVE-2011-4116. This is a vulnerability finding, not a config-drift playbook.",2026-09-27,,2026-09-27,No,,,Low,,,,,,,"default, not verified",,,CVE-2011-4116,"cpg_2_B,csf_PR_PS_02,nist80053_SI-2,nist80053_RA-5,cis_7_3,cis_7_4,cis_7_7"
EGP-DF75A87662,"SI-2, RA-5",pip: pip: Information disclosure via path traversal when installing crafted wheel archives,"When pip is installing and extracting a maliciously crafted wheel archive, files may be extracted outside the installation directory. The path traversal is limited to prefixes of the installation directory, thus isn't able to inject or overwrite executable files in typical situations.",vuln-scan,cve:CVE-2026-1703,Python,,,"Upgrade pip to a release that remediates CVE-2026-1703. This is a vulnerability finding, not a config-drift playbook.",2026-09-27,,2026-09-27,No,,,Low,,,,,,,"default, not verified",,,CVE-2026-1703,"cpg_2_B,csf_PR_PS_02,nist80053_SI-2,nist80053_RA-5,cis_7_3,cis_7_4,cis_7_7"
EGP-17B13BF499,"SI-2, RA-5",pure-ftpd before 1.0.52 is vulnerable to Buffer Overflow. There is an  ...,pure-ftpd before 1.0.52 is vulnerable to Buffer Overflow. There is an out of bounds read in the domlsd() function of the ls.c file.,vuln-scan,cve:CVE-2024-48208,stilliard/pure-ftpd:latest (debian 13.6),,,"Upgrade pure-ftpd to a release that remediates CVE-2024-48208. This is a vulnerability finding, not a config-drift playbook.",2026-09-27,,2026-09-27,No,,,Low,,,,,,,"default, not verified",,,CVE-2024-48208,"cpg_2_B,csf_PR_PS_02,nist80053_SI-2,nist80053_RA-5,cis_7_3,cis_7_4,cis_7_7"
EGP-9B49EFB1BC,"SI-2, RA-5",pyOpenSSL: TLS connection bypass via unhandled callback exception in set_tlsext_servername_callback,"pyOpenSSL is a Python wrapper around the OpenSSL library. Starting in version 0.14.0 and prior to version 26.0.0, if a user provided callback to `set_tlsext_servername_callback` raised an unhandled exception, this would result in a connection being accepted. If a user was relying on this callback for any security-sensitive behavior, this could allow bypassing it. Starting in version 26.0.0, unhandled exceptions now result in rejecting the connection.",vuln-scan,cve:CVE-2026-27448,Python,,,"Upgrade pyOpenSSL to a release that remediates CVE-2026-27448. This is a vulnerability finding, not a config-drift playbook.",2026-09-27,,2026-09-27,No,,,Low,,,,,,,"default, not verified",,,CVE-2026-27448,"cpg_2_B,csf_PR_PS_02,nist80053_SI-2,nist80053_RA-5,cis_7_3,cis_7_4,cis_7_7"
EGP-4EB2671A4F,"SI-2, RA-5",python-cryptography: Cryptography: Security bypass due to improper DNS name constraint validation,"cryptography is a package designed to expose cryptographic primitives and recipes to Python developers. Prior to version 46.0.6, DNS name constraints were only validated against SANs within child certificates, and not the ""peer name"" presented during each validation. Consequently, cryptography would allow a peer named bar.example.com to validate against a wildcard leaf certificate for *.example.com, even if the leaf's parent certificate (or upwards) contained an excluded subtree constraint for bar.example.com. This issue has been patched in version 46.0.6.",vuln-scan,cve:CVE-2026-34073,Python,,,"Upgrade cryptography to a release that remediates CVE-2026-34073. This is a vulnerability finding, not a config-drift playbook.",2026-09-27,,2026-09-27,No,,,Low,,,,,,,"default, not verified",,,CVE-2026-34073,"cpg_2_B,csf_PR_PS_02,nist80053_SI-2,nist80053_RA-5,cis_7_3,cis_7_4,cis_7_7"
EGP-5EEFDD127D,"SI-2, RA-5",rsyslog: Rsyslog: Denial of Service via heap buffer overflow in imhttp module,"Rsyslog is a rocket-fast system for log processing. From 8.2110.0 until 8.2604.0, the optional imhttp module's parse_auth_header function in contrib/imhttp/imhttp.c allocates a zero-byte heap buffer with calloc(0, len) when an HTTP Basic Authorization value exceeds its fixed work buffer, then passes that pointer to apr_base64_decode. An unauthenticated remote attacker can send an oversized encoded credential to an imhttp endpoint configured for Basic Authentication, causing decoded data to overwrite adjacent heap memory before credential validation. Deployments that do not install, load, and use imhttp with Basic Authentication are not affected. The demonstrated impact is a process crash that interrupts log collection, and code execution has not been demonstrated. This issue is fixed in version 8.2604.0.",vuln-scan,cve:CVE-2026-55556,stilliard/pure-ftpd:latest (debian 13.6),,,"Upgrade rsyslog to a release that remediates CVE-2026-55556. This is a vulnerability finding, not a config-drift playbook.",2026-09-27,,2026-09-27,No,,,Low,,,,,,,"default, not verified",,,CVE-2026-55556,"cpg_2_B,csf_PR_PS_02,nist80053_SI-2,nist80053_RA-5,cis_7_3,cis_7_4,cis_7_7"
EGP-6A18800339,"SI-2, RA-5",rsyslog: some log files are created world-readable,"rsyslog uses weak permissions for generating log files, which allows local users to obtain sensitive information by reading files in /var/log/cron.",vuln-scan,cve:CVE-2015-3243,stilliard/pure-ftpd:latest (debian 13.6),,,"Upgrade rsyslog to a release that remediates CVE-2015-3243. This is a vulnerability finding, not a config-drift playbook.",2026-09-27,,2026-09-27,No,,,Low,,,,,,,"default, not verified",,,CVE-2015-3243,"cpg_2_B,csf_PR_PS_02,nist80053_SI-2,nist80053_RA-5,cis_7_3,cis_7_4,cis_7_7"
EGP-C98B745410,"SI-2, RA-5",shadow-utils: Default subordinate ID configuration in /etc/login.defs could lead to compromise,"shadow-utils (aka shadow) 4.4 through 4.17.0 establishes a default /etc/subuid behavior (e.g., uid 100000 through 165535 for the first user account) that can realistically conflict with the uids of users defined on locally administered networks, potentially leading to account takeover, e.g., by leveraging newuidmap for access to an NFS home directory (or same-host resources in the case of remote logins by these local network users). NOTE: it may also be argued that system administrators should not have assigned uids, within local networks, that are within the range that can occur in /etc/subuid.",vuln-scan,cve:CVE-2024-56433,mongo:7 (ubuntu 22.04),,,"Upgrade login to a release that remediates CVE-2024-56433. This is a vulnerability finding, not a config-drift playbook.",2026-09-27,,2026-09-27,No,,,Low,,,,,,,"default, not verified",,,CVE-2024-56433,"cpg_2_B,csf_PR_PS_02,nist80053_SI-2,nist80053_RA-5,cis_7_3,cis_7_4,cis_7_7"
EGP-C76ED88EB3,"SI-2, RA-5",shadow-utils: Default subordinate ID configuration in /etc/login.defs could lead to compromise,"shadow-utils (aka shadow) 4.4 through 4.17.0 establishes a default /etc/subuid behavior (e.g., uid 100000 through 165535 for the first user account) that can realistically conflict with the uids of users defined on locally administered networks, potentially leading to account takeover, e.g., by leveraging newuidmap for access to an NFS home directory (or same-host resources in the case of remote logins by these local network users). NOTE: it may also be argued that system administrators should not have assigned uids, within local networks, that are within the range that can occur in /etc/subuid.",vuln-scan,cve:CVE-2024-56433,stilliard/pure-ftpd:latest (debian 13.6),,,"Upgrade login.defs to a release that remediates CVE-2024-56433. This is a vulnerability finding, not a config-drift playbook.",2026-09-27,,2026-09-27,No,,,Low,,,,,,,"default, not verified",,,CVE-2024-56433,"cpg_2_B,csf_PR_PS_02,nist80053_SI-2,nist80053_RA-5,cis_7_3,cis_7_4,cis_7_7"
EGP-65AEB3DBE3,"SI-2, RA-5",shadow: Improper input validation in shadow-utils package utility chfn,"In Shadow 4.13, it is possible to inject control characters into fields provided to the SUID program chfn (change finger). Although it is not possible to exploit this directly (e.g., adding a new user fails because \n is in the block list), it is possible to misrepresent the /etc/passwd file when viewed. Use of \r manipulations and Unicode characters to work around blocking of the : character make it possible to give the impression that a new user has been added. In other words, an adversary may be able to convince a system administrator to take the system offline (an indirect, social-engineered denial of service) by demonstrating that ""cat /etc/passwd"" shows a rogue user account.",vuln-scan,cve:CVE-2023-29383,mongo:7 (ubuntu 22.04),,,"Upgrade login to a release that remediates CVE-2023-29383. This is a vulnerability finding, not a config-drift playbook.",2026-09-27,,2026-09-27,No,,,Low,,,,,,,"default, not verified",,,CVE-2023-29383,"cpg_2_B,csf_PR_PS_02,nist80053_SI-2,nist80053_RA-5,cis_7_3,cis_7_4,cis_7_7"
EGP-06C050C0FC,"SI-2, RA-5",sqlite: SQLite: Information Disclosure via Crafted ZIP File,An information disclosure issue in the zipfileInflate function in the zipfile extension in SQLite v3.51.1 and earlier allows attackers to obtain heap memory via supplying a crafted ZIP file.,vuln-scan,cve:CVE-2025-70873,stilliard/pure-ftpd:latest (debian 13.6),,,"Upgrade libsqlite3-0 to a release that remediates CVE-2025-70873. This is a vulnerability finding, not a config-drift playbook.",2026-09-27,,2026-09-27,No,,,Low,,,,,,,"default, not verified",,,CVE-2025-70873,"cpg_2_B,csf_PR_PS_02,nist80053_SI-2,nist80053_RA-5,cis_7_3,cis_7_4,cis_7_7"
EGP-9313E00025,"SI-2, RA-5",sqlite: crafted SQL query allows a malicious user to obtain sensitive information,"A Memory Leak vulnerability exists in SQLite Project SQLite3 3.35.1 and 3.37.0 via maliciously crafted SQL Queries (made via editing the Database File), it is possible to query a record, and leak subsequent bytes of memory that extend beyond the record, which could let a malicious user obtain sensitive information. NOTE: The developer disputes this as a vulnerability stating that If you give SQLite a corrupted database file and submit a query against the database, it might read parts of the database that you did not intend or expect.",vuln-scan,cve:CVE-2021-45346,stilliard/pure-ftpd:latest (debian 13.6),,,"Upgrade libsqlite3-0 to a release that remediates CVE-2021-45346. This is a vulnerability finding, not a config-drift playbook.",2026-09-27,,2026-09-27,No,,,Low,,,,,,,"default, not verified",,,CVE-2021-45346,"cpg_2_B,csf_PR_PS_02,nist80053_SI-2,nist80053_RA-5,cis_7_3,cis_7_4,cis_7_7"
EGP-6906CBD51B,"SI-2, RA-5",systemd: TOCTOU race condition when updating file permissions and SELinux security contexts,"systemd, when updating file permissions, allows local users to change the permissions and SELinux security contexts for arbitrary files via a symlink attack on unspecified files.",vuln-scan,cve:CVE-2013-4392,stilliard/pure-ftpd:latest (debian 13.6),,,"Upgrade libsystemd0 to a release that remediates CVE-2013-4392. This is a vulnerability finding, not a config-drift playbook.",2026-09-27,,2026-09-27,No,,,Low,,,,,,,"default, not verified",,,CVE-2013-4392,"cpg_2_B,csf_PR_PS_02,nist80053_SI-2,nist80053_RA-5,cis_7_3,cis_7_4,cis_7_7"
EGP-5FA1586226,"SI-2, RA-5",systemd: systemd-journald: Unintended output to user terminals via logger command,"In systemd 259, systemd-journald can send ANSI escape sequences to the terminals of arbitrary users when a ""logger -p emerg"" command is executed, if ForwardToWall=yes is set.",vuln-scan,cve:CVE-2026-40228,mongo:7 (ubuntu 22.04),,,"Upgrade libsystemd0 to a release that remediates CVE-2026-40228. This is a vulnerability finding, not a config-drift playbook.",2026-09-27,,2026-09-27,No,,,Low,,,,,,,"default, not verified",,,CVE-2026-40228,"cpg_2_B,csf_PR_PS_02,nist80053_SI-2,nist80053_RA-5,cis_7_3,cis_7_4,cis_7_7"
EGP-463983672E,"SI-2, RA-5",systemd: systemd-journald: Unintended output to user terminals via logger command,"In systemd 259, systemd-journald can send ANSI escape sequences to the terminals of arbitrary users when a ""logger -p emerg"" command is executed, if ForwardToWall=yes is set.",vuln-scan,cve:CVE-2026-40228,stilliard/pure-ftpd:latest (debian 13.6),,,"Upgrade libsystemd0 to a release that remediates CVE-2026-40228. This is a vulnerability finding, not a config-drift playbook.",2026-09-27,,2026-09-27,No,,,Low,,,,,,,"default, not verified",,,CVE-2026-40228,"cpg_2_B,csf_PR_PS_02,nist80053_SI-2,nist80053_RA-5,cis_7_3,cis_7_4,cis_7_7"
EGP-33DD49CD36,"SI-2, RA-5",tar: does not properly warn the user when extracting setuid or setgid files,"Tar 1.15.1 does not properly warn the user when extracting setuid or setgid files, which may allow local users or remote attackers to gain privileges.",vuln-scan,cve:CVE-2005-2541,stilliard/pure-ftpd:latest (debian 13.6),,,"Upgrade tar to a release that remediates CVE-2005-2541. This is a vulnerability finding, not a config-drift playbook.",2026-09-27,,2026-09-27,No,,,Low,,,,,,,"default, not verified",,,CVE-2005-2541,"cpg_2_B,csf_PR_PS_02,nist80053_SI-2,nist80053_RA-5,cis_7_3,cis_7_4,cis_7_7"
EGP-10E102762A,"SI-2, RA-5",util-linux: partial disclosure of arbitrary files in chfn and chsh when compiled with libreadline,"A flaw was found in the util-linux chfn and chsh utilities when compiled with Readline support. The Readline library uses an ""INPUTRC"" environment variable to get a path to the library config file. When the library cannot parse the specified file, it prints an error message containing data from the file. This flaw allows an unprivileged user to read root-owned files, potentially leading to privilege escalation. This flaw affects util-linux versions prior to 2.37.4.",vuln-scan,cve:CVE-2022-0563,stilliard/pure-ftpd:latest (debian 13.6),,,"Upgrade bsdutils to a release that remediates CVE-2022-0563. This is a vulnerability finding, not a config-drift playbook.",2026-09-27,,2026-09-27,No,,,Low,,,,,,,"default, not verified",,,CVE-2022-0563,"cpg_2_B,csf_PR_PS_02,nist80053_SI-2,nist80053_RA-5,cis_7_3,cis_7_4,cis_7_7"
EGP-CA82ADC046,"SI-2, RA-5",zstd: mysql: buffer overrun in util.c,"A vulnerability was found in zstd v1.4.10, where an attacker can supply empty string as an argument to the command line tool to cause buffer overrun.",vuln-scan,cve:CVE-2022-4899,mongo:7 (ubuntu 22.04),,,"Upgrade libzstd1 to a release that remediates CVE-2022-4899. This is a vulnerability finding, not a config-drift playbook.",2026-09-27,,2026-09-27,No,,,Low,,,,,,,"default, not verified",,,CVE-2022-4899,"cpg_2_B,csf_PR_PS_02,nist80053_SI-2,nist80053_RA-5,cis_7_3,cis_7_4,cis_7_7"
